ISO-10303-21;
HEADER;
/* Generated by software containing ST-Developer
 * from STEP Tools, Inc. (www.steptools.com) 
 */
/* OPTION: using custom renumber hook */

FILE_DESCRIPTION(
/* description */ ('STEP AP214'),
/* implementation_level */ '2;1');

FILE_NAME(
/* name */ 'KSC321JLFS',
/* time_stamp */ '2025-10-10T04:56:44+02:00',
/* author */ ('License CC BY-ND 4.0'),
/* organization */ ('CADENAS'),
/* preprocessor_version */ 'ST-DEVELOPER v19.3',
/* originating_system */ 'PARTsolutions',
/* authorisation */ '  ');

FILE_SCHEMA (('AUTOMOTIVE_DESIGN {1 0 10303 214 3 1 1}'));
ENDSEC;

DATA;
#10=PROPERTY_DEFINITION_REPRESENTATION(#14,#12);
#11=PROPERTY_DEFINITION_REPRESENTATION(#15,#13);
#12=REPRESENTATION('',(#16),#7424);
#13=REPRESENTATION('',(#17),#7424);
#14=PROPERTY_DEFINITION('pmi validation property','',#7437);
#15=PROPERTY_DEFINITION('pmi validation property','',#7437);
#16=VALUE_REPRESENTATION_ITEM('number of annotations',COUNT_MEASURE(0.));
#17=VALUE_REPRESENTATION_ITEM('number of views',COUNT_MEASURE(0.));
#18=B_SPLINE_CURVE_WITH_KNOTS('',3,(#7332,#7333,#7334,#7335),
 .UNSPECIFIED.,.F.,.F.,(4,4),(0.,5.9859306080316E-5),.UNSPECIFIED.);
#19=B_SPLINE_CURVE_WITH_KNOTS('',3,(#7338,#7339,#7340,#7341),
 .UNSPECIFIED.,.F.,.F.,(4,4),(3.16386932113528E-19,5.98658063660165E-5),
 .UNSPECIFIED.);
#20=B_SPLINE_CURVE_WITH_KNOTS('',3,(#7343,#7344,#7345,#7346),
 .UNSPECIFIED.,.F.,.F.,(4,4),(1.7683321645493E-19,6.04637832838464E-5),
 .UNSPECIFIED.);
#21=B_SPLINE_CURVE_WITH_KNOTS('',3,(#7354,#7355,#7356,#7357),
 .UNSPECIFIED.,.F.,.F.,(4,4),(5.36385912837744E-19,6.04734623651041E-5),
 .UNSPECIFIED.);
#22=B_SPLINE_CURVE_WITH_KNOTS('',3,(#7359,#7360,#7361,#7362),
 .UNSPECIFIED.,.F.,.F.,(4,4),(3.64661210491014E-19,6.01818510410149E-5),
 .UNSPECIFIED.);
#23=B_SPLINE_CURVE_WITH_KNOTS('',3,(#7364,#7365,#7366,#7367),
 .UNSPECIFIED.,.F.,.F.,(4,4),(7.66646708341687E-20,6.1845988153178E-5),
 .UNSPECIFIED.);
#24=B_SPLINE_CURVE_WITH_KNOTS('',3,(#7375,#7376,#7377,#7378),
 .UNSPECIFIED.,.F.,.F.,(4,4),(0.,6.18699036237024E-5),.UNSPECIFIED.);
#25=B_SPLINE_CURVE_WITH_KNOTS('',3,(#7380,#7381,#7382,#7383),
 .UNSPECIFIED.,.F.,.F.,(4,4),(0.,6.01648595493306E-5),.UNSPECIFIED.);
#26=TOROIDAL_SURFACE('',#4844,1.275,0.0800000000000004);
#27=COLOUR_RGB('',0.949999988079071,0.949999988079071,0.949999988079071);
#28=COLOUR_RGB('',0.689999997615814,0.689999997615814,0.689999997615814);
#29=COLOUR_RGB('',0.75,0.75,0.75);
#30=CONTEXT_DEPENDENT_SHAPE_REPRESENTATION(#44,#7439);
#31=CONTEXT_DEPENDENT_SHAPE_REPRESENTATION(#45,#7441);
#32=CONTEXT_DEPENDENT_SHAPE_REPRESENTATION(#46,#7443);
#33=CONTEXT_DEPENDENT_SHAPE_REPRESENTATION(#47,#7445);
#34=CONTEXT_DEPENDENT_SHAPE_REPRESENTATION(#48,#7446);
#35=CONTEXT_DEPENDENT_SHAPE_REPRESENTATION(#49,#7447);
#36=CONTEXT_DEPENDENT_SHAPE_REPRESENTATION(#50,#7448);
#37=NEXT_ASSEMBLY_USAGE_OCCURRENCE('NAUO1','KSC3_body','KSC3_body',#7449,
#7450,'');
#38=NEXT_ASSEMBLY_USAGE_OCCURRENCE('NAUO2','KSC3_button','KSC3_button',
#7449,#7451,'');
#39=NEXT_ASSEMBLY_USAGE_OCCURRENCE('NAUO3','KSC3_cover','KSC3_cover',#7449,
#7452,'');
#40=NEXT_ASSEMBLY_USAGE_OCCURRENCE('NAUO4','KSC31J_pin','KSC31J_pin',#7449,
#7453,'');
#41=NEXT_ASSEMBLY_USAGE_OCCURRENCE('NAUO5','KSC31J_pin','KSC31J_pin',#7449,
#7453,'');
#42=NEXT_ASSEMBLY_USAGE_OCCURRENCE('NAUO6','KSC31J_pin','KSC31J_pin',#7449,
#7453,'');
#43=NEXT_ASSEMBLY_USAGE_OCCURRENCE('NAUO7','KSC31J_pin','KSC31J_pin',#7449,
#7453,'');
#44=(
REPRESENTATION_RELATIONSHIP(' ',' ',#4660,#4659)
REPRESENTATION_RELATIONSHIP_WITH_TRANSFORMATION(#51)
SHAPE_REPRESENTATION_RELATIONSHIP()
);
#45=(
REPRESENTATION_RELATIONSHIP(' ',' ',#4661,#4659)
REPRESENTATION_RELATIONSHIP_WITH_TRANSFORMATION(#52)
SHAPE_REPRESENTATION_RELATIONSHIP()
);
#46=(
REPRESENTATION_RELATIONSHIP(' ',' ',#4662,#4659)
REPRESENTATION_RELATIONSHIP_WITH_TRANSFORMATION(#53)
SHAPE_REPRESENTATION_RELATIONSHIP()
);
#47=(
REPRESENTATION_RELATIONSHIP(' ',' ',#4663,#4659)
REPRESENTATION_RELATIONSHIP_WITH_TRANSFORMATION(#54)
SHAPE_REPRESENTATION_RELATIONSHIP()
);
#48=(
REPRESENTATION_RELATIONSHIP(' ',' ',#4663,#4659)
REPRESENTATION_RELATIONSHIP_WITH_TRANSFORMATION(#55)
SHAPE_REPRESENTATION_RELATIONSHIP()
);
#49=(
REPRESENTATION_RELATIONSHIP(' ',' ',#4663,#4659)
REPRESENTATION_RELATIONSHIP_WITH_TRANSFORMATION(#56)
SHAPE_REPRESENTATION_RELATIONSHIP()
);
#50=(
REPRESENTATION_RELATIONSHIP(' ',' ',#4663,#4659)
REPRESENTATION_RELATIONSHIP_WITH_TRANSFORMATION(#57)
SHAPE_REPRESENTATION_RELATIONSHIP()
);
#51=ITEM_DEFINED_TRANSFORMATION(' ',' ',#4664,#4770);
#52=ITEM_DEFINED_TRANSFORMATION(' ',' ',#4664,#4847);
#53=ITEM_DEFINED_TRANSFORMATION(' ',' ',#4664,#4957);
#54=ITEM_DEFINED_TRANSFORMATION(' ',' ',#4664,#4986);
#55=ITEM_DEFINED_TRANSFORMATION(' ',' ',#4664,#4987);
#56=ITEM_DEFINED_TRANSFORMATION(' ',' ',#4664,#4988);
#57=ITEM_DEFINED_TRANSFORMATION(' ',' ',#4664,#4989);
#58=SHAPE_REPRESENTATION_RELATIONSHIP('','',#4660,#62);
#59=SHAPE_REPRESENTATION_RELATIONSHIP('','',#4661,#63);
#60=SHAPE_REPRESENTATION_RELATIONSHIP('','',#4662,#64);
#61=SHAPE_REPRESENTATION_RELATIONSHIP('','',#4663,#65);
#62=ADVANCED_BREP_SHAPE_REPRESENTATION('',(#4650),#7425);
#63=ADVANCED_BREP_SHAPE_REPRESENTATION('',(#4651),#7426);
#64=ADVANCED_BREP_SHAPE_REPRESENTATION('',(#4652),#7427);
#65=ADVANCED_BREP_SHAPE_REPRESENTATION('',(#4653),#7428);
#66=CONICAL_SURFACE('',#4756,0.355,0.347766987857016);
#67=CONICAL_SURFACE('',#4760,0.65,0.521834279814411);
#68=CONICAL_SURFACE('',#4763,0.8,0.52183427981441);
#69=CONICAL_SURFACE('',#4846,1.35480512402079,0.0698131700797732);
#70=CONICAL_SURFACE('',#4955,1.94358757281307,0.174532925199433);
#71=CONICAL_SURFACE('',#4956,1.35480512402079,0.0698131700797732);
#72=CYLINDRICAL_SURFACE('',#4726,0.6);
#73=CYLINDRICAL_SURFACE('',#4731,0.600000000000001);
#74=CYLINDRICAL_SURFACE('',#4732,0.6);
#75=CYLINDRICAL_SURFACE('',#4737,0.600000000000001);
#76=CYLINDRICAL_SURFACE('',#4741,0.54);
#77=CYLINDRICAL_SURFACE('',#4743,0.54);
#78=CYLINDRICAL_SURFACE('',#4749,0.54);
#79=CYLINDRICAL_SURFACE('',#4750,0.54);
#80=CYLINDRICAL_SURFACE('',#4766,0.75);
#81=CYLINDRICAL_SURFACE('',#4772,0.15);
#82=CYLINDRICAL_SURFACE('',#4776,0.150000000000002);
#83=CYLINDRICAL_SURFACE('',#4780,0.150000000000002);
#84=CYLINDRICAL_SURFACE('',#4785,0.15);
#85=CYLINDRICAL_SURFACE('',#4789,0.15);
#86=CYLINDRICAL_SURFACE('',#4794,0.150000000000002);
#87=CYLINDRICAL_SURFACE('',#4798,0.150000000000003);
#88=CYLINDRICAL_SURFACE('',#4802,0.150000000000001);
#89=CYLINDRICAL_SURFACE('',#4806,0.15);
#90=CYLINDRICAL_SURFACE('',#4810,0.150000000000002);
#91=CYLINDRICAL_SURFACE('',#4814,0.150000000000001);
#92=CYLINDRICAL_SURFACE('',#4819,0.15);
#93=CYLINDRICAL_SURFACE('',#4823,0.15);
#94=CYLINDRICAL_SURFACE('',#4828,0.150000000000002);
#95=CYLINDRICAL_SURFACE('',#4832,0.150000000000001);
#96=CYLINDRICAL_SURFACE('',#4836,0.15);
#97=CYLINDRICAL_SURFACE('',#4889,0.560000000000001);
#98=CYLINDRICAL_SURFACE('',#4892,0.5);
#99=CYLINDRICAL_SURFACE('',#4895,0.560000000000001);
#100=CYLINDRICAL_SURFACE('',#4903,0.2);
#101=CYLINDRICAL_SURFACE('',#4906,0.850000000000003);
#102=CYLINDRICAL_SURFACE('',#4909,0.2);
#103=CYLINDRICAL_SURFACE('',#4925,0.560000000000001);
#104=CYLINDRICAL_SURFACE('',#4928,0.5);
#105=CYLINDRICAL_SURFACE('',#4931,0.560000000000001);
#106=CYLINDRICAL_SURFACE('',#4939,0.2);
#107=CYLINDRICAL_SURFACE('',#4942,0.850000000000003);
#108=CYLINDRICAL_SURFACE('',#4945,0.2);
#109=CYLINDRICAL_SURFACE('',#4966,0.65);
#110=CYLINDRICAL_SURFACE('',#4969,0.4);
#111=CYLINDRICAL_SURFACE('',#4976,0.3);
#112=CYLINDRICAL_SURFACE('',#4981,0.100000000000001);
#113=CYLINDRICAL_SURFACE('',#4982,0.0999999999999996);
#114=CYLINDRICAL_SURFACE('',#4983,0.100000000000002);
#115=CYLINDRICAL_SURFACE('',#4984,0.100000000000001);
#116=LINE('',#6157,#623);
#117=LINE('',#6160,#624);
#118=LINE('',#6162,#625);
#119=LINE('',#6164,#626);
#120=LINE('',#6168,#627);
#121=LINE('',#6170,#628);
#122=LINE('',#6172,#629);
#123=LINE('',#6174,#630);
#124=LINE('',#6176,#631);
#125=LINE('',#6180,#632);
#126=LINE('',#6182,#633);
#127=LINE('',#6184,#634);
#128=LINE('',#6188,#635);
#129=LINE('',#6190,#636);
#130=LINE('',#6192,#637);
#131=LINE('',#6194,#638);
#132=LINE('',#6196,#639);
#133=LINE('',#6200,#640);
#134=LINE('',#6202,#641);
#135=LINE('',#6204,#642);
#136=LINE('',#6206,#643);
#137=LINE('',#6208,#644);
#138=LINE('',#6210,#645);
#139=LINE('',#6212,#646);
#140=LINE('',#6214,#647);
#141=LINE('',#6216,#648);
#142=LINE('',#6218,#649);
#143=LINE('',#6221,#650);
#144=LINE('',#6222,#651);
#145=LINE('',#6224,#652);
#146=LINE('',#6226,#653);
#147=LINE('',#6228,#654);
#148=LINE('',#6230,#655);
#149=LINE('',#6236,#656);
#150=LINE('',#6238,#657);
#151=LINE('',#6240,#658);
#152=LINE('',#6242,#659);
#153=LINE('',#6244,#660);
#154=LINE('',#6246,#661);
#155=LINE('',#6248,#662);
#156=LINE('',#6250,#663);
#157=LINE('',#6252,#664);
#158=LINE('',#6254,#665);
#159=LINE('',#6256,#666);
#160=LINE('',#6258,#667);
#161=LINE('',#6260,#668);
#162=LINE('',#6262,#669);
#163=LINE('',#6264,#670);
#164=LINE('',#6266,#671);
#165=LINE('',#6268,#672);
#166=LINE('',#6270,#673);
#167=LINE('',#6272,#674);
#168=LINE('',#6274,#675);
#169=LINE('',#6276,#676);
#170=LINE('',#6278,#677);
#171=LINE('',#6280,#678);
#172=LINE('',#6282,#679);
#173=LINE('',#6284,#680);
#174=LINE('',#6286,#681);
#175=LINE('',#6288,#682);
#176=LINE('',#6289,#683);
#177=LINE('',#6293,#684);
#178=LINE('',#6295,#685);
#179=LINE('',#6297,#686);
#180=LINE('',#6299,#687);
#181=LINE('',#6301,#688);
#182=LINE('',#6303,#689);
#183=LINE('',#6305,#690);
#184=LINE('',#6307,#691);
#185=LINE('',#6309,#692);
#186=LINE('',#6311,#693);
#187=LINE('',#6314,#694);
#188=LINE('',#6316,#695);
#189=LINE('',#6318,#696);
#190=LINE('',#6320,#697);
#191=LINE('',#6323,#698);
#192=LINE('',#6325,#699);
#193=LINE('',#6327,#700);
#194=LINE('',#6328,#701);
#195=LINE('',#6330,#702);
#196=LINE('',#6332,#703);
#197=LINE('',#6334,#704);
#198=LINE('',#6335,#705);
#199=LINE('',#6337,#706);
#200=LINE('',#6339,#707);
#201=LINE('',#6341,#708);
#202=LINE('',#6342,#709);
#203=LINE('',#6344,#710);
#204=LINE('',#6345,#711);
#205=LINE('',#6347,#712);
#206=LINE('',#6349,#713);
#207=LINE('',#6351,#714);
#208=LINE('',#6353,#715);
#209=LINE('',#6355,#716);
#210=LINE('',#6357,#717);
#211=LINE('',#6359,#718);
#212=LINE('',#6361,#719);
#213=LINE('',#6363,#720);
#214=LINE('',#6365,#721);
#215=LINE('',#6367,#722);
#216=LINE('',#6369,#723);
#217=LINE('',#6370,#724);
#218=LINE('',#6372,#725);
#219=LINE('',#6374,#726);
#220=LINE('',#6376,#727);
#221=LINE('',#6378,#728);
#222=LINE('',#6380,#729);
#223=LINE('',#6381,#730);
#224=LINE('',#6383,#731);
#225=LINE('',#6385,#732);
#226=LINE('',#6386,#733);
#227=LINE('',#6388,#734);
#228=LINE('',#6390,#735);
#229=LINE('',#6391,#736);
#230=LINE('',#6393,#737);
#231=LINE('',#6395,#738);
#232=LINE('',#6396,#739);
#233=LINE('',#6398,#740);
#234=LINE('',#6400,#741);
#235=LINE('',#6402,#742);
#236=LINE('',#6404,#743);
#237=LINE('',#6406,#744);
#238=LINE('',#6408,#745);
#239=LINE('',#6410,#746);
#240=LINE('',#6412,#747);
#241=LINE('',#6414,#748);
#242=LINE('',#6416,#749);
#243=LINE('',#6418,#750);
#244=LINE('',#6420,#751);
#245=LINE('',#6422,#752);
#246=LINE('',#6424,#753);
#247=LINE('',#6426,#754);
#248=LINE('',#6428,#755);
#249=LINE('',#6430,#756);
#250=LINE('',#6432,#757);
#251=LINE('',#6434,#758);
#252=LINE('',#6437,#759);
#253=LINE('',#6439,#760);
#254=LINE('',#6441,#761);
#255=LINE('',#6443,#762);
#256=LINE('',#6445,#763);
#257=LINE('',#6447,#764);
#258=LINE('',#6449,#765);
#259=LINE('',#6451,#766);
#260=LINE('',#6453,#767);
#261=LINE('',#6456,#768);
#262=LINE('',#6458,#769);
#263=LINE('',#6460,#770);
#264=LINE('',#6462,#771);
#265=LINE('',#6464,#772);
#266=LINE('',#6466,#773);
#267=LINE('',#6468,#774);
#268=LINE('',#6470,#775);
#269=LINE('',#6472,#776);
#270=LINE('',#6475,#777);
#271=LINE('',#6477,#778);
#272=LINE('',#6479,#779);
#273=LINE('',#6481,#780);
#274=LINE('',#6483,#781);
#275=LINE('',#6485,#782);
#276=LINE('',#6487,#783);
#277=LINE('',#6489,#784);
#278=LINE('',#6491,#785);
#279=LINE('',#6494,#786);
#280=LINE('',#6496,#787);
#281=LINE('',#6498,#788);
#282=LINE('',#6500,#789);
#283=LINE('',#6503,#790);
#284=LINE('',#6505,#791);
#285=LINE('',#6507,#792);
#286=LINE('',#6509,#793);
#287=LINE('',#6514,#794);
#288=LINE('',#6516,#795);
#289=LINE('',#6518,#796);
#290=LINE('',#6522,#797);
#291=LINE('',#6524,#798);
#292=LINE('',#6526,#799);
#293=LINE('',#6528,#800);
#294=LINE('',#6532,#801);
#295=LINE('',#6534,#802);
#296=LINE('',#6536,#803);
#297=LINE('',#6538,#804);
#298=LINE('',#6542,#805);
#299=LINE('',#6544,#806);
#300=LINE('',#6548,#807);
#301=LINE('',#6551,#808);
#302=LINE('',#6553,#809);
#303=LINE('',#6560,#810);
#304=LINE('',#6562,#811);
#305=LINE('',#6567,#812);
#306=LINE('',#6569,#813);
#307=LINE('',#6590,#814);
#308=LINE('',#6591,#815);
#309=LINE('',#6596,#816);
#310=LINE('',#6599,#817);
#311=LINE('',#6601,#818);
#312=LINE('',#6603,#819);
#313=LINE('',#6607,#820);
#314=LINE('',#6611,#821);
#315=LINE('',#6613,#822);
#316=LINE('',#6615,#823);
#317=LINE('',#6619,#824);
#318=LINE('',#6623,#825);
#319=LINE('',#6625,#826);
#320=LINE('',#6627,#827);
#321=LINE('',#6631,#828);
#322=LINE('',#6635,#829);
#323=LINE('',#6637,#830);
#324=LINE('',#6639,#831);
#325=LINE('',#6641,#832);
#326=LINE('',#6643,#833);
#327=LINE('',#6645,#834);
#328=LINE('',#6649,#835);
#329=LINE('',#6653,#836);
#330=LINE('',#6655,#837);
#331=LINE('',#6657,#838);
#332=LINE('',#6661,#839);
#333=LINE('',#6665,#840);
#334=LINE('',#6667,#841);
#335=LINE('',#6669,#842);
#336=LINE('',#6671,#843);
#337=LINE('',#6673,#844);
#338=LINE('',#6675,#845);
#339=LINE('',#6679,#846);
#340=LINE('',#6683,#847);
#341=LINE('',#6685,#848);
#342=LINE('',#6687,#849);
#343=LINE('',#6691,#850);
#344=LINE('',#6695,#851);
#345=LINE('',#6697,#852);
#346=LINE('',#6699,#853);
#347=LINE('',#6703,#854);
#348=LINE('',#6707,#855);
#349=LINE('',#6709,#856);
#350=LINE('',#6711,#857);
#351=LINE('',#6715,#858);
#352=LINE('',#6719,#859);
#353=LINE('',#6721,#860);
#354=LINE('',#6723,#861);
#355=LINE('',#6727,#862);
#356=LINE('',#6731,#863);
#357=LINE('',#6733,#864);
#358=LINE('',#6735,#865);
#359=LINE('',#6739,#866);
#360=LINE('',#6743,#867);
#361=LINE('',#6745,#868);
#362=LINE('',#6747,#869);
#363=LINE('',#6749,#870);
#364=LINE('',#6751,#871);
#365=LINE('',#6753,#872);
#366=LINE('',#6757,#873);
#367=LINE('',#6761,#874);
#368=LINE('',#6763,#875);
#369=LINE('',#6765,#876);
#370=LINE('',#6769,#877);
#371=LINE('',#6773,#878);
#372=LINE('',#6775,#879);
#373=LINE('',#6777,#880);
#374=LINE('',#6779,#881);
#375=LINE('',#6781,#882);
#376=LINE('',#6783,#883);
#377=LINE('',#6787,#884);
#378=LINE('',#6791,#885);
#379=LINE('',#6793,#886);
#380=LINE('',#6795,#887);
#381=LINE('',#6799,#888);
#382=LINE('',#6803,#889);
#383=LINE('',#6805,#890);
#384=LINE('',#6807,#891);
#385=LINE('',#6824,#892);
#386=LINE('',#6827,#893);
#387=LINE('',#6829,#894);
#388=LINE('',#6831,#895);
#389=LINE('',#6833,#896);
#390=LINE('',#6836,#897);
#391=LINE('',#6838,#898);
#392=LINE('',#6840,#899);
#393=LINE('',#6842,#900);
#394=LINE('',#6845,#901);
#395=LINE('',#6847,#902);
#396=LINE('',#6849,#903);
#397=LINE('',#6851,#904);
#398=LINE('',#6854,#905);
#399=LINE('',#6856,#906);
#400=LINE('',#6858,#907);
#401=LINE('',#6860,#908);
#402=LINE('',#6863,#909);
#403=LINE('',#6865,#910);
#404=LINE('',#6867,#911);
#405=LINE('',#6869,#912);
#406=LINE('',#6872,#913);
#407=LINE('',#6874,#914);
#408=LINE('',#6876,#915);
#409=LINE('',#6878,#916);
#410=LINE('',#6880,#917);
#411=LINE('',#6882,#918);
#412=LINE('',#6884,#919);
#413=LINE('',#6886,#920);
#414=LINE('',#6888,#921);
#415=LINE('',#6890,#922);
#416=LINE('',#6892,#923);
#417=LINE('',#6894,#924);
#418=LINE('',#6896,#925);
#419=LINE('',#6898,#926);
#420=LINE('',#6900,#927);
#421=LINE('',#6902,#928);
#422=LINE('',#6904,#929);
#423=LINE('',#6906,#930);
#424=LINE('',#6908,#931);
#425=LINE('',#6910,#932);
#426=LINE('',#6912,#933);
#427=LINE('',#6914,#934);
#428=LINE('',#6915,#935);
#429=LINE('',#6917,#936);
#430=LINE('',#6919,#937);
#431=LINE('',#6921,#938);
#432=LINE('',#6923,#939);
#433=LINE('',#6925,#940);
#434=LINE('',#6927,#941);
#435=LINE('',#6929,#942);
#436=LINE('',#6930,#943);
#437=LINE('',#6932,#944);
#438=LINE('',#6934,#945);
#439=LINE('',#6936,#946);
#440=LINE('',#6938,#947);
#441=LINE('',#6940,#948);
#442=LINE('',#6942,#949);
#443=LINE('',#6944,#950);
#444=LINE('',#6946,#951);
#445=LINE('',#6948,#952);
#446=LINE('',#6950,#953);
#447=LINE('',#6952,#954);
#448=LINE('',#6954,#955);
#449=LINE('',#6956,#956);
#450=LINE('',#6958,#957);
#451=LINE('',#6960,#958);
#452=LINE('',#6962,#959);
#453=LINE('',#6964,#960);
#454=LINE('',#6966,#961);
#455=LINE('',#6968,#962);
#456=LINE('',#6969,#963);
#457=LINE('',#6971,#964);
#458=LINE('',#6974,#965);
#459=LINE('',#6976,#966);
#460=LINE('',#6978,#967);
#461=LINE('',#6980,#968);
#462=LINE('',#6982,#969);
#463=LINE('',#6984,#970);
#464=LINE('',#6986,#971);
#465=LINE('',#6988,#972);
#466=LINE('',#6990,#973);
#467=LINE('',#6992,#974);
#468=LINE('',#6994,#975);
#469=LINE('',#6996,#976);
#470=LINE('',#6998,#977);
#471=LINE('',#7000,#978);
#472=LINE('',#7002,#979);
#473=LINE('',#7006,#980);
#474=LINE('',#7008,#981);
#475=LINE('',#7010,#982);
#476=LINE('',#7011,#983);
#477=LINE('',#7013,#984);
#478=LINE('',#7015,#985);
#479=LINE('',#7016,#986);
#480=LINE('',#7018,#987);
#481=LINE('',#7020,#988);
#482=LINE('',#7021,#989);
#483=LINE('',#7023,#990);
#484=LINE('',#7025,#991);
#485=LINE('',#7029,#992);
#486=LINE('',#7030,#993);
#487=LINE('',#7031,#994);
#488=LINE('',#7032,#995);
#489=LINE('',#7034,#996);
#490=LINE('',#7036,#997);
#491=LINE('',#7038,#998);
#492=LINE('',#7040,#999);
#493=LINE('',#7042,#1000);
#494=LINE('',#7046,#1001);
#495=LINE('',#7050,#1002);
#496=LINE('',#7054,#1003);
#497=LINE('',#7056,#1004);
#498=LINE('',#7058,#1005);
#499=LINE('',#7060,#1006);
#500=LINE('',#7061,#1007);
#501=LINE('',#7063,#1008);
#502=LINE('',#7067,#1009);
#503=LINE('',#7071,#1010);
#504=LINE('',#7075,#1011);
#505=LINE('',#7077,#1012);
#506=LINE('',#7079,#1013);
#507=LINE('',#7081,#1014);
#508=LINE('',#7083,#1015);
#509=LINE('',#7085,#1016);
#510=LINE('',#7089,#1017);
#511=LINE('',#7091,#1018);
#512=LINE('',#7093,#1019);
#513=LINE('',#7097,#1020);
#514=LINE('',#7099,#1021);
#515=LINE('',#7101,#1022);
#516=LINE('',#7105,#1023);
#517=LINE('',#7107,#1024);
#518=LINE('',#7109,#1025);
#519=LINE('',#7111,#1026);
#520=LINE('',#7113,#1027);
#521=LINE('',#7115,#1028);
#522=LINE('',#7117,#1029);
#523=LINE('',#7119,#1030);
#524=LINE('',#7121,#1031);
#525=LINE('',#7123,#1032);
#526=LINE('',#7125,#1033);
#527=LINE('',#7127,#1034);
#528=LINE('',#7131,#1035);
#529=LINE('',#7133,#1036);
#530=LINE('',#7135,#1037);
#531=LINE('',#7139,#1038);
#532=LINE('',#7141,#1039);
#533=LINE('',#7143,#1040);
#534=LINE('',#7147,#1041);
#535=LINE('',#7149,#1042);
#536=LINE('',#7151,#1043);
#537=LINE('',#7153,#1044);
#538=LINE('',#7155,#1045);
#539=LINE('',#7157,#1046);
#540=LINE('',#7159,#1047);
#541=LINE('',#7162,#1048);
#542=LINE('',#7164,#1049);
#543=LINE('',#7168,#1050);
#544=LINE('',#7172,#1051);
#545=LINE('',#7176,#1052);
#546=LINE('',#7178,#1053);
#547=LINE('',#7179,#1054);
#548=LINE('',#7181,#1055);
#549=LINE('',#7183,#1056);
#550=LINE('',#7185,#1057);
#551=LINE('',#7189,#1058);
#552=LINE('',#7193,#1059);
#553=LINE('',#7197,#1060);
#554=LINE('',#7199,#1061);
#555=LINE('',#7201,#1062);
#556=LINE('',#7203,#1063);
#557=LINE('',#7205,#1064);
#558=LINE('',#7207,#1065);
#559=LINE('',#7209,#1066);
#560=LINE('',#7211,#1067);
#561=LINE('',#7215,#1068);
#562=LINE('',#7217,#1069);
#563=LINE('',#7219,#1070);
#564=LINE('',#7223,#1071);
#565=LINE('',#7225,#1072);
#566=LINE('',#7227,#1073);
#567=LINE('',#7231,#1074);
#568=LINE('',#7233,#1075);
#569=LINE('',#7235,#1076);
#570=LINE('',#7237,#1077);
#571=LINE('',#7239,#1078);
#572=LINE('',#7241,#1079);
#573=LINE('',#7243,#1080);
#574=LINE('',#7245,#1081);
#575=LINE('',#7247,#1082);
#576=LINE('',#7249,#1083);
#577=LINE('',#7251,#1084);
#578=LINE('',#7253,#1085);
#579=LINE('',#7257,#1086);
#580=LINE('',#7259,#1087);
#581=LINE('',#7261,#1088);
#582=LINE('',#7265,#1089);
#583=LINE('',#7267,#1090);
#584=LINE('',#7269,#1091);
#585=LINE('',#7273,#1092);
#586=LINE('',#7275,#1093);
#587=LINE('',#7277,#1094);
#588=LINE('',#7279,#1095);
#589=LINE('',#7281,#1096);
#590=LINE('',#7283,#1097);
#591=LINE('',#7285,#1098);
#592=LINE('',#7287,#1099);
#593=LINE('',#7298,#1100);
#594=LINE('',#7303,#1101);
#595=LINE('',#7307,#1102);
#596=LINE('',#7309,#1103);
#597=LINE('',#7311,#1104);
#598=LINE('',#7315,#1105);
#599=LINE('',#7320,#1106);
#600=LINE('',#7322,#1107);
#601=LINE('',#7324,#1108);
#602=LINE('',#7328,#1109);
#603=LINE('',#7337,#1110);
#604=LINE('',#7350,#1111);
#605=LINE('',#7371,#1112);
#606=LINE('',#7384,#1113);
#607=LINE('',#7386,#1114);
#608=LINE('',#7388,#1115);
#609=LINE('',#7390,#1116);
#610=LINE('',#7392,#1117);
#611=LINE('',#7394,#1118);
#612=LINE('',#7396,#1119);
#613=LINE('',#7398,#1120);
#614=LINE('',#7399,#1121);
#615=LINE('',#7401,#1122);
#616=LINE('',#7402,#1123);
#617=LINE('',#7404,#1124);
#618=LINE('',#7405,#1125);
#619=LINE('',#7410,#1126);
#620=LINE('',#7412,#1127);
#621=LINE('',#7415,#1128);
#622=LINE('',#7417,#1129);
#623=VECTOR('',#5000,1000.);
#624=VECTOR('',#5001,1000.);
#625=VECTOR('',#5002,1000.);
#626=VECTOR('',#5003,1000.);
#627=VECTOR('',#5006,1000.);
#628=VECTOR('',#5007,1000.);
#629=VECTOR('',#5008,1000.);
#630=VECTOR('',#5009,1000.);
#631=VECTOR('',#5010,1000.);
#632=VECTOR('',#5013,1000.);
#633=VECTOR('',#5014,1000.);
#634=VECTOR('',#5015,1000.);
#635=VECTOR('',#5018,1000.);
#636=VECTOR('',#5019,1000.);
#637=VECTOR('',#5020,1000.);
#638=VECTOR('',#5021,1000.);
#639=VECTOR('',#5022,1000.);
#640=VECTOR('',#5025,1000.);
#641=VECTOR('',#5026,1000.);
#642=VECTOR('',#5027,1000.);
#643=VECTOR('',#5030,1000.);
#644=VECTOR('',#5031,1000.);
#645=VECTOR('',#5032,1000.);
#646=VECTOR('',#5035,1000.);
#647=VECTOR('',#5036,1000.);
#648=VECTOR('',#5037,1000.);
#649=VECTOR('',#5040,1000.);
#650=VECTOR('',#5041,1000.);
#651=VECTOR('',#5042,1000.);
#652=VECTOR('',#5045,1000.);
#653=VECTOR('',#5046,1000.);
#654=VECTOR('',#5047,1000.);
#655=VECTOR('',#5050,1000.);
#656=VECTOR('',#5055,1000.);
#657=VECTOR('',#5056,1000.);
#658=VECTOR('',#5057,1000.);
#659=VECTOR('',#5058,1000.);
#660=VECTOR('',#5059,1000.);
#661=VECTOR('',#5060,1000.);
#662=VECTOR('',#5061,1000.);
#663=VECTOR('',#5062,1000.);
#664=VECTOR('',#5063,1000.);
#665=VECTOR('',#5064,1000.);
#666=VECTOR('',#5067,1000.);
#667=VECTOR('',#5068,1000.);
#668=VECTOR('',#5069,1000.);
#669=VECTOR('',#5070,1000.);
#670=VECTOR('',#5071,1000.);
#671=VECTOR('',#5072,1000.);
#672=VECTOR('',#5073,1000.);
#673=VECTOR('',#5074,1000.);
#674=VECTOR('',#5075,1000.);
#675=VECTOR('',#5076,1000.);
#676=VECTOR('',#5077,1000.);
#677=VECTOR('',#5078,1000.);
#678=VECTOR('',#5079,1000.);
#679=VECTOR('',#5080,1000.);
#680=VECTOR('',#5081,1000.);
#681=VECTOR('',#5082,1000.);
#682=VECTOR('',#5083,1000.);
#683=VECTOR('',#5084,1000.);
#684=VECTOR('',#5089,1000.);
#685=VECTOR('',#5090,1000.);
#686=VECTOR('',#5091,1000.);
#687=VECTOR('',#5092,1000.);
#688=VECTOR('',#5093,1000.);
#689=VECTOR('',#5094,1000.);
#690=VECTOR('',#5095,1000.);
#691=VECTOR('',#5096,1000.);
#692=VECTOR('',#5097,1000.);
#693=VECTOR('',#5098,1000.);
#694=VECTOR('',#5103,1000.);
#695=VECTOR('',#5104,1000.);
#696=VECTOR('',#5105,1000.);
#697=VECTOR('',#5108,1000.);
#698=VECTOR('',#5109,1000.);
#699=VECTOR('',#5110,1000.);
#700=VECTOR('',#5111,1000.);
#701=VECTOR('',#5112,1000.);
#702=VECTOR('',#5113,1000.);
#703=VECTOR('',#5114,1000.);
#704=VECTOR('',#5117,1000.);
#705=VECTOR('',#5118,1000.);
#706=VECTOR('',#5121,1000.);
#707=VECTOR('',#5122,1000.);
#708=VECTOR('',#5123,1000.);
#709=VECTOR('',#5124,1000.);
#710=VECTOR('',#5125,1000.);
#711=VECTOR('',#5126,1000.);
#712=VECTOR('',#5127,1000.);
#713=VECTOR('',#5128,1000.);
#714=VECTOR('',#5129,1000.);
#715=VECTOR('',#5130,1000.);
#716=VECTOR('',#5131,1000.);
#717=VECTOR('',#5132,1000.);
#718=VECTOR('',#5133,1000.);
#719=VECTOR('',#5134,1000.);
#720=VECTOR('',#5135,1000.);
#721=VECTOR('',#5136,1000.);
#722=VECTOR('',#5137,1000.);
#723=VECTOR('',#5138,1000.);
#724=VECTOR('',#5139,1000.);
#725=VECTOR('',#5140,1000.);
#726=VECTOR('',#5143,1000.);
#727=VECTOR('',#5144,1000.);
#728=VECTOR('',#5145,1000.);
#729=VECTOR('',#5146,1000.);
#730=VECTOR('',#5147,1000.);
#731=VECTOR('',#5148,1000.);
#732=VECTOR('',#5149,1000.);
#733=VECTOR('',#5150,1000.);
#734=VECTOR('',#5151,1000.);
#735=VECTOR('',#5152,1000.);
#736=VECTOR('',#5153,1000.);
#737=VECTOR('',#5154,1000.);
#738=VECTOR('',#5155,1000.);
#739=VECTOR('',#5156,1000.);
#740=VECTOR('',#5157,1000.);
#741=VECTOR('',#5160,1000.);
#742=VECTOR('',#5161,1000.);
#743=VECTOR('',#5164,1000.);
#744=VECTOR('',#5165,1000.);
#745=VECTOR('',#5166,1000.);
#746=VECTOR('',#5167,1000.);
#747=VECTOR('',#5168,1000.);
#748=VECTOR('',#5169,1000.);
#749=VECTOR('',#5172,1000.);
#750=VECTOR('',#5175,1000.);
#751=VECTOR('',#5176,1000.);
#752=VECTOR('',#5177,1000.);
#753=VECTOR('',#5178,1000.);
#754=VECTOR('',#5179,1000.);
#755=VECTOR('',#5182,1000.);
#756=VECTOR('',#5185,1000.);
#757=VECTOR('',#5188,1000.);
#758=VECTOR('',#5191,1000.);
#759=VECTOR('',#5196,1000.);
#760=VECTOR('',#5197,1000.);
#761=VECTOR('',#5198,1000.);
#762=VECTOR('',#5199,1000.);
#763=VECTOR('',#5200,1000.);
#764=VECTOR('',#5203,1000.);
#765=VECTOR('',#5206,1000.);
#766=VECTOR('',#5209,1000.);
#767=VECTOR('',#5212,1000.);
#768=VECTOR('',#5217,1000.);
#769=VECTOR('',#5218,1000.);
#770=VECTOR('',#5221,1000.);
#771=VECTOR('',#5222,1000.);
#772=VECTOR('',#5225,1000.);
#773=VECTOR('',#5226,1000.);
#774=VECTOR('',#5229,1000.);
#775=VECTOR('',#5230,1000.);
#776=VECTOR('',#5233,1000.);
#777=VECTOR('',#5238,1000.);
#778=VECTOR('',#5239,1000.);
#779=VECTOR('',#5240,1000.);
#780=VECTOR('',#5241,1000.);
#781=VECTOR('',#5242,1000.);
#782=VECTOR('',#5245,1000.);
#783=VECTOR('',#5248,1000.);
#784=VECTOR('',#5251,1000.);
#785=VECTOR('',#5254,1000.);
#786=VECTOR('',#5259,1000.);
#787=VECTOR('',#5262,1000.);
#788=VECTOR('',#5265,1000.);
#789=VECTOR('',#5268,1000.);
#790=VECTOR('',#5273,1000.);
#791=VECTOR('',#5276,1000.);
#792=VECTOR('',#5279,1000.);
#793=VECTOR('',#5282,1000.);
#794=VECTOR('',#5289,1000.);
#795=VECTOR('',#5292,1000.);
#796=VECTOR('',#5293,1000.);
#797=VECTOR('',#5298,1000.);
#798=VECTOR('',#5299,1000.);
#799=VECTOR('',#5302,1000.);
#800=VECTOR('',#5305,1000.);
#801=VECTOR('',#5310,1000.);
#802=VECTOR('',#5311,1000.);
#803=VECTOR('',#5314,1000.);
#804=VECTOR('',#5315,1000.);
#805=VECTOR('',#5320,1000.);
#806=VECTOR('',#5323,1000.);
#807=VECTOR('',#5328,1000.);
#808=VECTOR('',#5333,1000.);
#809=VECTOR('',#5334,1000.);
#810=VECTOR('',#5345,1000.);
#811=VECTOR('',#5348,1000.);
#812=VECTOR('',#5355,1000.);
#813=VECTOR('',#5358,1000.);
#814=VECTOR('',#5389,1000.);
#815=VECTOR('',#5390,1000.);
#816=VECTOR('',#5399,1000.);
#817=VECTOR('',#5400,1000.);
#818=VECTOR('',#5401,1000.);
#819=VECTOR('',#5402,1000.);
#820=VECTOR('',#5407,1000.);
#821=VECTOR('',#5412,1000.);
#822=VECTOR('',#5413,1000.);
#823=VECTOR('',#5414,1000.);
#824=VECTOR('',#5419,1000.);
#825=VECTOR('',#5424,1000.);
#826=VECTOR('',#5425,1000.);
#827=VECTOR('',#5426,1000.);
#828=VECTOR('',#5431,1000.);
#829=VECTOR('',#5436,1000.);
#830=VECTOR('',#5437,1000.);
#831=VECTOR('',#5438,1000.);
#832=VECTOR('',#5441,1000.);
#833=VECTOR('',#5442,1000.);
#834=VECTOR('',#5443,1000.);
#835=VECTOR('',#5448,1000.);
#836=VECTOR('',#5453,1000.);
#837=VECTOR('',#5454,1000.);
#838=VECTOR('',#5455,1000.);
#839=VECTOR('',#5460,1000.);
#840=VECTOR('',#5465,1000.);
#841=VECTOR('',#5466,1000.);
#842=VECTOR('',#5467,1000.);
#843=VECTOR('',#5470,1000.);
#844=VECTOR('',#5471,1000.);
#845=VECTOR('',#5472,1000.);
#846=VECTOR('',#5477,1000.);
#847=VECTOR('',#5482,1000.);
#848=VECTOR('',#5483,1000.);
#849=VECTOR('',#5484,1000.);
#850=VECTOR('',#5489,1000.);
#851=VECTOR('',#5494,1000.);
#852=VECTOR('',#5495,1000.);
#853=VECTOR('',#5496,1000.);
#854=VECTOR('',#5501,1000.);
#855=VECTOR('',#5506,1000.);
#856=VECTOR('',#5507,1000.);
#857=VECTOR('',#5508,1000.);
#858=VECTOR('',#5513,1000.);
#859=VECTOR('',#5518,1000.);
#860=VECTOR('',#5519,1000.);
#861=VECTOR('',#5520,1000.);
#862=VECTOR('',#5525,1000.);
#863=VECTOR('',#5530,1000.);
#864=VECTOR('',#5531,1000.);
#865=VECTOR('',#5532,1000.);
#866=VECTOR('',#5537,1000.);
#867=VECTOR('',#5542,1000.);
#868=VECTOR('',#5543,1000.);
#869=VECTOR('',#5544,1000.);
#870=VECTOR('',#5547,1000.);
#871=VECTOR('',#5548,1000.);
#872=VECTOR('',#5549,1000.);
#873=VECTOR('',#5554,1000.);
#874=VECTOR('',#5559,1000.);
#875=VECTOR('',#5560,1000.);
#876=VECTOR('',#5561,1000.);
#877=VECTOR('',#5566,1000.);
#878=VECTOR('',#5571,1000.);
#879=VECTOR('',#5572,1000.);
#880=VECTOR('',#5573,1000.);
#881=VECTOR('',#5576,1000.);
#882=VECTOR('',#5577,1000.);
#883=VECTOR('',#5578,1000.);
#884=VECTOR('',#5583,1000.);
#885=VECTOR('',#5588,1000.);
#886=VECTOR('',#5589,1000.);
#887=VECTOR('',#5590,1000.);
#888=VECTOR('',#5595,1000.);
#889=VECTOR('',#5600,1000.);
#890=VECTOR('',#5601,1000.);
#891=VECTOR('',#5602,1000.);
#892=VECTOR('',#5629,1000.);
#893=VECTOR('',#5630,1000.);
#894=VECTOR('',#5631,1000.);
#895=VECTOR('',#5632,1000.);
#896=VECTOR('',#5635,1000.);
#897=VECTOR('',#5636,1000.);
#898=VECTOR('',#5637,1000.);
#899=VECTOR('',#5638,1000.);
#900=VECTOR('',#5641,1000.);
#901=VECTOR('',#5642,1000.);
#902=VECTOR('',#5643,1000.);
#903=VECTOR('',#5644,1000.);
#904=VECTOR('',#5647,1000.);
#905=VECTOR('',#5648,1000.);
#906=VECTOR('',#5649,1000.);
#907=VECTOR('',#5650,1000.);
#908=VECTOR('',#5653,1000.);
#909=VECTOR('',#5654,1000.);
#910=VECTOR('',#5655,1000.);
#911=VECTOR('',#5656,1000.);
#912=VECTOR('',#5659,1000.);
#913=VECTOR('',#5660,1000.);
#914=VECTOR('',#5661,1000.);
#915=VECTOR('',#5662,1000.);
#916=VECTOR('',#5665,1000.);
#917=VECTOR('',#5666,1000.);
#918=VECTOR('',#5667,1000.);
#919=VECTOR('',#5670,1000.);
#920=VECTOR('',#5671,1000.);
#921=VECTOR('',#5672,1000.);
#922=VECTOR('',#5675,1000.);
#923=VECTOR('',#5676,1000.);
#924=VECTOR('',#5677,1000.);
#925=VECTOR('',#5680,1000.);
#926=VECTOR('',#5681,1000.);
#927=VECTOR('',#5682,1000.);
#928=VECTOR('',#5685,1000.);
#929=VECTOR('',#5686,1000.);
#930=VECTOR('',#5687,1000.);
#931=VECTOR('',#5690,1000.);
#932=VECTOR('',#5691,1000.);
#933=VECTOR('',#5692,1000.);
#934=VECTOR('',#5695,1000.);
#935=VECTOR('',#5696,1000.);
#936=VECTOR('',#5699,1000.);
#937=VECTOR('',#5700,1000.);
#938=VECTOR('',#5701,1000.);
#939=VECTOR('',#5704,1000.);
#940=VECTOR('',#5705,1000.);
#941=VECTOR('',#5706,1000.);
#942=VECTOR('',#5709,1000.);
#943=VECTOR('',#5710,1000.);
#944=VECTOR('',#5713,1000.);
#945=VECTOR('',#5714,1000.);
#946=VECTOR('',#5715,1000.);
#947=VECTOR('',#5718,1000.);
#948=VECTOR('',#5719,1000.);
#949=VECTOR('',#5720,1000.);
#950=VECTOR('',#5723,1000.);
#951=VECTOR('',#5724,1000.);
#952=VECTOR('',#5725,1000.);
#953=VECTOR('',#5728,1000.);
#954=VECTOR('',#5729,1000.);
#955=VECTOR('',#5730,1000.);
#956=VECTOR('',#5733,1000.);
#957=VECTOR('',#5734,1000.);
#958=VECTOR('',#5735,1000.);
#959=VECTOR('',#5738,1000.);
#960=VECTOR('',#5739,1000.);
#961=VECTOR('',#5740,1000.);
#962=VECTOR('',#5743,1000.);
#963=VECTOR('',#5744,1000.);
#964=VECTOR('',#5747,1000.);
#965=VECTOR('',#5748,1000.);
#966=VECTOR('',#5749,1000.);
#967=VECTOR('',#5750,1000.);
#968=VECTOR('',#5753,1000.);
#969=VECTOR('',#5754,1000.);
#970=VECTOR('',#5755,1000.);
#971=VECTOR('',#5758,1000.);
#972=VECTOR('',#5759,1000.);
#973=VECTOR('',#5760,1000.);
#974=VECTOR('',#5763,1000.);
#975=VECTOR('',#5764,1000.);
#976=VECTOR('',#5765,1000.);
#977=VECTOR('',#5768,1000.);
#978=VECTOR('',#5769,1000.);
#979=VECTOR('',#5770,1000.);
#980=VECTOR('',#5775,1000.);
#981=VECTOR('',#5776,1000.);
#982=VECTOR('',#5777,1000.);
#983=VECTOR('',#5778,1000.);
#984=VECTOR('',#5779,1000.);
#985=VECTOR('',#5780,1000.);
#986=VECTOR('',#5781,1000.);
#987=VECTOR('',#5782,1000.);
#988=VECTOR('',#5783,1000.);
#989=VECTOR('',#5784,1000.);
#990=VECTOR('',#5785,1000.);
#991=VECTOR('',#5786,1000.);
#992=VECTOR('',#5791,1000.);
#993=VECTOR('',#5792,1000.);
#994=VECTOR('',#5793,1000.);
#995=VECTOR('',#5794,1000.);
#996=VECTOR('',#5797,1000.);
#997=VECTOR('',#5798,1000.);
#998=VECTOR('',#5799,1000.);
#999=VECTOR('',#5800,1000.);
#1000=VECTOR('',#5801,1000.);
#1001=VECTOR('',#5804,1000.);
#1002=VECTOR('',#5807,1000.);
#1003=VECTOR('',#5810,1000.);
#1004=VECTOR('',#5811,1000.);
#1005=VECTOR('',#5812,1000.);
#1006=VECTOR('',#5813,1000.);
#1007=VECTOR('',#5814,1000.);
#1008=VECTOR('',#5815,1000.);
#1009=VECTOR('',#5818,1000.);
#1010=VECTOR('',#5821,1000.);
#1011=VECTOR('',#5824,1000.);
#1012=VECTOR('',#5827,1000.);
#1013=VECTOR('',#5828,1000.);
#1014=VECTOR('',#5831,1000.);
#1015=VECTOR('',#5832,1000.);
#1016=VECTOR('',#5835,1000.);
#1017=VECTOR('',#5840,1000.);
#1018=VECTOR('',#5841,1000.);
#1019=VECTOR('',#5844,1000.);
#1020=VECTOR('',#5849,1000.);
#1021=VECTOR('',#5850,1000.);
#1022=VECTOR('',#5853,1000.);
#1023=VECTOR('',#5858,1000.);
#1024=VECTOR('',#5859,1000.);
#1025=VECTOR('',#5862,1000.);
#1026=VECTOR('',#5865,1000.);
#1027=VECTOR('',#5866,1000.);
#1028=VECTOR('',#5869,1000.);
#1029=VECTOR('',#5870,1000.);
#1030=VECTOR('',#5873,1000.);
#1031=VECTOR('',#5874,1000.);
#1032=VECTOR('',#5877,1000.);
#1033=VECTOR('',#5878,1000.);
#1034=VECTOR('',#5881,1000.);
#1035=VECTOR('',#5886,1000.);
#1036=VECTOR('',#5887,1000.);
#1037=VECTOR('',#5890,1000.);
#1038=VECTOR('',#5895,1000.);
#1039=VECTOR('',#5896,1000.);
#1040=VECTOR('',#5899,1000.);
#1041=VECTOR('',#5904,1000.);
#1042=VECTOR('',#5905,1000.);
#1043=VECTOR('',#5908,1000.);
#1044=VECTOR('',#5909,1000.);
#1045=VECTOR('',#5912,1000.);
#1046=VECTOR('',#5913,1000.);
#1047=VECTOR('',#5916,1000.);
#1048=VECTOR('',#5921,1000.);
#1049=VECTOR('',#5922,1000.);
#1050=VECTOR('',#5925,1000.);
#1051=VECTOR('',#5928,1000.);
#1052=VECTOR('',#5931,1000.);
#1053=VECTOR('',#5932,1000.);
#1054=VECTOR('',#5933,1000.);
#1055=VECTOR('',#5934,1000.);
#1056=VECTOR('',#5935,1000.);
#1057=VECTOR('',#5936,1000.);
#1058=VECTOR('',#5939,1000.);
#1059=VECTOR('',#5942,1000.);
#1060=VECTOR('',#5945,1000.);
#1061=VECTOR('',#5946,1000.);
#1062=VECTOR('',#5947,1000.);
#1063=VECTOR('',#5948,1000.);
#1064=VECTOR('',#5951,1000.);
#1065=VECTOR('',#5952,1000.);
#1066=VECTOR('',#5955,1000.);
#1067=VECTOR('',#5956,1000.);
#1068=VECTOR('',#5961,1000.);
#1069=VECTOR('',#5964,1000.);
#1070=VECTOR('',#5965,1000.);
#1071=VECTOR('',#5970,1000.);
#1072=VECTOR('',#5973,1000.);
#1073=VECTOR('',#5974,1000.);
#1074=VECTOR('',#5979,1000.);
#1075=VECTOR('',#5982,1000.);
#1076=VECTOR('',#5983,1000.);
#1077=VECTOR('',#5986,1000.);
#1078=VECTOR('',#5989,1000.);
#1079=VECTOR('',#5990,1000.);
#1080=VECTOR('',#5993,1000.);
#1081=VECTOR('',#5994,1000.);
#1082=VECTOR('',#5997,1000.);
#1083=VECTOR('',#5998,1000.);
#1084=VECTOR('',#6001,1000.);
#1085=VECTOR('',#6002,1000.);
#1086=VECTOR('',#6007,1000.);
#1087=VECTOR('',#6010,1000.);
#1088=VECTOR('',#6011,1000.);
#1089=VECTOR('',#6016,1000.);
#1090=VECTOR('',#6019,1000.);
#1091=VECTOR('',#6020,1000.);
#1092=VECTOR('',#6025,1000.);
#1093=VECTOR('',#6028,1000.);
#1094=VECTOR('',#6029,1000.);
#1095=VECTOR('',#6032,1000.);
#1096=VECTOR('',#6033,1000.);
#1097=VECTOR('',#6036,1000.);
#1098=VECTOR('',#6037,1000.);
#1099=VECTOR('',#6040,1000.);
#1100=VECTOR('',#6057,1000.);
#1101=VECTOR('',#6060,1000.);
#1102=VECTOR('',#6063,1000.);
#1103=VECTOR('',#6064,1000.);
#1104=VECTOR('',#6065,1000.);
#1105=VECTOR('',#6070,1000.);
#1106=VECTOR('',#6073,1000.);
#1107=VECTOR('',#6074,1000.);
#1108=VECTOR('',#6075,1000.);
#1109=VECTOR('',#6078,1000.);
#1110=VECTOR('',#6083,1000.);
#1111=VECTOR('',#6086,1000.);
#1112=VECTOR('',#6093,1000.);
#1113=VECTOR('',#6096,1000.);
#1114=VECTOR('',#6099,1000.);
#1115=VECTOR('',#6100,1000.);
#1116=VECTOR('',#6101,1000.);
#1117=VECTOR('',#6104,1000.);
#1118=VECTOR('',#6105,1000.);
#1119=VECTOR('',#6106,1000.);
#1120=VECTOR('',#6109,1000.);
#1121=VECTOR('',#6110,1000.);
#1122=VECTOR('',#6113,1000.);
#1123=VECTOR('',#6114,1000.);
#1124=VECTOR('',#6117,1000.);
#1125=VECTOR('',#6118,1000.);
#1126=VECTOR('',#6127,1000.);
#1127=VECTOR('',#6130,1000.);
#1128=VECTOR('',#6135,1000.);
#1129=VECTOR('',#6138,1000.);
#1130=ORIENTED_EDGE('',*,*,#2354,.F.);
#1131=ORIENTED_EDGE('',*,*,#2355,.F.);
#1132=ORIENTED_EDGE('',*,*,#2356,.F.);
#1133=ORIENTED_EDGE('',*,*,#2357,.F.);
#1134=ORIENTED_EDGE('',*,*,#2358,.T.);
#1135=ORIENTED_EDGE('',*,*,#2359,.F.);
#1136=ORIENTED_EDGE('',*,*,#2360,.F.);
#1137=ORIENTED_EDGE('',*,*,#2361,.T.);
#1138=ORIENTED_EDGE('',*,*,#2362,.T.);
#1139=ORIENTED_EDGE('',*,*,#2363,.F.);
#1140=ORIENTED_EDGE('',*,*,#2364,.F.);
#1141=ORIENTED_EDGE('',*,*,#2365,.T.);
#1142=ORIENTED_EDGE('',*,*,#2366,.T.);
#1143=ORIENTED_EDGE('',*,*,#2367,.T.);
#1144=ORIENTED_EDGE('',*,*,#2368,.F.);
#1145=ORIENTED_EDGE('',*,*,#2369,.F.);
#1146=ORIENTED_EDGE('',*,*,#2370,.T.);
#1147=ORIENTED_EDGE('',*,*,#2371,.T.);
#1148=ORIENTED_EDGE('',*,*,#2372,.T.);
#1149=ORIENTED_EDGE('',*,*,#2373,.F.);
#1150=ORIENTED_EDGE('',*,*,#2374,.F.);
#1151=ORIENTED_EDGE('',*,*,#2375,.T.);
#1152=ORIENTED_EDGE('',*,*,#2376,.T.);
#1153=ORIENTED_EDGE('',*,*,#2377,.T.);
#1154=ORIENTED_EDGE('',*,*,#2378,.T.);
#1155=ORIENTED_EDGE('',*,*,#2379,.F.);
#1156=ORIENTED_EDGE('',*,*,#2380,.F.);
#1157=ORIENTED_EDGE('',*,*,#2363,.T.);
#1158=ORIENTED_EDGE('',*,*,#2381,.T.);
#1159=ORIENTED_EDGE('',*,*,#2382,.F.);
#1160=ORIENTED_EDGE('',*,*,#2383,.F.);
#1161=ORIENTED_EDGE('',*,*,#2384,.F.);
#1162=ORIENTED_EDGE('',*,*,#2375,.F.);
#1163=ORIENTED_EDGE('',*,*,#2385,.T.);
#1164=ORIENTED_EDGE('',*,*,#2386,.T.);
#1165=ORIENTED_EDGE('',*,*,#2387,.T.);
#1166=ORIENTED_EDGE('',*,*,#2388,.T.);
#1167=ORIENTED_EDGE('',*,*,#2365,.F.);
#1168=ORIENTED_EDGE('',*,*,#2389,.F.);
#1169=ORIENTED_EDGE('',*,*,#2390,.F.);
#1170=ORIENTED_EDGE('',*,*,#2391,.F.);
#1171=ORIENTED_EDGE('',*,*,#2392,.T.);
#1172=ORIENTED_EDGE('',*,*,#2373,.T.);
#1173=ORIENTED_EDGE('',*,*,#2393,.F.);
#1174=ORIENTED_EDGE('',*,*,#2394,.T.);
#1175=ORIENTED_EDGE('',*,*,#2385,.F.);
#1176=ORIENTED_EDGE('',*,*,#2374,.T.);
#1177=ORIENTED_EDGE('',*,*,#2392,.F.);
#1178=ORIENTED_EDGE('',*,*,#2395,.T.);
#1179=ORIENTED_EDGE('',*,*,#2396,.T.);
#1180=ORIENTED_EDGE('',*,*,#2397,.F.);
#1181=ORIENTED_EDGE('',*,*,#2398,.F.);
#1182=ORIENTED_EDGE('',*,*,#2399,.F.);
#1183=ORIENTED_EDGE('',*,*,#2400,.F.);
#1184=ORIENTED_EDGE('',*,*,#2401,.F.);
#1185=ORIENTED_EDGE('',*,*,#2402,.F.);
#1186=ORIENTED_EDGE('',*,*,#2403,.F.);
#1187=ORIENTED_EDGE('',*,*,#2404,.T.);
#1188=ORIENTED_EDGE('',*,*,#2405,.F.);
#1189=ORIENTED_EDGE('',*,*,#2406,.F.);
#1190=ORIENTED_EDGE('',*,*,#2369,.T.);
#1191=ORIENTED_EDGE('',*,*,#2407,.T.);
#1192=ORIENTED_EDGE('',*,*,#2408,.F.);
#1193=ORIENTED_EDGE('',*,*,#2409,.T.);
#1194=ORIENTED_EDGE('',*,*,#2410,.F.);
#1195=ORIENTED_EDGE('',*,*,#2411,.F.);
#1196=ORIENTED_EDGE('',*,*,#2412,.F.);
#1197=ORIENTED_EDGE('',*,*,#2413,.F.);
#1198=ORIENTED_EDGE('',*,*,#2414,.F.);
#1199=ORIENTED_EDGE('',*,*,#2415,.F.);
#1200=ORIENTED_EDGE('',*,*,#2416,.F.);
#1201=ORIENTED_EDGE('',*,*,#2417,.F.);
#1202=ORIENTED_EDGE('',*,*,#2418,.F.);
#1203=ORIENTED_EDGE('',*,*,#2419,.F.);
#1204=ORIENTED_EDGE('',*,*,#2420,.F.);
#1205=ORIENTED_EDGE('',*,*,#2421,.F.);
#1206=ORIENTED_EDGE('',*,*,#2422,.F.);
#1207=ORIENTED_EDGE('',*,*,#2396,.F.);
#1208=ORIENTED_EDGE('',*,*,#2423,.T.);
#1209=ORIENTED_EDGE('',*,*,#2424,.F.);
#1210=ORIENTED_EDGE('',*,*,#2425,.T.);
#1211=ORIENTED_EDGE('',*,*,#2426,.F.);
#1212=ORIENTED_EDGE('',*,*,#2427,.F.);
#1213=ORIENTED_EDGE('',*,*,#2428,.T.);
#1214=ORIENTED_EDGE('',*,*,#2429,.T.);
#1215=ORIENTED_EDGE('',*,*,#2430,.T.);
#1216=ORIENTED_EDGE('',*,*,#2431,.T.);
#1217=ORIENTED_EDGE('',*,*,#2432,.T.);
#1218=ORIENTED_EDGE('',*,*,#2433,.T.);
#1219=ORIENTED_EDGE('',*,*,#2434,.F.);
#1220=ORIENTED_EDGE('',*,*,#2409,.F.);
#1221=ORIENTED_EDGE('',*,*,#2435,.F.);
#1222=ORIENTED_EDGE('',*,*,#2389,.T.);
#1223=ORIENTED_EDGE('',*,*,#2364,.T.);
#1224=ORIENTED_EDGE('',*,*,#2383,.T.);
#1225=ORIENTED_EDGE('',*,*,#2433,.F.);
#1226=ORIENTED_EDGE('',*,*,#2436,.T.);
#1227=ORIENTED_EDGE('',*,*,#2437,.T.);
#1228=ORIENTED_EDGE('',*,*,#2438,.F.);
#1229=ORIENTED_EDGE('',*,*,#2439,.T.);
#1230=ORIENTED_EDGE('',*,*,#2440,.T.);
#1231=ORIENTED_EDGE('',*,*,#2441,.T.);
#1232=ORIENTED_EDGE('',*,*,#2442,.F.);
#1233=ORIENTED_EDGE('',*,*,#2437,.F.);
#1234=ORIENTED_EDGE('',*,*,#2443,.T.);
#1235=ORIENTED_EDGE('',*,*,#2444,.T.);
#1236=ORIENTED_EDGE('',*,*,#2445,.T.);
#1237=ORIENTED_EDGE('',*,*,#2441,.F.);
#1238=ORIENTED_EDGE('',*,*,#2446,.T.);
#1239=ORIENTED_EDGE('',*,*,#2427,.T.);
#1240=ORIENTED_EDGE('',*,*,#2447,.F.);
#1241=ORIENTED_EDGE('',*,*,#2448,.T.);
#1242=ORIENTED_EDGE('',*,*,#2449,.T.);
#1243=ORIENTED_EDGE('',*,*,#2450,.F.);
#1244=ORIENTED_EDGE('',*,*,#2379,.T.);
#1245=ORIENTED_EDGE('',*,*,#2451,.F.);
#1246=ORIENTED_EDGE('',*,*,#2452,.F.);
#1247=ORIENTED_EDGE('',*,*,#2393,.T.);
#1248=ORIENTED_EDGE('',*,*,#2453,.F.);
#1249=ORIENTED_EDGE('',*,*,#2454,.T.);
#1250=ORIENTED_EDGE('',*,*,#2455,.T.);
#1251=ORIENTED_EDGE('',*,*,#2456,.T.);
#1252=ORIENTED_EDGE('',*,*,#2457,.T.);
#1253=ORIENTED_EDGE('',*,*,#2458,.T.);
#1254=ORIENTED_EDGE('',*,*,#2459,.F.);
#1255=ORIENTED_EDGE('',*,*,#2460,.T.);
#1256=ORIENTED_EDGE('',*,*,#2461,.T.);
#1257=ORIENTED_EDGE('',*,*,#2462,.T.);
#1258=ORIENTED_EDGE('',*,*,#2463,.T.);
#1259=ORIENTED_EDGE('',*,*,#2464,.T.);
#1260=ORIENTED_EDGE('',*,*,#2465,.F.);
#1261=ORIENTED_EDGE('',*,*,#2425,.F.);
#1262=ORIENTED_EDGE('',*,*,#2466,.T.);
#1263=ORIENTED_EDGE('',*,*,#2467,.T.);
#1264=ORIENTED_EDGE('',*,*,#2359,.T.);
#1265=ORIENTED_EDGE('',*,*,#2468,.F.);
#1266=ORIENTED_EDGE('',*,*,#2410,.T.);
#1267=ORIENTED_EDGE('',*,*,#2434,.T.);
#1268=ORIENTED_EDGE('',*,*,#2438,.T.);
#1269=ORIENTED_EDGE('',*,*,#2442,.T.);
#1270=ORIENTED_EDGE('',*,*,#2447,.T.);
#1271=ORIENTED_EDGE('',*,*,#2426,.T.);
#1272=ORIENTED_EDGE('',*,*,#2465,.T.);
#1273=ORIENTED_EDGE('',*,*,#2469,.T.);
#1274=ORIENTED_EDGE('',*,*,#2470,.T.);
#1275=ORIENTED_EDGE('',*,*,#2471,.T.);
#1276=ORIENTED_EDGE('',*,*,#2459,.T.);
#1277=ORIENTED_EDGE('',*,*,#2472,.T.);
#1278=ORIENTED_EDGE('',*,*,#2473,.T.);
#1279=ORIENTED_EDGE('',*,*,#2474,.T.);
#1280=ORIENTED_EDGE('',*,*,#2453,.T.);
#1281=ORIENTED_EDGE('',*,*,#2405,.T.);
#1282=ORIENTED_EDGE('',*,*,#2475,.T.);
#1283=ORIENTED_EDGE('',*,*,#2476,.T.);
#1284=ORIENTED_EDGE('',*,*,#2477,.T.);
#1285=ORIENTED_EDGE('',*,*,#2397,.T.);
#1286=ORIENTED_EDGE('',*,*,#2422,.T.);
#1287=ORIENTED_EDGE('',*,*,#2478,.F.);
#1288=ORIENTED_EDGE('',*,*,#2479,.F.);
#1289=ORIENTED_EDGE('',*,*,#2480,.F.);
#1290=ORIENTED_EDGE('',*,*,#2416,.T.);
#1291=ORIENTED_EDGE('',*,*,#2481,.F.);
#1292=ORIENTED_EDGE('',*,*,#2482,.F.);
#1293=ORIENTED_EDGE('',*,*,#2483,.F.);
#1294=ORIENTED_EDGE('',*,*,#2484,.T.);
#1295=ORIENTED_EDGE('',*,*,#2475,.F.);
#1296=ORIENTED_EDGE('',*,*,#2404,.F.);
#1297=ORIENTED_EDGE('',*,*,#2485,.F.);
#1298=ORIENTED_EDGE('',*,*,#2486,.F.);
#1299=ORIENTED_EDGE('',*,*,#2487,.F.);
#1300=ORIENTED_EDGE('',*,*,#2488,.F.);
#1301=ORIENTED_EDGE('',*,*,#2489,.F.);
#1302=ORIENTED_EDGE('',*,*,#2490,.T.);
#1303=ORIENTED_EDGE('',*,*,#2476,.F.);
#1304=ORIENTED_EDGE('',*,*,#2484,.F.);
#1305=ORIENTED_EDGE('',*,*,#2491,.F.);
#1306=ORIENTED_EDGE('',*,*,#2398,.T.);
#1307=ORIENTED_EDGE('',*,*,#2477,.F.);
#1308=ORIENTED_EDGE('',*,*,#2490,.F.);
#1309=ORIENTED_EDGE('',*,*,#2492,.T.);
#1310=ORIENTED_EDGE('',*,*,#2493,.T.);
#1311=ORIENTED_EDGE('',*,*,#2494,.T.);
#1312=ORIENTED_EDGE('',*,*,#2495,.T.);
#1313=ORIENTED_EDGE('',*,*,#2496,.T.);
#1314=ORIENTED_EDGE('',*,*,#2473,.F.);
#1315=ORIENTED_EDGE('',*,*,#2474,.F.);
#1316=ORIENTED_EDGE('',*,*,#2496,.F.);
#1317=ORIENTED_EDGE('',*,*,#2497,.F.);
#1318=ORIENTED_EDGE('',*,*,#2454,.F.);
#1319=ORIENTED_EDGE('',*,*,#2498,.T.);
#1320=ORIENTED_EDGE('',*,*,#2492,.F.);
#1321=ORIENTED_EDGE('',*,*,#2472,.F.);
#1322=ORIENTED_EDGE('',*,*,#2458,.F.);
#1323=ORIENTED_EDGE('',*,*,#2497,.T.);
#1324=ORIENTED_EDGE('',*,*,#2495,.F.);
#1325=ORIENTED_EDGE('',*,*,#2499,.F.);
#1326=ORIENTED_EDGE('',*,*,#2455,.F.);
#1327=ORIENTED_EDGE('',*,*,#2499,.T.);
#1328=ORIENTED_EDGE('',*,*,#2494,.F.);
#1329=ORIENTED_EDGE('',*,*,#2500,.F.);
#1330=ORIENTED_EDGE('',*,*,#2456,.F.);
#1331=ORIENTED_EDGE('',*,*,#2500,.T.);
#1332=ORIENTED_EDGE('',*,*,#2493,.F.);
#1333=ORIENTED_EDGE('',*,*,#2498,.F.);
#1334=ORIENTED_EDGE('',*,*,#2457,.F.);
#1335=ORIENTED_EDGE('',*,*,#2501,.T.);
#1336=ORIENTED_EDGE('',*,*,#2502,.T.);
#1337=ORIENTED_EDGE('',*,*,#2503,.T.);
#1338=ORIENTED_EDGE('',*,*,#2504,.T.);
#1339=ORIENTED_EDGE('',*,*,#2505,.T.);
#1340=ORIENTED_EDGE('',*,*,#2470,.F.);
#1341=ORIENTED_EDGE('',*,*,#2506,.T.);
#1342=ORIENTED_EDGE('',*,*,#2501,.F.);
#1343=ORIENTED_EDGE('',*,*,#2469,.F.);
#1344=ORIENTED_EDGE('',*,*,#2464,.F.);
#1345=ORIENTED_EDGE('',*,*,#2507,.T.);
#1346=ORIENTED_EDGE('',*,*,#2502,.F.);
#1347=ORIENTED_EDGE('',*,*,#2506,.F.);
#1348=ORIENTED_EDGE('',*,*,#2463,.F.);
#1349=ORIENTED_EDGE('',*,*,#2508,.T.);
#1350=ORIENTED_EDGE('',*,*,#2503,.F.);
#1351=ORIENTED_EDGE('',*,*,#2507,.F.);
#1352=ORIENTED_EDGE('',*,*,#2462,.F.);
#1353=ORIENTED_EDGE('',*,*,#2509,.T.);
#1354=ORIENTED_EDGE('',*,*,#2504,.F.);
#1355=ORIENTED_EDGE('',*,*,#2508,.F.);
#1356=ORIENTED_EDGE('',*,*,#2461,.F.);
#1357=ORIENTED_EDGE('',*,*,#2471,.F.);
#1358=ORIENTED_EDGE('',*,*,#2505,.F.);
#1359=ORIENTED_EDGE('',*,*,#2509,.F.);
#1360=ORIENTED_EDGE('',*,*,#2460,.F.);
#1361=ORIENTED_EDGE('',*,*,#2478,.T.);
#1362=ORIENTED_EDGE('',*,*,#2421,.T.);
#1363=ORIENTED_EDGE('',*,*,#2510,.T.);
#1364=ORIENTED_EDGE('',*,*,#2511,.T.);
#1365=ORIENTED_EDGE('',*,*,#2420,.T.);
#1366=ORIENTED_EDGE('',*,*,#2512,.T.);
#1367=ORIENTED_EDGE('',*,*,#2513,.T.);
#1368=ORIENTED_EDGE('',*,*,#2510,.F.);
#1369=ORIENTED_EDGE('',*,*,#2419,.T.);
#1370=ORIENTED_EDGE('',*,*,#2514,.T.);
#1371=ORIENTED_EDGE('',*,*,#2515,.T.);
#1372=ORIENTED_EDGE('',*,*,#2512,.F.);
#1373=ORIENTED_EDGE('',*,*,#2418,.T.);
#1374=ORIENTED_EDGE('',*,*,#2516,.T.);
#1375=ORIENTED_EDGE('',*,*,#2517,.T.);
#1376=ORIENTED_EDGE('',*,*,#2514,.F.);
#1377=ORIENTED_EDGE('',*,*,#2480,.T.);
#1378=ORIENTED_EDGE('',*,*,#2518,.T.);
#1379=ORIENTED_EDGE('',*,*,#2516,.F.);
#1380=ORIENTED_EDGE('',*,*,#2417,.T.);
#1381=ORIENTED_EDGE('',*,*,#2479,.T.);
#1382=ORIENTED_EDGE('',*,*,#2511,.F.);
#1383=ORIENTED_EDGE('',*,*,#2513,.F.);
#1384=ORIENTED_EDGE('',*,*,#2515,.F.);
#1385=ORIENTED_EDGE('',*,*,#2517,.F.);
#1386=ORIENTED_EDGE('',*,*,#2518,.F.);
#1387=ORIENTED_EDGE('',*,*,#2482,.T.);
#1388=ORIENTED_EDGE('',*,*,#2519,.F.);
#1389=ORIENTED_EDGE('',*,*,#2520,.F.);
#1390=ORIENTED_EDGE('',*,*,#2521,.F.);
#1391=ORIENTED_EDGE('',*,*,#2522,.F.);
#1392=ORIENTED_EDGE('',*,*,#2523,.F.);
#1393=ORIENTED_EDGE('',*,*,#2468,.T.);
#1394=ORIENTED_EDGE('',*,*,#2523,.T.);
#1395=ORIENTED_EDGE('',*,*,#2524,.F.);
#1396=ORIENTED_EDGE('',*,*,#2411,.T.);
#1397=ORIENTED_EDGE('',*,*,#2412,.T.);
#1398=ORIENTED_EDGE('',*,*,#2524,.T.);
#1399=ORIENTED_EDGE('',*,*,#2522,.T.);
#1400=ORIENTED_EDGE('',*,*,#2525,.F.);
#1401=ORIENTED_EDGE('',*,*,#2413,.T.);
#1402=ORIENTED_EDGE('',*,*,#2525,.T.);
#1403=ORIENTED_EDGE('',*,*,#2521,.T.);
#1404=ORIENTED_EDGE('',*,*,#2526,.F.);
#1405=ORIENTED_EDGE('',*,*,#2414,.T.);
#1406=ORIENTED_EDGE('',*,*,#2526,.T.);
#1407=ORIENTED_EDGE('',*,*,#2520,.T.);
#1408=ORIENTED_EDGE('',*,*,#2527,.F.);
#1409=ORIENTED_EDGE('',*,*,#2481,.T.);
#1410=ORIENTED_EDGE('',*,*,#2415,.T.);
#1411=ORIENTED_EDGE('',*,*,#2527,.T.);
#1412=ORIENTED_EDGE('',*,*,#2519,.T.);
#1413=ORIENTED_EDGE('',*,*,#2528,.T.);
#1414=ORIENTED_EDGE('',*,*,#2428,.F.);
#1415=ORIENTED_EDGE('',*,*,#2446,.F.);
#1416=ORIENTED_EDGE('',*,*,#2440,.F.);
#1417=ORIENTED_EDGE('',*,*,#2529,.T.);
#1418=ORIENTED_EDGE('',*,*,#2429,.F.);
#1419=ORIENTED_EDGE('',*,*,#2528,.F.);
#1420=ORIENTED_EDGE('',*,*,#2439,.F.);
#1421=ORIENTED_EDGE('',*,*,#2530,.T.);
#1422=ORIENTED_EDGE('',*,*,#2430,.F.);
#1423=ORIENTED_EDGE('',*,*,#2529,.F.);
#1424=ORIENTED_EDGE('',*,*,#2445,.F.);
#1425=ORIENTED_EDGE('',*,*,#2531,.T.);
#1426=ORIENTED_EDGE('',*,*,#2431,.F.);
#1427=ORIENTED_EDGE('',*,*,#2530,.F.);
#1428=ORIENTED_EDGE('',*,*,#2444,.F.);
#1429=ORIENTED_EDGE('',*,*,#2432,.F.);
#1430=ORIENTED_EDGE('',*,*,#2531,.F.);
#1431=ORIENTED_EDGE('',*,*,#2443,.F.);
#1432=ORIENTED_EDGE('',*,*,#2436,.F.);
#1433=ORIENTED_EDGE('',*,*,#2483,.T.);
#1434=ORIENTED_EDGE('',*,*,#2403,.T.);
#1435=ORIENTED_EDGE('',*,*,#2532,.F.);
#1436=ORIENTED_EDGE('',*,*,#2485,.T.);
#1437=ORIENTED_EDGE('',*,*,#2486,.T.);
#1438=ORIENTED_EDGE('',*,*,#2532,.T.);
#1439=ORIENTED_EDGE('',*,*,#2402,.T.);
#1440=ORIENTED_EDGE('',*,*,#2533,.F.);
#1441=ORIENTED_EDGE('',*,*,#2487,.T.);
#1442=ORIENTED_EDGE('',*,*,#2533,.T.);
#1443=ORIENTED_EDGE('',*,*,#2401,.T.);
#1444=ORIENTED_EDGE('',*,*,#2534,.F.);
#1445=ORIENTED_EDGE('',*,*,#2488,.T.);
#1446=ORIENTED_EDGE('',*,*,#2534,.T.);
#1447=ORIENTED_EDGE('',*,*,#2400,.T.);
#1448=ORIENTED_EDGE('',*,*,#2535,.F.);
#1449=ORIENTED_EDGE('',*,*,#2489,.T.);
#1450=ORIENTED_EDGE('',*,*,#2535,.T.);
#1451=ORIENTED_EDGE('',*,*,#2399,.T.);
#1452=ORIENTED_EDGE('',*,*,#2491,.T.);
#1453=ORIENTED_EDGE('',*,*,#2435,.T.);
#1454=ORIENTED_EDGE('',*,*,#2408,.T.);
#1455=ORIENTED_EDGE('',*,*,#2536,.T.);
#1456=ORIENTED_EDGE('',*,*,#2537,.F.);
#1457=ORIENTED_EDGE('',*,*,#2387,.F.);
#1458=ORIENTED_EDGE('',*,*,#2536,.F.);
#1459=ORIENTED_EDGE('',*,*,#2407,.F.);
#1460=ORIENTED_EDGE('',*,*,#2368,.T.);
#1461=ORIENTED_EDGE('',*,*,#2538,.F.);
#1462=ORIENTED_EDGE('',*,*,#2539,.T.);
#1463=ORIENTED_EDGE('',*,*,#2540,.F.);
#1464=ORIENTED_EDGE('',*,*,#2541,.T.);
#1465=ORIENTED_EDGE('',*,*,#2542,.T.);
#1466=ORIENTED_EDGE('',*,*,#2360,.T.);
#1467=ORIENTED_EDGE('',*,*,#2467,.F.);
#1468=ORIENTED_EDGE('',*,*,#2424,.T.);
#1469=ORIENTED_EDGE('',*,*,#2382,.T.);
#1470=ORIENTED_EDGE('',*,*,#2543,.F.);
#1471=ORIENTED_EDGE('',*,*,#2540,.T.);
#1472=ORIENTED_EDGE('',*,*,#2466,.F.);
#1473=ORIENTED_EDGE('',*,*,#2391,.T.);
#1474=ORIENTED_EDGE('',*,*,#2544,.T.);
#1475=ORIENTED_EDGE('',*,*,#2545,.F.);
#1476=ORIENTED_EDGE('',*,*,#2423,.F.);
#1477=ORIENTED_EDGE('',*,*,#2395,.F.);
#1478=ORIENTED_EDGE('',*,*,#2545,.T.);
#1479=ORIENTED_EDGE('',*,*,#2546,.T.);
#1480=ORIENTED_EDGE('',*,*,#2547,.T.);
#1481=ORIENTED_EDGE('',*,*,#2370,.F.);
#1482=ORIENTED_EDGE('',*,*,#2406,.T.);
#1483=ORIENTED_EDGE('',*,*,#2451,.T.);
#1484=ORIENTED_EDGE('',*,*,#2378,.F.);
#1485=ORIENTED_EDGE('',*,*,#2548,.F.);
#1486=ORIENTED_EDGE('',*,*,#2549,.T.);
#1487=ORIENTED_EDGE('',*,*,#2550,.T.);
#1488=ORIENTED_EDGE('',*,*,#2452,.T.);
#1489=ORIENTED_EDGE('',*,*,#2550,.F.);
#1490=ORIENTED_EDGE('',*,*,#2551,.F.);
#1491=ORIENTED_EDGE('',*,*,#2386,.F.);
#1492=ORIENTED_EDGE('',*,*,#2394,.F.);
#1493=ORIENTED_EDGE('',*,*,#2552,.F.);
#1494=ORIENTED_EDGE('',*,*,#2553,.F.);
#1495=ORIENTED_EDGE('',*,*,#2546,.F.);
#1496=ORIENTED_EDGE('',*,*,#2544,.F.);
#1497=ORIENTED_EDGE('',*,*,#2390,.T.);
#1498=ORIENTED_EDGE('',*,*,#2372,.F.);
#1499=ORIENTED_EDGE('',*,*,#2554,.F.);
#1500=ORIENTED_EDGE('',*,*,#2552,.T.);
#1501=ORIENTED_EDGE('',*,*,#2371,.F.);
#1502=ORIENTED_EDGE('',*,*,#2547,.F.);
#1503=ORIENTED_EDGE('',*,*,#2553,.T.);
#1504=ORIENTED_EDGE('',*,*,#2554,.T.);
#1505=ORIENTED_EDGE('',*,*,#2555,.T.);
#1506=ORIENTED_EDGE('',*,*,#2556,.T.);
#1507=ORIENTED_EDGE('',*,*,#2366,.F.);
#1508=ORIENTED_EDGE('',*,*,#2388,.F.);
#1509=ORIENTED_EDGE('',*,*,#2367,.F.);
#1510=ORIENTED_EDGE('',*,*,#2556,.F.);
#1511=ORIENTED_EDGE('',*,*,#2557,.T.);
#1512=ORIENTED_EDGE('',*,*,#2538,.T.);
#1513=ORIENTED_EDGE('',*,*,#2537,.T.);
#1514=ORIENTED_EDGE('',*,*,#2539,.F.);
#1515=ORIENTED_EDGE('',*,*,#2557,.F.);
#1516=ORIENTED_EDGE('',*,*,#2555,.F.);
#1517=ORIENTED_EDGE('',*,*,#2549,.F.);
#1518=ORIENTED_EDGE('',*,*,#2558,.F.);
#1519=ORIENTED_EDGE('',*,*,#2559,.F.);
#1520=ORIENTED_EDGE('',*,*,#2551,.T.);
#1521=ORIENTED_EDGE('',*,*,#2384,.T.);
#1522=ORIENTED_EDGE('',*,*,#2559,.T.);
#1523=ORIENTED_EDGE('',*,*,#2560,.T.);
#1524=ORIENTED_EDGE('',*,*,#2376,.F.);
#1525=ORIENTED_EDGE('',*,*,#2377,.F.);
#1526=ORIENTED_EDGE('',*,*,#2560,.F.);
#1527=ORIENTED_EDGE('',*,*,#2558,.T.);
#1528=ORIENTED_EDGE('',*,*,#2548,.T.);
#1529=ORIENTED_EDGE('',*,*,#2361,.F.);
#1530=ORIENTED_EDGE('',*,*,#2542,.F.);
#1531=ORIENTED_EDGE('',*,*,#2561,.T.);
#1532=ORIENTED_EDGE('',*,*,#2562,.T.);
#1533=ORIENTED_EDGE('',*,*,#2362,.F.);
#1534=ORIENTED_EDGE('',*,*,#2562,.F.);
#1535=ORIENTED_EDGE('',*,*,#2563,.T.);
#1536=ORIENTED_EDGE('',*,*,#2381,.F.);
#1537=ORIENTED_EDGE('',*,*,#2543,.T.);
#1538=ORIENTED_EDGE('',*,*,#2563,.F.);
#1539=ORIENTED_EDGE('',*,*,#2561,.F.);
#1540=ORIENTED_EDGE('',*,*,#2541,.F.);
#1541=ORIENTED_EDGE('',*,*,#2564,.T.);
#1542=ORIENTED_EDGE('',*,*,#2565,.T.);
#1543=ORIENTED_EDGE('',*,*,#2564,.F.);
#1544=ORIENTED_EDGE('',*,*,#2566,.T.);
#1545=ORIENTED_EDGE('',*,*,#2565,.F.);
#1546=ORIENTED_EDGE('',*,*,#2356,.T.);
#1547=ORIENTED_EDGE('',*,*,#2566,.F.);
#1548=ORIENTED_EDGE('',*,*,#2567,.T.);
#1549=ORIENTED_EDGE('',*,*,#2355,.T.);
#1550=ORIENTED_EDGE('',*,*,#2567,.F.);
#1551=ORIENTED_EDGE('',*,*,#2568,.T.);
#1552=ORIENTED_EDGE('',*,*,#2354,.T.);
#1553=ORIENTED_EDGE('',*,*,#2568,.F.);
#1554=ORIENTED_EDGE('',*,*,#2569,.F.);
#1555=ORIENTED_EDGE('',*,*,#2449,.F.);
#1556=ORIENTED_EDGE('',*,*,#2570,.T.);
#1557=ORIENTED_EDGE('',*,*,#2357,.T.);
#1558=ORIENTED_EDGE('',*,*,#2570,.F.);
#1559=ORIENTED_EDGE('',*,*,#2448,.F.);
#1560=ORIENTED_EDGE('',*,*,#2358,.F.);
#1561=ORIENTED_EDGE('',*,*,#2569,.T.);
#1562=ORIENTED_EDGE('',*,*,#2380,.T.);
#1563=ORIENTED_EDGE('',*,*,#2450,.T.);
#1564=ORIENTED_EDGE('',*,*,#2571,.T.);
#1565=ORIENTED_EDGE('',*,*,#2572,.F.);
#1566=ORIENTED_EDGE('',*,*,#2573,.F.);
#1567=ORIENTED_EDGE('',*,*,#2574,.T.);
#1568=ORIENTED_EDGE('',*,*,#2575,.T.);
#1569=ORIENTED_EDGE('',*,*,#2576,.F.);
#1570=ORIENTED_EDGE('',*,*,#2577,.F.);
#1571=ORIENTED_EDGE('',*,*,#2572,.T.);
#1572=ORIENTED_EDGE('',*,*,#2578,.T.);
#1573=ORIENTED_EDGE('',*,*,#2579,.F.);
#1574=ORIENTED_EDGE('',*,*,#2580,.F.);
#1575=ORIENTED_EDGE('',*,*,#2576,.T.);
#1576=ORIENTED_EDGE('',*,*,#2581,.F.);
#1577=ORIENTED_EDGE('',*,*,#2582,.F.);
#1578=ORIENTED_EDGE('',*,*,#2583,.T.);
#1579=ORIENTED_EDGE('',*,*,#2579,.T.);
#1580=ORIENTED_EDGE('',*,*,#2584,.T.);
#1581=ORIENTED_EDGE('',*,*,#2585,.F.);
#1582=ORIENTED_EDGE('',*,*,#2586,.F.);
#1583=ORIENTED_EDGE('',*,*,#2582,.T.);
#1584=ORIENTED_EDGE('',*,*,#2587,.T.);
#1585=ORIENTED_EDGE('',*,*,#2588,.F.);
#1586=ORIENTED_EDGE('',*,*,#2589,.F.);
#1587=ORIENTED_EDGE('',*,*,#2585,.T.);
#1588=ORIENTED_EDGE('',*,*,#2590,.T.);
#1589=ORIENTED_EDGE('',*,*,#2591,.F.);
#1590=ORIENTED_EDGE('',*,*,#2592,.F.);
#1591=ORIENTED_EDGE('',*,*,#2588,.T.);
#1592=ORIENTED_EDGE('',*,*,#2593,.T.);
#1593=ORIENTED_EDGE('',*,*,#2594,.F.);
#1594=ORIENTED_EDGE('',*,*,#2595,.F.);
#1595=ORIENTED_EDGE('',*,*,#2591,.T.);
#1596=ORIENTED_EDGE('',*,*,#2596,.T.);
#1597=ORIENTED_EDGE('',*,*,#2597,.F.);
#1598=ORIENTED_EDGE('',*,*,#2598,.F.);
#1599=ORIENTED_EDGE('',*,*,#2594,.T.);
#1600=ORIENTED_EDGE('',*,*,#2599,.T.);
#1601=ORIENTED_EDGE('',*,*,#2600,.F.);
#1602=ORIENTED_EDGE('',*,*,#2601,.F.);
#1603=ORIENTED_EDGE('',*,*,#2597,.T.);
#1604=ORIENTED_EDGE('',*,*,#2602,.T.);
#1605=ORIENTED_EDGE('',*,*,#2603,.F.);
#1606=ORIENTED_EDGE('',*,*,#2604,.F.);
#1607=ORIENTED_EDGE('',*,*,#2600,.T.);
#1608=ORIENTED_EDGE('',*,*,#2605,.T.);
#1609=ORIENTED_EDGE('',*,*,#2606,.F.);
#1610=ORIENTED_EDGE('',*,*,#2607,.F.);
#1611=ORIENTED_EDGE('',*,*,#2603,.T.);
#1612=ORIENTED_EDGE('',*,*,#2608,.T.);
#1613=ORIENTED_EDGE('',*,*,#2609,.F.);
#1614=ORIENTED_EDGE('',*,*,#2610,.F.);
#1615=ORIENTED_EDGE('',*,*,#2606,.T.);
#1616=ORIENTED_EDGE('',*,*,#2611,.T.);
#1617=ORIENTED_EDGE('',*,*,#2612,.F.);
#1618=ORIENTED_EDGE('',*,*,#2613,.F.);
#1619=ORIENTED_EDGE('',*,*,#2609,.T.);
#1620=ORIENTED_EDGE('',*,*,#2614,.T.);
#1621=ORIENTED_EDGE('',*,*,#2615,.F.);
#1622=ORIENTED_EDGE('',*,*,#2616,.F.);
#1623=ORIENTED_EDGE('',*,*,#2612,.T.);
#1624=ORIENTED_EDGE('',*,*,#2617,.F.);
#1625=ORIENTED_EDGE('',*,*,#2618,.F.);
#1626=ORIENTED_EDGE('',*,*,#2619,.T.);
#1627=ORIENTED_EDGE('',*,*,#2615,.T.);
#1628=ORIENTED_EDGE('',*,*,#2620,.T.);
#1629=ORIENTED_EDGE('',*,*,#2621,.F.);
#1630=ORIENTED_EDGE('',*,*,#2622,.F.);
#1631=ORIENTED_EDGE('',*,*,#2618,.T.);
#1632=ORIENTED_EDGE('',*,*,#2623,.T.);
#1633=ORIENTED_EDGE('',*,*,#2624,.F.);
#1634=ORIENTED_EDGE('',*,*,#2625,.F.);
#1635=ORIENTED_EDGE('',*,*,#2621,.T.);
#1636=ORIENTED_EDGE('',*,*,#2626,.T.);
#1637=ORIENTED_EDGE('',*,*,#2627,.F.);
#1638=ORIENTED_EDGE('',*,*,#2628,.F.);
#1639=ORIENTED_EDGE('',*,*,#2624,.T.);
#1640=ORIENTED_EDGE('',*,*,#2629,.T.);
#1641=ORIENTED_EDGE('',*,*,#2630,.F.);
#1642=ORIENTED_EDGE('',*,*,#2631,.F.);
#1643=ORIENTED_EDGE('',*,*,#2627,.T.);
#1644=ORIENTED_EDGE('',*,*,#2632,.T.);
#1645=ORIENTED_EDGE('',*,*,#2633,.F.);
#1646=ORIENTED_EDGE('',*,*,#2634,.F.);
#1647=ORIENTED_EDGE('',*,*,#2630,.T.);
#1648=ORIENTED_EDGE('',*,*,#2635,.F.);
#1649=ORIENTED_EDGE('',*,*,#2636,.F.);
#1650=ORIENTED_EDGE('',*,*,#2637,.T.);
#1651=ORIENTED_EDGE('',*,*,#2633,.T.);
#1652=ORIENTED_EDGE('',*,*,#2638,.T.);
#1653=ORIENTED_EDGE('',*,*,#2639,.F.);
#1654=ORIENTED_EDGE('',*,*,#2640,.F.);
#1655=ORIENTED_EDGE('',*,*,#2636,.T.);
#1656=ORIENTED_EDGE('',*,*,#2641,.T.);
#1657=ORIENTED_EDGE('',*,*,#2642,.F.);
#1658=ORIENTED_EDGE('',*,*,#2643,.F.);
#1659=ORIENTED_EDGE('',*,*,#2639,.T.);
#1660=ORIENTED_EDGE('',*,*,#2644,.T.);
#1661=ORIENTED_EDGE('',*,*,#2645,.F.);
#1662=ORIENTED_EDGE('',*,*,#2646,.F.);
#1663=ORIENTED_EDGE('',*,*,#2642,.T.);
#1664=ORIENTED_EDGE('',*,*,#2647,.T.);
#1665=ORIENTED_EDGE('',*,*,#2648,.F.);
#1666=ORIENTED_EDGE('',*,*,#2649,.F.);
#1667=ORIENTED_EDGE('',*,*,#2645,.T.);
#1668=ORIENTED_EDGE('',*,*,#2650,.T.);
#1669=ORIENTED_EDGE('',*,*,#2651,.F.);
#1670=ORIENTED_EDGE('',*,*,#2652,.F.);
#1671=ORIENTED_EDGE('',*,*,#2648,.T.);
#1672=ORIENTED_EDGE('',*,*,#2653,.T.);
#1673=ORIENTED_EDGE('',*,*,#2654,.F.);
#1674=ORIENTED_EDGE('',*,*,#2655,.F.);
#1675=ORIENTED_EDGE('',*,*,#2651,.T.);
#1676=ORIENTED_EDGE('',*,*,#2656,.T.);
#1677=ORIENTED_EDGE('',*,*,#2657,.F.);
#1678=ORIENTED_EDGE('',*,*,#2658,.F.);
#1679=ORIENTED_EDGE('',*,*,#2654,.T.);
#1680=ORIENTED_EDGE('',*,*,#2659,.T.);
#1681=ORIENTED_EDGE('',*,*,#2660,.F.);
#1682=ORIENTED_EDGE('',*,*,#2661,.F.);
#1683=ORIENTED_EDGE('',*,*,#2657,.T.);
#1684=ORIENTED_EDGE('',*,*,#2662,.T.);
#1685=ORIENTED_EDGE('',*,*,#2663,.F.);
#1686=ORIENTED_EDGE('',*,*,#2664,.F.);
#1687=ORIENTED_EDGE('',*,*,#2660,.T.);
#1688=ORIENTED_EDGE('',*,*,#2665,.T.);
#1689=ORIENTED_EDGE('',*,*,#2666,.F.);
#1690=ORIENTED_EDGE('',*,*,#2667,.F.);
#1691=ORIENTED_EDGE('',*,*,#2663,.T.);
#1692=ORIENTED_EDGE('',*,*,#2668,.T.);
#1693=ORIENTED_EDGE('',*,*,#2669,.F.);
#1694=ORIENTED_EDGE('',*,*,#2670,.F.);
#1695=ORIENTED_EDGE('',*,*,#2666,.T.);
#1696=ORIENTED_EDGE('',*,*,#2671,.F.);
#1697=ORIENTED_EDGE('',*,*,#2672,.F.);
#1698=ORIENTED_EDGE('',*,*,#2673,.T.);
#1699=ORIENTED_EDGE('',*,*,#2669,.T.);
#1700=ORIENTED_EDGE('',*,*,#2674,.T.);
#1701=ORIENTED_EDGE('',*,*,#2675,.F.);
#1702=ORIENTED_EDGE('',*,*,#2676,.F.);
#1703=ORIENTED_EDGE('',*,*,#2672,.T.);
#1704=ORIENTED_EDGE('',*,*,#2677,.T.);
#1705=ORIENTED_EDGE('',*,*,#2574,.F.);
#1706=ORIENTED_EDGE('',*,*,#2678,.F.);
#1707=ORIENTED_EDGE('',*,*,#2675,.T.);
#1708=ORIENTED_EDGE('',*,*,#2679,.T.);
#1709=ORIENTED_EDGE('',*,*,#2573,.T.);
#1710=ORIENTED_EDGE('',*,*,#2577,.T.);
#1711=ORIENTED_EDGE('',*,*,#2580,.T.);
#1712=ORIENTED_EDGE('',*,*,#2583,.F.);
#1713=ORIENTED_EDGE('',*,*,#2586,.T.);
#1714=ORIENTED_EDGE('',*,*,#2589,.T.);
#1715=ORIENTED_EDGE('',*,*,#2592,.T.);
#1716=ORIENTED_EDGE('',*,*,#2595,.T.);
#1717=ORIENTED_EDGE('',*,*,#2598,.T.);
#1718=ORIENTED_EDGE('',*,*,#2601,.T.);
#1719=ORIENTED_EDGE('',*,*,#2604,.T.);
#1720=ORIENTED_EDGE('',*,*,#2607,.T.);
#1721=ORIENTED_EDGE('',*,*,#2610,.T.);
#1722=ORIENTED_EDGE('',*,*,#2613,.T.);
#1723=ORIENTED_EDGE('',*,*,#2616,.T.);
#1724=ORIENTED_EDGE('',*,*,#2619,.F.);
#1725=ORIENTED_EDGE('',*,*,#2622,.T.);
#1726=ORIENTED_EDGE('',*,*,#2625,.T.);
#1727=ORIENTED_EDGE('',*,*,#2628,.T.);
#1728=ORIENTED_EDGE('',*,*,#2631,.T.);
#1729=ORIENTED_EDGE('',*,*,#2634,.T.);
#1730=ORIENTED_EDGE('',*,*,#2637,.F.);
#1731=ORIENTED_EDGE('',*,*,#2640,.T.);
#1732=ORIENTED_EDGE('',*,*,#2643,.T.);
#1733=ORIENTED_EDGE('',*,*,#2646,.T.);
#1734=ORIENTED_EDGE('',*,*,#2649,.T.);
#1735=ORIENTED_EDGE('',*,*,#2652,.T.);
#1736=ORIENTED_EDGE('',*,*,#2655,.T.);
#1737=ORIENTED_EDGE('',*,*,#2658,.T.);
#1738=ORIENTED_EDGE('',*,*,#2661,.T.);
#1739=ORIENTED_EDGE('',*,*,#2664,.T.);
#1740=ORIENTED_EDGE('',*,*,#2667,.T.);
#1741=ORIENTED_EDGE('',*,*,#2670,.T.);
#1742=ORIENTED_EDGE('',*,*,#2673,.F.);
#1743=ORIENTED_EDGE('',*,*,#2676,.T.);
#1744=ORIENTED_EDGE('',*,*,#2678,.T.);
#1745=ORIENTED_EDGE('',*,*,#2571,.F.);
#1746=ORIENTED_EDGE('',*,*,#2677,.F.);
#1747=ORIENTED_EDGE('',*,*,#2674,.F.);
#1748=ORIENTED_EDGE('',*,*,#2671,.T.);
#1749=ORIENTED_EDGE('',*,*,#2668,.F.);
#1750=ORIENTED_EDGE('',*,*,#2665,.F.);
#1751=ORIENTED_EDGE('',*,*,#2662,.F.);
#1752=ORIENTED_EDGE('',*,*,#2659,.F.);
#1753=ORIENTED_EDGE('',*,*,#2656,.F.);
#1754=ORIENTED_EDGE('',*,*,#2653,.F.);
#1755=ORIENTED_EDGE('',*,*,#2650,.F.);
#1756=ORIENTED_EDGE('',*,*,#2647,.F.);
#1757=ORIENTED_EDGE('',*,*,#2644,.F.);
#1758=ORIENTED_EDGE('',*,*,#2641,.F.);
#1759=ORIENTED_EDGE('',*,*,#2638,.F.);
#1760=ORIENTED_EDGE('',*,*,#2635,.T.);
#1761=ORIENTED_EDGE('',*,*,#2632,.F.);
#1762=ORIENTED_EDGE('',*,*,#2629,.F.);
#1763=ORIENTED_EDGE('',*,*,#2626,.F.);
#1764=ORIENTED_EDGE('',*,*,#2623,.F.);
#1765=ORIENTED_EDGE('',*,*,#2620,.F.);
#1766=ORIENTED_EDGE('',*,*,#2617,.T.);
#1767=ORIENTED_EDGE('',*,*,#2614,.F.);
#1768=ORIENTED_EDGE('',*,*,#2611,.F.);
#1769=ORIENTED_EDGE('',*,*,#2608,.F.);
#1770=ORIENTED_EDGE('',*,*,#2605,.F.);
#1771=ORIENTED_EDGE('',*,*,#2602,.F.);
#1772=ORIENTED_EDGE('',*,*,#2599,.F.);
#1773=ORIENTED_EDGE('',*,*,#2596,.F.);
#1774=ORIENTED_EDGE('',*,*,#2593,.F.);
#1775=ORIENTED_EDGE('',*,*,#2590,.F.);
#1776=ORIENTED_EDGE('',*,*,#2587,.F.);
#1777=ORIENTED_EDGE('',*,*,#2584,.F.);
#1778=ORIENTED_EDGE('',*,*,#2581,.T.);
#1779=ORIENTED_EDGE('',*,*,#2578,.F.);
#1780=ORIENTED_EDGE('',*,*,#2575,.F.);
#1781=ORIENTED_EDGE('',*,*,#2680,.F.);
#1782=ORIENTED_EDGE('',*,*,#2680,.T.);
#1783=ORIENTED_EDGE('',*,*,#2681,.F.);
#1784=ORIENTED_EDGE('',*,*,#2679,.F.);
#1785=ORIENTED_EDGE('',*,*,#2681,.T.);
#1786=ORIENTED_EDGE('',*,*,#2682,.T.);
#1787=ORIENTED_EDGE('',*,*,#2683,.T.);
#1788=ORIENTED_EDGE('',*,*,#2684,.F.);
#1789=ORIENTED_EDGE('',*,*,#2685,.T.);
#1790=ORIENTED_EDGE('',*,*,#2686,.F.);
#1791=ORIENTED_EDGE('',*,*,#2687,.T.);
#1792=ORIENTED_EDGE('',*,*,#2688,.T.);
#1793=ORIENTED_EDGE('',*,*,#2689,.F.);
#1794=ORIENTED_EDGE('',*,*,#2690,.F.);
#1795=ORIENTED_EDGE('',*,*,#2691,.F.);
#1796=ORIENTED_EDGE('',*,*,#2692,.T.);
#1797=ORIENTED_EDGE('',*,*,#2693,.T.);
#1798=ORIENTED_EDGE('',*,*,#2694,.F.);
#1799=ORIENTED_EDGE('',*,*,#2695,.T.);
#1800=ORIENTED_EDGE('',*,*,#2696,.F.);
#1801=ORIENTED_EDGE('',*,*,#2697,.F.);
#1802=ORIENTED_EDGE('',*,*,#2698,.F.);
#1803=ORIENTED_EDGE('',*,*,#2699,.T.);
#1804=ORIENTED_EDGE('',*,*,#2700,.F.);
#1805=ORIENTED_EDGE('',*,*,#2701,.F.);
#1806=ORIENTED_EDGE('',*,*,#2702,.F.);
#1807=ORIENTED_EDGE('',*,*,#2703,.F.);
#1808=ORIENTED_EDGE('',*,*,#2704,.T.);
#1809=ORIENTED_EDGE('',*,*,#2705,.T.);
#1810=ORIENTED_EDGE('',*,*,#2706,.T.);
#1811=ORIENTED_EDGE('',*,*,#2707,.F.);
#1812=ORIENTED_EDGE('',*,*,#2708,.F.);
#1813=ORIENTED_EDGE('',*,*,#2689,.T.);
#1814=ORIENTED_EDGE('',*,*,#2709,.T.);
#1815=ORIENTED_EDGE('',*,*,#2710,.F.);
#1816=ORIENTED_EDGE('',*,*,#2711,.F.);
#1817=ORIENTED_EDGE('',*,*,#2707,.T.);
#1818=ORIENTED_EDGE('',*,*,#2712,.T.);
#1819=ORIENTED_EDGE('',*,*,#2713,.F.);
#1820=ORIENTED_EDGE('',*,*,#2714,.F.);
#1821=ORIENTED_EDGE('',*,*,#2710,.T.);
#1822=ORIENTED_EDGE('',*,*,#2715,.T.);
#1823=ORIENTED_EDGE('',*,*,#2716,.F.);
#1824=ORIENTED_EDGE('',*,*,#2717,.F.);
#1825=ORIENTED_EDGE('',*,*,#2713,.T.);
#1826=ORIENTED_EDGE('',*,*,#2718,.T.);
#1827=ORIENTED_EDGE('',*,*,#2719,.F.);
#1828=ORIENTED_EDGE('',*,*,#2720,.F.);
#1829=ORIENTED_EDGE('',*,*,#2716,.T.);
#1830=ORIENTED_EDGE('',*,*,#2721,.T.);
#1831=ORIENTED_EDGE('',*,*,#2722,.F.);
#1832=ORIENTED_EDGE('',*,*,#2723,.F.);
#1833=ORIENTED_EDGE('',*,*,#2719,.T.);
#1834=ORIENTED_EDGE('',*,*,#2724,.T.);
#1835=ORIENTED_EDGE('',*,*,#2692,.F.);
#1836=ORIENTED_EDGE('',*,*,#2725,.F.);
#1837=ORIENTED_EDGE('',*,*,#2722,.T.);
#1838=ORIENTED_EDGE('',*,*,#2726,.T.);
#1839=ORIENTED_EDGE('',*,*,#2727,.F.);
#1840=ORIENTED_EDGE('',*,*,#2728,.F.);
#1841=ORIENTED_EDGE('',*,*,#2696,.T.);
#1842=ORIENTED_EDGE('',*,*,#2729,.T.);
#1843=ORIENTED_EDGE('',*,*,#2730,.F.);
#1844=ORIENTED_EDGE('',*,*,#2731,.F.);
#1845=ORIENTED_EDGE('',*,*,#2727,.T.);
#1846=ORIENTED_EDGE('',*,*,#2732,.T.);
#1847=ORIENTED_EDGE('',*,*,#2704,.F.);
#1848=ORIENTED_EDGE('',*,*,#2733,.F.);
#1849=ORIENTED_EDGE('',*,*,#2730,.T.);
#1850=ORIENTED_EDGE('',*,*,#2734,.T.);
#1851=ORIENTED_EDGE('',*,*,#2735,.F.);
#1852=ORIENTED_EDGE('',*,*,#2736,.F.);
#1853=ORIENTED_EDGE('',*,*,#2700,.T.);
#1854=ORIENTED_EDGE('',*,*,#2737,.T.);
#1855=ORIENTED_EDGE('',*,*,#2738,.F.);
#1856=ORIENTED_EDGE('',*,*,#2739,.F.);
#1857=ORIENTED_EDGE('',*,*,#2735,.T.);
#1858=ORIENTED_EDGE('',*,*,#2740,.T.);
#1859=ORIENTED_EDGE('',*,*,#2741,.F.);
#1860=ORIENTED_EDGE('',*,*,#2742,.F.);
#1861=ORIENTED_EDGE('',*,*,#2738,.T.);
#1862=ORIENTED_EDGE('',*,*,#2743,.T.);
#1863=ORIENTED_EDGE('',*,*,#2744,.F.);
#1864=ORIENTED_EDGE('',*,*,#2745,.F.);
#1865=ORIENTED_EDGE('',*,*,#2741,.T.);
#1866=ORIENTED_EDGE('',*,*,#2746,.T.);
#1867=ORIENTED_EDGE('',*,*,#2747,.F.);
#1868=ORIENTED_EDGE('',*,*,#2748,.F.);
#1869=ORIENTED_EDGE('',*,*,#2744,.T.);
#1870=ORIENTED_EDGE('',*,*,#2749,.T.);
#1871=ORIENTED_EDGE('',*,*,#2750,.F.);
#1872=ORIENTED_EDGE('',*,*,#2751,.F.);
#1873=ORIENTED_EDGE('',*,*,#2747,.T.);
#1874=ORIENTED_EDGE('',*,*,#2752,.T.);
#1875=ORIENTED_EDGE('',*,*,#2685,.F.);
#1876=ORIENTED_EDGE('',*,*,#2753,.F.);
#1877=ORIENTED_EDGE('',*,*,#2750,.T.);
#1878=ORIENTED_EDGE('',*,*,#2754,.F.);
#1879=ORIENTED_EDGE('',*,*,#2755,.T.);
#1880=ORIENTED_EDGE('',*,*,#2756,.T.);
#1881=ORIENTED_EDGE('',*,*,#2757,.F.);
#1882=ORIENTED_EDGE('',*,*,#2758,.T.);
#1883=ORIENTED_EDGE('',*,*,#2759,.F.);
#1884=ORIENTED_EDGE('',*,*,#2760,.F.);
#1885=ORIENTED_EDGE('',*,*,#2757,.T.);
#1886=ORIENTED_EDGE('',*,*,#2761,.T.);
#1887=ORIENTED_EDGE('',*,*,#2762,.F.);
#1888=ORIENTED_EDGE('',*,*,#2763,.F.);
#1889=ORIENTED_EDGE('',*,*,#2759,.T.);
#1890=ORIENTED_EDGE('',*,*,#2764,.T.);
#1891=ORIENTED_EDGE('',*,*,#2765,.F.);
#1892=ORIENTED_EDGE('',*,*,#2766,.F.);
#1893=ORIENTED_EDGE('',*,*,#2762,.T.);
#1894=ORIENTED_EDGE('',*,*,#2767,.T.);
#1895=ORIENTED_EDGE('',*,*,#2768,.T.);
#1896=ORIENTED_EDGE('',*,*,#2769,.F.);
#1897=ORIENTED_EDGE('',*,*,#2765,.T.);
#1898=ORIENTED_EDGE('',*,*,#2770,.T.);
#1899=ORIENTED_EDGE('',*,*,#2708,.T.);
#1900=ORIENTED_EDGE('',*,*,#2711,.T.);
#1901=ORIENTED_EDGE('',*,*,#2714,.T.);
#1902=ORIENTED_EDGE('',*,*,#2717,.T.);
#1903=ORIENTED_EDGE('',*,*,#2720,.T.);
#1904=ORIENTED_EDGE('',*,*,#2723,.T.);
#1905=ORIENTED_EDGE('',*,*,#2725,.T.);
#1906=ORIENTED_EDGE('',*,*,#2691,.T.);
#1907=ORIENTED_EDGE('',*,*,#2771,.F.);
#1908=ORIENTED_EDGE('',*,*,#2772,.F.);
#1909=ORIENTED_EDGE('',*,*,#2773,.T.);
#1910=ORIENTED_EDGE('',*,*,#2697,.T.);
#1911=ORIENTED_EDGE('',*,*,#2728,.T.);
#1912=ORIENTED_EDGE('',*,*,#2731,.T.);
#1913=ORIENTED_EDGE('',*,*,#2733,.T.);
#1914=ORIENTED_EDGE('',*,*,#2703,.T.);
#1915=ORIENTED_EDGE('',*,*,#2774,.F.);
#1916=ORIENTED_EDGE('',*,*,#2775,.F.);
#1917=ORIENTED_EDGE('',*,*,#2776,.T.);
#1918=ORIENTED_EDGE('',*,*,#2701,.T.);
#1919=ORIENTED_EDGE('',*,*,#2736,.T.);
#1920=ORIENTED_EDGE('',*,*,#2739,.T.);
#1921=ORIENTED_EDGE('',*,*,#2742,.T.);
#1922=ORIENTED_EDGE('',*,*,#2745,.T.);
#1923=ORIENTED_EDGE('',*,*,#2748,.T.);
#1924=ORIENTED_EDGE('',*,*,#2751,.T.);
#1925=ORIENTED_EDGE('',*,*,#2753,.T.);
#1926=ORIENTED_EDGE('',*,*,#2684,.T.);
#1927=ORIENTED_EDGE('',*,*,#2777,.F.);
#1928=ORIENTED_EDGE('',*,*,#2778,.T.);
#1929=ORIENTED_EDGE('',*,*,#2779,.T.);
#1930=ORIENTED_EDGE('',*,*,#2754,.T.);
#1931=ORIENTED_EDGE('',*,*,#2760,.T.);
#1932=ORIENTED_EDGE('',*,*,#2763,.T.);
#1933=ORIENTED_EDGE('',*,*,#2766,.T.);
#1934=ORIENTED_EDGE('',*,*,#2769,.T.);
#1935=ORIENTED_EDGE('',*,*,#2780,.F.);
#1936=ORIENTED_EDGE('',*,*,#2781,.T.);
#1937=ORIENTED_EDGE('',*,*,#2782,.T.);
#1938=ORIENTED_EDGE('',*,*,#2686,.T.);
#1939=ORIENTED_EDGE('',*,*,#2783,.F.);
#1940=ORIENTED_EDGE('',*,*,#2706,.F.);
#1941=ORIENTED_EDGE('',*,*,#2688,.F.);
#1942=ORIENTED_EDGE('',*,*,#2784,.F.);
#1943=ORIENTED_EDGE('',*,*,#2767,.F.);
#1944=ORIENTED_EDGE('',*,*,#2764,.F.);
#1945=ORIENTED_EDGE('',*,*,#2761,.F.);
#1946=ORIENTED_EDGE('',*,*,#2758,.F.);
#1947=ORIENTED_EDGE('',*,*,#2756,.F.);
#1948=ORIENTED_EDGE('',*,*,#2785,.F.);
#1949=ORIENTED_EDGE('',*,*,#2682,.F.);
#1950=ORIENTED_EDGE('',*,*,#2752,.F.);
#1951=ORIENTED_EDGE('',*,*,#2749,.F.);
#1952=ORIENTED_EDGE('',*,*,#2746,.F.);
#1953=ORIENTED_EDGE('',*,*,#2743,.F.);
#1954=ORIENTED_EDGE('',*,*,#2740,.F.);
#1955=ORIENTED_EDGE('',*,*,#2737,.F.);
#1956=ORIENTED_EDGE('',*,*,#2734,.F.);
#1957=ORIENTED_EDGE('',*,*,#2699,.F.);
#1958=ORIENTED_EDGE('',*,*,#2786,.F.);
#1959=ORIENTED_EDGE('',*,*,#2705,.F.);
#1960=ORIENTED_EDGE('',*,*,#2732,.F.);
#1961=ORIENTED_EDGE('',*,*,#2729,.F.);
#1962=ORIENTED_EDGE('',*,*,#2726,.F.);
#1963=ORIENTED_EDGE('',*,*,#2695,.F.);
#1964=ORIENTED_EDGE('',*,*,#2787,.F.);
#1965=ORIENTED_EDGE('',*,*,#2693,.F.);
#1966=ORIENTED_EDGE('',*,*,#2724,.F.);
#1967=ORIENTED_EDGE('',*,*,#2721,.F.);
#1968=ORIENTED_EDGE('',*,*,#2718,.F.);
#1969=ORIENTED_EDGE('',*,*,#2715,.F.);
#1970=ORIENTED_EDGE('',*,*,#2712,.F.);
#1971=ORIENTED_EDGE('',*,*,#2709,.F.);
#1972=ORIENTED_EDGE('',*,*,#2788,.F.);
#1973=ORIENTED_EDGE('',*,*,#2787,.T.);
#1974=ORIENTED_EDGE('',*,*,#2789,.F.);
#1975=ORIENTED_EDGE('',*,*,#2790,.F.);
#1976=ORIENTED_EDGE('',*,*,#2791,.F.);
#1977=ORIENTED_EDGE('',*,*,#2792,.F.);
#1978=ORIENTED_EDGE('',*,*,#2793,.T.);
#1979=ORIENTED_EDGE('',*,*,#2794,.F.);
#1980=ORIENTED_EDGE('',*,*,#2795,.F.);
#1981=ORIENTED_EDGE('',*,*,#2796,.F.);
#1982=ORIENTED_EDGE('',*,*,#2797,.T.);
#1983=ORIENTED_EDGE('',*,*,#2798,.F.);
#1984=ORIENTED_EDGE('',*,*,#2799,.F.);
#1985=ORIENTED_EDGE('',*,*,#2800,.F.);
#1986=ORIENTED_EDGE('',*,*,#2801,.F.);
#1987=ORIENTED_EDGE('',*,*,#2786,.T.);
#1988=ORIENTED_EDGE('',*,*,#2802,.F.);
#1989=ORIENTED_EDGE('',*,*,#2803,.F.);
#1990=ORIENTED_EDGE('',*,*,#2804,.F.);
#1991=ORIENTED_EDGE('',*,*,#2805,.F.);
#1992=ORIENTED_EDGE('',*,*,#2806,.T.);
#1993=ORIENTED_EDGE('',*,*,#2807,.F.);
#1994=ORIENTED_EDGE('',*,*,#2808,.F.);
#1995=ORIENTED_EDGE('',*,*,#2809,.F.);
#1996=ORIENTED_EDGE('',*,*,#2690,.T.);
#1997=ORIENTED_EDGE('',*,*,#2788,.T.);
#1998=ORIENTED_EDGE('',*,*,#2810,.F.);
#1999=ORIENTED_EDGE('',*,*,#2811,.F.);
#2000=ORIENTED_EDGE('',*,*,#2771,.T.);
#2001=ORIENTED_EDGE('',*,*,#2809,.T.);
#2002=ORIENTED_EDGE('',*,*,#2812,.F.);
#2003=ORIENTED_EDGE('',*,*,#2813,.F.);
#2004=ORIENTED_EDGE('',*,*,#2810,.T.);
#2005=ORIENTED_EDGE('',*,*,#2808,.T.);
#2006=ORIENTED_EDGE('',*,*,#2814,.F.);
#2007=ORIENTED_EDGE('',*,*,#2815,.F.);
#2008=ORIENTED_EDGE('',*,*,#2812,.T.);
#2009=ORIENTED_EDGE('',*,*,#2807,.T.);
#2010=ORIENTED_EDGE('',*,*,#2816,.F.);
#2011=ORIENTED_EDGE('',*,*,#2817,.F.);
#2012=ORIENTED_EDGE('',*,*,#2814,.T.);
#2013=ORIENTED_EDGE('',*,*,#2806,.F.);
#2014=ORIENTED_EDGE('',*,*,#2818,.F.);
#2015=ORIENTED_EDGE('',*,*,#2819,.T.);
#2016=ORIENTED_EDGE('',*,*,#2816,.T.);
#2017=ORIENTED_EDGE('',*,*,#2805,.T.);
#2018=ORIENTED_EDGE('',*,*,#2820,.F.);
#2019=ORIENTED_EDGE('',*,*,#2821,.F.);
#2020=ORIENTED_EDGE('',*,*,#2818,.T.);
#2021=ORIENTED_EDGE('',*,*,#2804,.T.);
#2022=ORIENTED_EDGE('',*,*,#2822,.F.);
#2023=ORIENTED_EDGE('',*,*,#2823,.F.);
#2024=ORIENTED_EDGE('',*,*,#2820,.T.);
#2025=ORIENTED_EDGE('',*,*,#2803,.T.);
#2026=ORIENTED_EDGE('',*,*,#2824,.F.);
#2027=ORIENTED_EDGE('',*,*,#2825,.F.);
#2028=ORIENTED_EDGE('',*,*,#2822,.T.);
#2029=ORIENTED_EDGE('',*,*,#2802,.T.);
#2030=ORIENTED_EDGE('',*,*,#2698,.T.);
#2031=ORIENTED_EDGE('',*,*,#2776,.F.);
#2032=ORIENTED_EDGE('',*,*,#2826,.F.);
#2033=ORIENTED_EDGE('',*,*,#2824,.T.);
#2034=ORIENTED_EDGE('',*,*,#2702,.T.);
#2035=ORIENTED_EDGE('',*,*,#2801,.T.);
#2036=ORIENTED_EDGE('',*,*,#2827,.F.);
#2037=ORIENTED_EDGE('',*,*,#2828,.F.);
#2038=ORIENTED_EDGE('',*,*,#2774,.T.);
#2039=ORIENTED_EDGE('',*,*,#2800,.T.);
#2040=ORIENTED_EDGE('',*,*,#2829,.F.);
#2041=ORIENTED_EDGE('',*,*,#2830,.F.);
#2042=ORIENTED_EDGE('',*,*,#2827,.T.);
#2043=ORIENTED_EDGE('',*,*,#2799,.T.);
#2044=ORIENTED_EDGE('',*,*,#2831,.F.);
#2045=ORIENTED_EDGE('',*,*,#2832,.F.);
#2046=ORIENTED_EDGE('',*,*,#2829,.T.);
#2047=ORIENTED_EDGE('',*,*,#2798,.T.);
#2048=ORIENTED_EDGE('',*,*,#2833,.F.);
#2049=ORIENTED_EDGE('',*,*,#2834,.F.);
#2050=ORIENTED_EDGE('',*,*,#2831,.T.);
#2051=ORIENTED_EDGE('',*,*,#2797,.F.);
#2052=ORIENTED_EDGE('',*,*,#2835,.F.);
#2053=ORIENTED_EDGE('',*,*,#2836,.T.);
#2054=ORIENTED_EDGE('',*,*,#2833,.T.);
#2055=ORIENTED_EDGE('',*,*,#2796,.T.);
#2056=ORIENTED_EDGE('',*,*,#2837,.F.);
#2057=ORIENTED_EDGE('',*,*,#2838,.F.);
#2058=ORIENTED_EDGE('',*,*,#2835,.T.);
#2059=ORIENTED_EDGE('',*,*,#2795,.T.);
#2060=ORIENTED_EDGE('',*,*,#2839,.F.);
#2061=ORIENTED_EDGE('',*,*,#2840,.F.);
#2062=ORIENTED_EDGE('',*,*,#2837,.T.);
#2063=ORIENTED_EDGE('',*,*,#2794,.T.);
#2064=ORIENTED_EDGE('',*,*,#2841,.F.);
#2065=ORIENTED_EDGE('',*,*,#2842,.F.);
#2066=ORIENTED_EDGE('',*,*,#2839,.T.);
#2067=ORIENTED_EDGE('',*,*,#2793,.F.);
#2068=ORIENTED_EDGE('',*,*,#2843,.F.);
#2069=ORIENTED_EDGE('',*,*,#2844,.T.);
#2070=ORIENTED_EDGE('',*,*,#2841,.T.);
#2071=ORIENTED_EDGE('',*,*,#2792,.T.);
#2072=ORIENTED_EDGE('',*,*,#2845,.F.);
#2073=ORIENTED_EDGE('',*,*,#2846,.F.);
#2074=ORIENTED_EDGE('',*,*,#2843,.T.);
#2075=ORIENTED_EDGE('',*,*,#2791,.T.);
#2076=ORIENTED_EDGE('',*,*,#2847,.F.);
#2077=ORIENTED_EDGE('',*,*,#2848,.F.);
#2078=ORIENTED_EDGE('',*,*,#2845,.T.);
#2079=ORIENTED_EDGE('',*,*,#2790,.T.);
#2080=ORIENTED_EDGE('',*,*,#2849,.F.);
#2081=ORIENTED_EDGE('',*,*,#2850,.F.);
#2082=ORIENTED_EDGE('',*,*,#2847,.T.);
#2083=ORIENTED_EDGE('',*,*,#2789,.T.);
#2084=ORIENTED_EDGE('',*,*,#2694,.T.);
#2085=ORIENTED_EDGE('',*,*,#2773,.F.);
#2086=ORIENTED_EDGE('',*,*,#2851,.F.);
#2087=ORIENTED_EDGE('',*,*,#2849,.T.);
#2088=ORIENTED_EDGE('',*,*,#2811,.T.);
#2089=ORIENTED_EDGE('',*,*,#2813,.T.);
#2090=ORIENTED_EDGE('',*,*,#2815,.T.);
#2091=ORIENTED_EDGE('',*,*,#2817,.T.);
#2092=ORIENTED_EDGE('',*,*,#2819,.F.);
#2093=ORIENTED_EDGE('',*,*,#2821,.T.);
#2094=ORIENTED_EDGE('',*,*,#2823,.T.);
#2095=ORIENTED_EDGE('',*,*,#2825,.T.);
#2096=ORIENTED_EDGE('',*,*,#2826,.T.);
#2097=ORIENTED_EDGE('',*,*,#2775,.T.);
#2098=ORIENTED_EDGE('',*,*,#2828,.T.);
#2099=ORIENTED_EDGE('',*,*,#2830,.T.);
#2100=ORIENTED_EDGE('',*,*,#2832,.T.);
#2101=ORIENTED_EDGE('',*,*,#2834,.T.);
#2102=ORIENTED_EDGE('',*,*,#2836,.F.);
#2103=ORIENTED_EDGE('',*,*,#2838,.T.);
#2104=ORIENTED_EDGE('',*,*,#2840,.T.);
#2105=ORIENTED_EDGE('',*,*,#2842,.T.);
#2106=ORIENTED_EDGE('',*,*,#2844,.F.);
#2107=ORIENTED_EDGE('',*,*,#2846,.T.);
#2108=ORIENTED_EDGE('',*,*,#2848,.T.);
#2109=ORIENTED_EDGE('',*,*,#2850,.T.);
#2110=ORIENTED_EDGE('',*,*,#2851,.T.);
#2111=ORIENTED_EDGE('',*,*,#2772,.T.);
#2112=ORIENTED_EDGE('',*,*,#2784,.T.);
#2113=ORIENTED_EDGE('',*,*,#2852,.T.);
#2114=ORIENTED_EDGE('',*,*,#2853,.T.);
#2115=ORIENTED_EDGE('',*,*,#2854,.T.);
#2116=ORIENTED_EDGE('',*,*,#2855,.T.);
#2117=ORIENTED_EDGE('',*,*,#2856,.F.);
#2118=ORIENTED_EDGE('',*,*,#2857,.T.);
#2119=ORIENTED_EDGE('',*,*,#2858,.T.);
#2120=ORIENTED_EDGE('',*,*,#2859,.T.);
#2121=ORIENTED_EDGE('',*,*,#2860,.T.);
#2122=ORIENTED_EDGE('',*,*,#2785,.T.);
#2123=ORIENTED_EDGE('',*,*,#2861,.T.);
#2124=ORIENTED_EDGE('',*,*,#2862,.T.);
#2125=ORIENTED_EDGE('',*,*,#2863,.T.);
#2126=ORIENTED_EDGE('',*,*,#2864,.T.);
#2127=ORIENTED_EDGE('',*,*,#2865,.F.);
#2128=ORIENTED_EDGE('',*,*,#2866,.T.);
#2129=ORIENTED_EDGE('',*,*,#2867,.T.);
#2130=ORIENTED_EDGE('',*,*,#2868,.T.);
#2131=ORIENTED_EDGE('',*,*,#2869,.F.);
#2132=ORIENTED_EDGE('',*,*,#2870,.T.);
#2133=ORIENTED_EDGE('',*,*,#2871,.T.);
#2134=ORIENTED_EDGE('',*,*,#2872,.T.);
#2135=ORIENTED_EDGE('',*,*,#2873,.T.);
#2136=ORIENTED_EDGE('',*,*,#2687,.F.);
#2137=ORIENTED_EDGE('',*,*,#2782,.F.);
#2138=ORIENTED_EDGE('',*,*,#2874,.T.);
#2139=ORIENTED_EDGE('',*,*,#2875,.T.);
#2140=ORIENTED_EDGE('',*,*,#2852,.F.);
#2141=ORIENTED_EDGE('',*,*,#2853,.F.);
#2142=ORIENTED_EDGE('',*,*,#2875,.F.);
#2143=ORIENTED_EDGE('',*,*,#2876,.T.);
#2144=ORIENTED_EDGE('',*,*,#2877,.T.);
#2145=ORIENTED_EDGE('',*,*,#2854,.F.);
#2146=ORIENTED_EDGE('',*,*,#2877,.F.);
#2147=ORIENTED_EDGE('',*,*,#2878,.T.);
#2148=ORIENTED_EDGE('',*,*,#2879,.T.);
#2149=ORIENTED_EDGE('',*,*,#2855,.F.);
#2150=ORIENTED_EDGE('',*,*,#2879,.F.);
#2151=ORIENTED_EDGE('',*,*,#2880,.T.);
#2152=ORIENTED_EDGE('',*,*,#2881,.T.);
#2153=ORIENTED_EDGE('',*,*,#2856,.T.);
#2154=ORIENTED_EDGE('',*,*,#2881,.F.);
#2155=ORIENTED_EDGE('',*,*,#2882,.F.);
#2156=ORIENTED_EDGE('',*,*,#2883,.T.);
#2157=ORIENTED_EDGE('',*,*,#2857,.F.);
#2158=ORIENTED_EDGE('',*,*,#2883,.F.);
#2159=ORIENTED_EDGE('',*,*,#2884,.T.);
#2160=ORIENTED_EDGE('',*,*,#2885,.T.);
#2161=ORIENTED_EDGE('',*,*,#2858,.F.);
#2162=ORIENTED_EDGE('',*,*,#2885,.F.);
#2163=ORIENTED_EDGE('',*,*,#2886,.T.);
#2164=ORIENTED_EDGE('',*,*,#2887,.T.);
#2165=ORIENTED_EDGE('',*,*,#2859,.F.);
#2166=ORIENTED_EDGE('',*,*,#2887,.F.);
#2167=ORIENTED_EDGE('',*,*,#2888,.T.);
#2168=ORIENTED_EDGE('',*,*,#2889,.T.);
#2169=ORIENTED_EDGE('',*,*,#2860,.F.);
#2170=ORIENTED_EDGE('',*,*,#2889,.F.);
#2171=ORIENTED_EDGE('',*,*,#2890,.T.);
#2172=ORIENTED_EDGE('',*,*,#2777,.T.);
#2173=ORIENTED_EDGE('',*,*,#2683,.F.);
#2174=ORIENTED_EDGE('',*,*,#2755,.F.);
#2175=ORIENTED_EDGE('',*,*,#2779,.F.);
#2176=ORIENTED_EDGE('',*,*,#2891,.T.);
#2177=ORIENTED_EDGE('',*,*,#2892,.T.);
#2178=ORIENTED_EDGE('',*,*,#2861,.F.);
#2179=ORIENTED_EDGE('',*,*,#2862,.F.);
#2180=ORIENTED_EDGE('',*,*,#2892,.F.);
#2181=ORIENTED_EDGE('',*,*,#2893,.T.);
#2182=ORIENTED_EDGE('',*,*,#2894,.T.);
#2183=ORIENTED_EDGE('',*,*,#2863,.F.);
#2184=ORIENTED_EDGE('',*,*,#2894,.F.);
#2185=ORIENTED_EDGE('',*,*,#2895,.T.);
#2186=ORIENTED_EDGE('',*,*,#2896,.T.);
#2187=ORIENTED_EDGE('',*,*,#2864,.F.);
#2188=ORIENTED_EDGE('',*,*,#2896,.F.);
#2189=ORIENTED_EDGE('',*,*,#2897,.T.);
#2190=ORIENTED_EDGE('',*,*,#2898,.T.);
#2191=ORIENTED_EDGE('',*,*,#2865,.T.);
#2192=ORIENTED_EDGE('',*,*,#2898,.F.);
#2193=ORIENTED_EDGE('',*,*,#2899,.F.);
#2194=ORIENTED_EDGE('',*,*,#2900,.T.);
#2195=ORIENTED_EDGE('',*,*,#2866,.F.);
#2196=ORIENTED_EDGE('',*,*,#2900,.F.);
#2197=ORIENTED_EDGE('',*,*,#2901,.T.);
#2198=ORIENTED_EDGE('',*,*,#2902,.T.);
#2199=ORIENTED_EDGE('',*,*,#2867,.F.);
#2200=ORIENTED_EDGE('',*,*,#2902,.F.);
#2201=ORIENTED_EDGE('',*,*,#2903,.T.);
#2202=ORIENTED_EDGE('',*,*,#2904,.T.);
#2203=ORIENTED_EDGE('',*,*,#2868,.F.);
#2204=ORIENTED_EDGE('',*,*,#2904,.F.);
#2205=ORIENTED_EDGE('',*,*,#2905,.T.);
#2206=ORIENTED_EDGE('',*,*,#2906,.T.);
#2207=ORIENTED_EDGE('',*,*,#2869,.T.);
#2208=ORIENTED_EDGE('',*,*,#2906,.F.);
#2209=ORIENTED_EDGE('',*,*,#2907,.F.);
#2210=ORIENTED_EDGE('',*,*,#2908,.T.);
#2211=ORIENTED_EDGE('',*,*,#2870,.F.);
#2212=ORIENTED_EDGE('',*,*,#2908,.F.);
#2213=ORIENTED_EDGE('',*,*,#2909,.T.);
#2214=ORIENTED_EDGE('',*,*,#2910,.T.);
#2215=ORIENTED_EDGE('',*,*,#2871,.F.);
#2216=ORIENTED_EDGE('',*,*,#2910,.F.);
#2217=ORIENTED_EDGE('',*,*,#2911,.T.);
#2218=ORIENTED_EDGE('',*,*,#2912,.T.);
#2219=ORIENTED_EDGE('',*,*,#2872,.F.);
#2220=ORIENTED_EDGE('',*,*,#2912,.F.);
#2221=ORIENTED_EDGE('',*,*,#2913,.T.);
#2222=ORIENTED_EDGE('',*,*,#2914,.T.);
#2223=ORIENTED_EDGE('',*,*,#2873,.F.);
#2224=ORIENTED_EDGE('',*,*,#2914,.F.);
#2225=ORIENTED_EDGE('',*,*,#2915,.T.);
#2226=ORIENTED_EDGE('',*,*,#2780,.T.);
#2227=ORIENTED_EDGE('',*,*,#2768,.F.);
#2228=ORIENTED_EDGE('',*,*,#2874,.F.);
#2229=ORIENTED_EDGE('',*,*,#2781,.F.);
#2230=ORIENTED_EDGE('',*,*,#2915,.F.);
#2231=ORIENTED_EDGE('',*,*,#2913,.F.);
#2232=ORIENTED_EDGE('',*,*,#2911,.F.);
#2233=ORIENTED_EDGE('',*,*,#2909,.F.);
#2234=ORIENTED_EDGE('',*,*,#2907,.T.);
#2235=ORIENTED_EDGE('',*,*,#2905,.F.);
#2236=ORIENTED_EDGE('',*,*,#2903,.F.);
#2237=ORIENTED_EDGE('',*,*,#2901,.F.);
#2238=ORIENTED_EDGE('',*,*,#2899,.T.);
#2239=ORIENTED_EDGE('',*,*,#2897,.F.);
#2240=ORIENTED_EDGE('',*,*,#2895,.F.);
#2241=ORIENTED_EDGE('',*,*,#2893,.F.);
#2242=ORIENTED_EDGE('',*,*,#2891,.F.);
#2243=ORIENTED_EDGE('',*,*,#2778,.F.);
#2244=ORIENTED_EDGE('',*,*,#2890,.F.);
#2245=ORIENTED_EDGE('',*,*,#2888,.F.);
#2246=ORIENTED_EDGE('',*,*,#2886,.F.);
#2247=ORIENTED_EDGE('',*,*,#2884,.F.);
#2248=ORIENTED_EDGE('',*,*,#2882,.T.);
#2249=ORIENTED_EDGE('',*,*,#2880,.F.);
#2250=ORIENTED_EDGE('',*,*,#2878,.F.);
#2251=ORIENTED_EDGE('',*,*,#2876,.F.);
#2252=ORIENTED_EDGE('',*,*,#2916,.F.);
#2253=ORIENTED_EDGE('',*,*,#2917,.F.);
#2254=ORIENTED_EDGE('',*,*,#2770,.F.);
#2255=ORIENTED_EDGE('',*,*,#2916,.T.);
#2256=ORIENTED_EDGE('',*,*,#2783,.T.);
#2257=ORIENTED_EDGE('',*,*,#2917,.T.);
#2258=ORIENTED_EDGE('',*,*,#2918,.F.);
#2259=ORIENTED_EDGE('',*,*,#2919,.F.);
#2260=ORIENTED_EDGE('',*,*,#2920,.T.);
#2261=ORIENTED_EDGE('',*,*,#2921,.F.);
#2262=ORIENTED_EDGE('',*,*,#2922,.F.);
#2263=ORIENTED_EDGE('',*,*,#2923,.T.);
#2264=ORIENTED_EDGE('',*,*,#2924,.F.);
#2265=ORIENTED_EDGE('',*,*,#2925,.T.);
#2266=ORIENTED_EDGE('',*,*,#2926,.T.);
#2267=ORIENTED_EDGE('',*,*,#2927,.F.);
#2268=ORIENTED_EDGE('',*,*,#2928,.T.);
#2269=ORIENTED_EDGE('',*,*,#2929,.T.);
#2270=ORIENTED_EDGE('',*,*,#2930,.F.);
#2271=ORIENTED_EDGE('',*,*,#2931,.T.);
#2272=ORIENTED_EDGE('',*,*,#2932,.F.);
#2273=ORIENTED_EDGE('',*,*,#2933,.T.);
#2274=ORIENTED_EDGE('',*,*,#2934,.F.);
#2275=ORIENTED_EDGE('',*,*,#2933,.F.);
#2276=ORIENTED_EDGE('',*,*,#2935,.T.);
#2277=ORIENTED_EDGE('',*,*,#2919,.T.);
#2278=ORIENTED_EDGE('',*,*,#2936,.F.);
#2279=ORIENTED_EDGE('',*,*,#2937,.T.);
#2280=ORIENTED_EDGE('',*,*,#2938,.T.);
#2281=ORIENTED_EDGE('',*,*,#2939,.F.);
#2282=ORIENTED_EDGE('',*,*,#2940,.T.);
#2283=ORIENTED_EDGE('',*,*,#2941,.T.);
#2284=ORIENTED_EDGE('',*,*,#2942,.F.);
#2285=ORIENTED_EDGE('',*,*,#2943,.T.);
#2286=ORIENTED_EDGE('',*,*,#2944,.T.);
#2287=ORIENTED_EDGE('',*,*,#2945,.F.);
#2288=ORIENTED_EDGE('',*,*,#2946,.T.);
#2289=ORIENTED_EDGE('',*,*,#2947,.T.);
#2290=ORIENTED_EDGE('',*,*,#2948,.F.);
#2291=ORIENTED_EDGE('',*,*,#2925,.F.);
#2292=ORIENTED_EDGE('',*,*,#2949,.T.);
#2293=ORIENTED_EDGE('',*,*,#2927,.T.);
#2294=ORIENTED_EDGE('',*,*,#2950,.F.);
#2295=ORIENTED_EDGE('',*,*,#2939,.T.);
#2296=ORIENTED_EDGE('',*,*,#2951,.F.);
#2297=ORIENTED_EDGE('',*,*,#2952,.F.);
#2298=ORIENTED_EDGE('',*,*,#2953,.F.);
#2299=ORIENTED_EDGE('',*,*,#2954,.F.);
#2300=ORIENTED_EDGE('',*,*,#2955,.F.);
#2301=ORIENTED_EDGE('',*,*,#2945,.T.);
#2302=ORIENTED_EDGE('',*,*,#2954,.T.);
#2303=ORIENTED_EDGE('',*,*,#2956,.T.);
#2304=ORIENTED_EDGE('',*,*,#2952,.T.);
#2305=ORIENTED_EDGE('',*,*,#2957,.T.);
#2306=ORIENTED_EDGE('',*,*,#2958,.F.);
#2307=ORIENTED_EDGE('',*,*,#2923,.F.);
#2308=ORIENTED_EDGE('',*,*,#2959,.F.);
#2309=ORIENTED_EDGE('',*,*,#2929,.F.);
#2310=ORIENTED_EDGE('',*,*,#2931,.F.);
#2311=ORIENTED_EDGE('',*,*,#2960,.F.);
#2312=ORIENTED_EDGE('',*,*,#2921,.T.);
#2313=ORIENTED_EDGE('',*,*,#2961,.T.);
#2314=ORIENTED_EDGE('',*,*,#2959,.T.);
#2315=ORIENTED_EDGE('',*,*,#2922,.T.);
#2316=ORIENTED_EDGE('',*,*,#2960,.T.);
#2317=ORIENTED_EDGE('',*,*,#2930,.T.);
#2318=ORIENTED_EDGE('',*,*,#2961,.F.);
#2319=ORIENTED_EDGE('',*,*,#2920,.F.);
#2320=ORIENTED_EDGE('',*,*,#2935,.F.);
#2321=ORIENTED_EDGE('',*,*,#2932,.T.);
#2322=ORIENTED_EDGE('',*,*,#2958,.T.);
#2323=ORIENTED_EDGE('',*,*,#2928,.F.);
#2324=ORIENTED_EDGE('',*,*,#2949,.F.);
#2325=ORIENTED_EDGE('',*,*,#2924,.T.);
#2326=ORIENTED_EDGE('',*,*,#2962,.T.);
#2327=ORIENTED_EDGE('',*,*,#2946,.F.);
#2328=ORIENTED_EDGE('',*,*,#2955,.T.);
#2329=ORIENTED_EDGE('',*,*,#2957,.F.);
#2330=ORIENTED_EDGE('',*,*,#2951,.T.);
#2331=ORIENTED_EDGE('',*,*,#2938,.F.);
#2332=ORIENTED_EDGE('',*,*,#2936,.T.);
#2333=ORIENTED_EDGE('',*,*,#2918,.T.);
#2334=ORIENTED_EDGE('',*,*,#2948,.T.);
#2335=ORIENTED_EDGE('',*,*,#2963,.F.);
#2336=ORIENTED_EDGE('',*,*,#2963,.T.);
#2337=ORIENTED_EDGE('',*,*,#2947,.F.);
#2338=ORIENTED_EDGE('',*,*,#2962,.F.);
#2339=ORIENTED_EDGE('',*,*,#2937,.F.);
#2340=ORIENTED_EDGE('',*,*,#2934,.T.);
#2341=ORIENTED_EDGE('',*,*,#2964,.T.);
#2342=ORIENTED_EDGE('',*,*,#2942,.T.);
#2343=ORIENTED_EDGE('',*,*,#2926,.F.);
#2344=ORIENTED_EDGE('',*,*,#2965,.T.);
#2345=ORIENTED_EDGE('',*,*,#2943,.F.);
#2346=ORIENTED_EDGE('',*,*,#2964,.F.);
#2347=ORIENTED_EDGE('',*,*,#2941,.F.);
#2348=ORIENTED_EDGE('',*,*,#2950,.T.);
#2349=ORIENTED_EDGE('',*,*,#2956,.F.);
#2350=ORIENTED_EDGE('',*,*,#2953,.T.);
#2351=ORIENTED_EDGE('',*,*,#2944,.F.);
#2352=ORIENTED_EDGE('',*,*,#2965,.F.);
#2353=ORIENTED_EDGE('',*,*,#2940,.F.);
#2354=EDGE_CURVE('',#2966,#2966,#3375,.T.);
#2355=EDGE_CURVE('',#2967,#2967,#3376,.T.);
#2356=EDGE_CURVE('',#2968,#2968,#3377,.T.);
#2357=EDGE_CURVE('',#2969,#2970,#116,.T.);
#2358=EDGE_CURVE('',#2969,#2971,#117,.T.);
#2359=EDGE_CURVE('',#2972,#2971,#118,.T.);
#2360=EDGE_CURVE('',#2973,#2972,#119,.T.);
#2361=EDGE_CURVE('',#2973,#2974,#3378,.T.);
#2362=EDGE_CURVE('',#2974,#2975,#120,.T.);
#2363=EDGE_CURVE('',#2976,#2975,#121,.T.);
#2364=EDGE_CURVE('',#2977,#2976,#122,.T.);
#2365=EDGE_CURVE('',#2977,#2978,#123,.T.);
#2366=EDGE_CURVE('',#2978,#2979,#124,.T.);
#2367=EDGE_CURVE('',#2979,#2980,#3379,.T.);
#2368=EDGE_CURVE('',#2981,#2980,#125,.T.);
#2369=EDGE_CURVE('',#2982,#2981,#126,.T.);
#2370=EDGE_CURVE('',#2982,#2983,#127,.T.);
#2371=EDGE_CURVE('',#2983,#2984,#3380,.T.);
#2372=EDGE_CURVE('',#2984,#2985,#128,.T.);
#2373=EDGE_CURVE('',#2986,#2985,#129,.T.);
#2374=EDGE_CURVE('',#2987,#2986,#130,.T.);
#2375=EDGE_CURVE('',#2987,#2988,#131,.T.);
#2376=EDGE_CURVE('',#2988,#2989,#132,.T.);
#2377=EDGE_CURVE('',#2989,#2990,#3381,.T.);
#2378=EDGE_CURVE('',#2990,#2991,#133,.T.);
#2379=EDGE_CURVE('',#2992,#2991,#134,.T.);
#2380=EDGE_CURVE('',#2970,#2992,#135,.T.);
#2381=EDGE_CURVE('',#2975,#2993,#136,.T.);
#2382=EDGE_CURVE('',#2994,#2993,#137,.T.);
#2383=EDGE_CURVE('',#2976,#2994,#138,.T.);
#2384=EDGE_CURVE('',#2988,#2995,#139,.T.);
#2385=EDGE_CURVE('',#2987,#2996,#140,.T.);
#2386=EDGE_CURVE('',#2996,#2995,#141,.T.);
#2387=EDGE_CURVE('',#2997,#2998,#142,.T.);
#2388=EDGE_CURVE('',#2998,#2978,#143,.T.);
#2389=EDGE_CURVE('',#2997,#2977,#144,.T.);
#2390=EDGE_CURVE('',#2999,#2985,#145,.T.);
#2391=EDGE_CURVE('',#3000,#2999,#146,.T.);
#2392=EDGE_CURVE('',#3000,#2986,#147,.T.);
#2393=EDGE_CURVE('',#3001,#3002,#148,.T.);
#2394=EDGE_CURVE('',#3001,#2996,#3382,.T.);
#2395=EDGE_CURVE('',#3000,#3003,#3383,.T.);
#2396=EDGE_CURVE('',#3003,#3004,#149,.T.);
#2397=EDGE_CURVE('',#3005,#3004,#150,.T.);
#2398=EDGE_CURVE('',#3006,#3005,#151,.T.);
#2399=EDGE_CURVE('',#3007,#3006,#152,.T.);
#2400=EDGE_CURVE('',#3008,#3007,#153,.T.);
#2401=EDGE_CURVE('',#3009,#3008,#154,.T.);
#2402=EDGE_CURVE('',#3010,#3009,#155,.T.);
#2403=EDGE_CURVE('',#3011,#3010,#156,.T.);
#2404=EDGE_CURVE('',#3011,#3012,#157,.T.);
#2405=EDGE_CURVE('',#3002,#3012,#158,.T.);
#2406=EDGE_CURVE('',#2982,#3013,#159,.T.);
#2407=EDGE_CURVE('',#2981,#3014,#160,.T.);
#2408=EDGE_CURVE('',#3015,#3014,#161,.T.);
#2409=EDGE_CURVE('',#3015,#3016,#162,.T.);
#2410=EDGE_CURVE('',#3017,#3016,#163,.T.);
#2411=EDGE_CURVE('',#3018,#3017,#164,.T.);
#2412=EDGE_CURVE('',#3019,#3018,#165,.T.);
#2413=EDGE_CURVE('',#3020,#3019,#166,.T.);
#2414=EDGE_CURVE('',#3021,#3020,#167,.T.);
#2415=EDGE_CURVE('',#3022,#3021,#168,.T.);
#2416=EDGE_CURVE('',#3023,#3022,#169,.T.);
#2417=EDGE_CURVE('',#3024,#3023,#170,.T.);
#2418=EDGE_CURVE('',#3025,#3024,#171,.T.);
#2419=EDGE_CURVE('',#3026,#3025,#172,.T.);
#2420=EDGE_CURVE('',#3027,#3026,#173,.T.);
#2421=EDGE_CURVE('',#3028,#3027,#174,.T.);
#2422=EDGE_CURVE('',#3004,#3028,#175,.T.);
#2423=EDGE_CURVE('',#3003,#3013,#176,.T.);
#2424=EDGE_CURVE('',#3029,#2994,#3384,.F.);
#2425=EDGE_CURVE('',#3029,#3030,#177,.T.);
#2426=EDGE_CURVE('',#3031,#3030,#178,.T.);
#2427=EDGE_CURVE('',#3032,#3031,#179,.T.);
#2428=EDGE_CURVE('',#3032,#3033,#180,.T.);
#2429=EDGE_CURVE('',#3033,#3034,#181,.T.);
#2430=EDGE_CURVE('',#3034,#3035,#182,.T.);
#2431=EDGE_CURVE('',#3035,#3036,#183,.T.);
#2432=EDGE_CURVE('',#3036,#3037,#184,.T.);
#2433=EDGE_CURVE('',#3037,#3038,#185,.T.);
#2434=EDGE_CURVE('',#3016,#3038,#186,.T.);
#2435=EDGE_CURVE('',#2997,#3015,#3385,.F.);
#2436=EDGE_CURVE('',#3037,#3039,#187,.T.);
#2437=EDGE_CURVE('',#3039,#3040,#188,.T.);
#2438=EDGE_CURVE('',#3038,#3040,#189,.T.);
#2439=EDGE_CURVE('',#3041,#3042,#190,.T.);
#2440=EDGE_CURVE('',#3042,#3043,#191,.T.);
#2441=EDGE_CURVE('',#3043,#3044,#192,.T.);
#2442=EDGE_CURVE('',#3040,#3044,#193,.T.);
#2443=EDGE_CURVE('',#3039,#3045,#194,.T.);
#2444=EDGE_CURVE('',#3045,#3046,#195,.T.);
#2445=EDGE_CURVE('',#3046,#3041,#196,.T.);
#2446=EDGE_CURVE('',#3043,#3032,#197,.T.);
#2447=EDGE_CURVE('',#3044,#3031,#198,.T.);
#2448=EDGE_CURVE('',#2971,#3047,#199,.T.);
#2449=EDGE_CURVE('',#3047,#3048,#200,.T.);
#2450=EDGE_CURVE('',#2992,#3048,#201,.T.);
#2451=EDGE_CURVE('',#3049,#2991,#202,.T.);
#2452=EDGE_CURVE('',#3001,#3049,#203,.T.);
#2453=EDGE_CURVE('',#3050,#3002,#204,.T.);
#2454=EDGE_CURVE('',#3050,#3051,#205,.T.);
#2455=EDGE_CURVE('',#3051,#3052,#206,.T.);
#2456=EDGE_CURVE('',#3052,#3053,#207,.T.);
#2457=EDGE_CURVE('',#3053,#3054,#208,.T.);
#2458=EDGE_CURVE('',#3054,#3055,#209,.T.);
#2459=EDGE_CURVE('',#3056,#3055,#210,.T.);
#2460=EDGE_CURVE('',#3056,#3057,#211,.T.);
#2461=EDGE_CURVE('',#3057,#3058,#212,.T.);
#2462=EDGE_CURVE('',#3058,#3059,#213,.T.);
#2463=EDGE_CURVE('',#3059,#3060,#214,.T.);
#2464=EDGE_CURVE('',#3060,#3061,#215,.T.);
#2465=EDGE_CURVE('',#3030,#3061,#216,.T.);
#2466=EDGE_CURVE('',#3029,#3062,#217,.T.);
#2467=EDGE_CURVE('',#3062,#2972,#218,.T.);
#2468=EDGE_CURVE('',#3017,#3063,#219,.T.);
#2469=EDGE_CURVE('',#3061,#3064,#220,.T.);
#2470=EDGE_CURVE('',#3064,#3065,#221,.T.);
#2471=EDGE_CURVE('',#3065,#3056,#222,.T.);
#2472=EDGE_CURVE('',#3055,#3066,#223,.T.);
#2473=EDGE_CURVE('',#3066,#3067,#224,.T.);
#2474=EDGE_CURVE('',#3067,#3050,#225,.T.);
#2475=EDGE_CURVE('',#3012,#3068,#226,.T.);
#2476=EDGE_CURVE('',#3068,#3069,#227,.T.);
#2477=EDGE_CURVE('',#3069,#3005,#228,.T.);
#2478=EDGE_CURVE('',#3070,#3028,#229,.T.);
#2479=EDGE_CURVE('',#3071,#3070,#230,.T.);
#2480=EDGE_CURVE('',#3023,#3071,#231,.T.);
#2481=EDGE_CURVE('',#3072,#3022,#232,.T.);
#2482=EDGE_CURVE('',#3063,#3072,#233,.T.);
#2483=EDGE_CURVE('',#3073,#3011,#234,.T.);
#2484=EDGE_CURVE('',#3073,#3068,#235,.T.);
#2485=EDGE_CURVE('',#3074,#3073,#236,.T.);
#2486=EDGE_CURVE('',#3075,#3074,#237,.T.);
#2487=EDGE_CURVE('',#3076,#3075,#238,.T.);
#2488=EDGE_CURVE('',#3077,#3076,#239,.T.);
#2489=EDGE_CURVE('',#3078,#3077,#240,.T.);
#2490=EDGE_CURVE('',#3078,#3069,#241,.T.);
#2491=EDGE_CURVE('',#3006,#3078,#242,.T.);
#2492=EDGE_CURVE('',#3066,#3079,#243,.T.);
#2493=EDGE_CURVE('',#3079,#3080,#244,.T.);
#2494=EDGE_CURVE('',#3080,#3081,#245,.T.);
#2495=EDGE_CURVE('',#3081,#3082,#246,.T.);
#2496=EDGE_CURVE('',#3082,#3067,#247,.T.);
#2497=EDGE_CURVE('',#3051,#3082,#248,.T.);
#2498=EDGE_CURVE('',#3054,#3079,#249,.T.);
#2499=EDGE_CURVE('',#3052,#3081,#250,.T.);
#2500=EDGE_CURVE('',#3053,#3080,#251,.T.);
#2501=EDGE_CURVE('',#3064,#3083,#252,.T.);
#2502=EDGE_CURVE('',#3083,#3084,#253,.T.);
#2503=EDGE_CURVE('',#3084,#3085,#254,.T.);
#2504=EDGE_CURVE('',#3085,#3086,#255,.T.);
#2505=EDGE_CURVE('',#3086,#3065,#256,.T.);
#2506=EDGE_CURVE('',#3060,#3083,#257,.T.);
#2507=EDGE_CURVE('',#3059,#3084,#258,.T.);
#2508=EDGE_CURVE('',#3058,#3085,#259,.T.);
#2509=EDGE_CURVE('',#3057,#3086,#260,.T.);
#2510=EDGE_CURVE('',#3027,#3087,#261,.T.);
#2511=EDGE_CURVE('',#3087,#3070,#262,.T.);
#2512=EDGE_CURVE('',#3026,#3088,#263,.T.);
#2513=EDGE_CURVE('',#3088,#3087,#264,.T.);
#2514=EDGE_CURVE('',#3025,#3089,#265,.T.);
#2515=EDGE_CURVE('',#3089,#3088,#266,.T.);
#2516=EDGE_CURVE('',#3024,#3090,#267,.T.);
#2517=EDGE_CURVE('',#3090,#3089,#268,.T.);
#2518=EDGE_CURVE('',#3071,#3090,#269,.T.);
#2519=EDGE_CURVE('',#3091,#3072,#270,.T.);
#2520=EDGE_CURVE('',#3092,#3091,#271,.T.);
#2521=EDGE_CURVE('',#3093,#3092,#272,.T.);
#2522=EDGE_CURVE('',#3094,#3093,#273,.T.);
#2523=EDGE_CURVE('',#3063,#3094,#274,.T.);
#2524=EDGE_CURVE('',#3018,#3094,#275,.T.);
#2525=EDGE_CURVE('',#3019,#3093,#276,.T.);
#2526=EDGE_CURVE('',#3020,#3092,#277,.T.);
#2527=EDGE_CURVE('',#3021,#3091,#278,.T.);
#2528=EDGE_CURVE('',#3042,#3033,#279,.T.);
#2529=EDGE_CURVE('',#3041,#3034,#280,.T.);
#2530=EDGE_CURVE('',#3046,#3035,#281,.T.);
#2531=EDGE_CURVE('',#3045,#3036,#282,.T.);
#2532=EDGE_CURVE('',#3074,#3010,#283,.T.);
#2533=EDGE_CURVE('',#3075,#3009,#284,.T.);
#2534=EDGE_CURVE('',#3076,#3008,#285,.T.);
#2535=EDGE_CURVE('',#3077,#3007,#286,.T.);
#2536=EDGE_CURVE('',#3014,#3095,#3386,.T.);
#2537=EDGE_CURVE('',#2998,#3095,#287,.T.);
#2538=EDGE_CURVE('',#3096,#2980,#288,.T.);
#2539=EDGE_CURVE('',#3096,#3095,#289,.T.);
#2540=EDGE_CURVE('',#3097,#3062,#3387,.T.);
#2541=EDGE_CURVE('',#3097,#3098,#290,.T.);
#2542=EDGE_CURVE('',#3098,#2973,#291,.T.);
#2543=EDGE_CURVE('',#3097,#2993,#292,.T.);
#2544=EDGE_CURVE('',#2999,#3099,#293,.T.);
#2545=EDGE_CURVE('',#3013,#3099,#3388,.T.);
#2546=EDGE_CURVE('',#3099,#3100,#294,.T.);
#2547=EDGE_CURVE('',#3100,#2983,#295,.T.);
#2548=EDGE_CURVE('',#3101,#2990,#296,.T.);
#2549=EDGE_CURVE('',#3101,#3102,#297,.T.);
#2550=EDGE_CURVE('',#3102,#3049,#3389,.T.);
#2551=EDGE_CURVE('',#2995,#3102,#298,.T.);
#2552=EDGE_CURVE('',#3103,#2999,#299,.T.);
#2553=EDGE_CURVE('',#3100,#3103,#3390,.T.);
#2554=EDGE_CURVE('',#3103,#2984,#300,.T.);
#2555=EDGE_CURVE('',#2998,#3104,#301,.T.);
#2556=EDGE_CURVE('',#3104,#2979,#302,.T.);
#2557=EDGE_CURVE('',#3104,#3096,#3391,.T.);
#2558=EDGE_CURVE('',#3105,#3101,#3392,.T.);
#2559=EDGE_CURVE('',#2995,#3105,#303,.T.);
#2560=EDGE_CURVE('',#3105,#2989,#304,.T.);
#2561=EDGE_CURVE('',#3098,#3106,#3393,.T.);
#2562=EDGE_CURVE('',#3106,#2974,#305,.T.);
#2563=EDGE_CURVE('',#3106,#2993,#306,.T.);
#2564=EDGE_CURVE('',#3107,#3107,#3394,.T.);
#2565=EDGE_CURVE('',#3108,#3108,#3395,.T.);
#2566=EDGE_CURVE('',#3109,#3109,#3396,.T.);
#2567=EDGE_CURVE('',#3110,#3110,#3397,.T.);
#2568=EDGE_CURVE('',#3111,#3111,#3398,.T.);
#2569=EDGE_CURVE('',#3048,#2970,#307,.T.);
#2570=EDGE_CURVE('',#3047,#2969,#308,.T.);
#2571=EDGE_CURVE('',#3112,#3113,#309,.T.);
#2572=EDGE_CURVE('',#3114,#3113,#310,.T.);
#2573=EDGE_CURVE('',#3115,#3114,#311,.T.);
#2574=EDGE_CURVE('',#3115,#3112,#312,.T.);
#2575=EDGE_CURVE('',#3113,#3116,#3399,.T.);
#2576=EDGE_CURVE('',#3117,#3116,#313,.T.);
#2577=EDGE_CURVE('',#3114,#3117,#3400,.T.);
#2578=EDGE_CURVE('',#3116,#3118,#314,.T.);
#2579=EDGE_CURVE('',#3119,#3118,#315,.T.);
#2580=EDGE_CURVE('',#3117,#3119,#316,.T.);
#2581=EDGE_CURVE('',#3120,#3118,#3401,.T.);
#2582=EDGE_CURVE('',#3121,#3120,#317,.T.);
#2583=EDGE_CURVE('',#3121,#3119,#3402,.T.);
#2584=EDGE_CURVE('',#3120,#3122,#318,.T.);
#2585=EDGE_CURVE('',#3123,#3122,#319,.T.);
#2586=EDGE_CURVE('',#3121,#3123,#320,.T.);
#2587=EDGE_CURVE('',#3122,#3124,#3403,.T.);
#2588=EDGE_CURVE('',#3125,#3124,#321,.T.);
#2589=EDGE_CURVE('',#3123,#3125,#3404,.T.);
#2590=EDGE_CURVE('',#3124,#3126,#322,.T.);
#2591=EDGE_CURVE('',#3127,#3126,#323,.T.);
#2592=EDGE_CURVE('',#3125,#3127,#324,.T.);
#2593=EDGE_CURVE('',#3126,#3128,#325,.T.);
#2594=EDGE_CURVE('',#3129,#3128,#326,.T.);
#2595=EDGE_CURVE('',#3127,#3129,#327,.T.);
#2596=EDGE_CURVE('',#3128,#3130,#3405,.T.);
#2597=EDGE_CURVE('',#3131,#3130,#328,.T.);
#2598=EDGE_CURVE('',#3129,#3131,#3406,.T.);
#2599=EDGE_CURVE('',#3130,#3132,#329,.T.);
#2600=EDGE_CURVE('',#3133,#3132,#330,.T.);
#2601=EDGE_CURVE('',#3131,#3133,#331,.T.);
#2602=EDGE_CURVE('',#3132,#3134,#3407,.T.);
#2603=EDGE_CURVE('',#3135,#3134,#332,.T.);
#2604=EDGE_CURVE('',#3133,#3135,#3408,.T.);
#2605=EDGE_CURVE('',#3134,#3136,#333,.T.);
#2606=EDGE_CURVE('',#3137,#3136,#334,.T.);
#2607=EDGE_CURVE('',#3135,#3137,#335,.T.);
#2608=EDGE_CURVE('',#3136,#3138,#336,.T.);
#2609=EDGE_CURVE('',#3139,#3138,#337,.T.);
#2610=EDGE_CURVE('',#3137,#3139,#338,.T.);
#2611=EDGE_CURVE('',#3138,#3140,#3409,.T.);
#2612=EDGE_CURVE('',#3141,#3140,#339,.T.);
#2613=EDGE_CURVE('',#3139,#3141,#3410,.T.);
#2614=EDGE_CURVE('',#3140,#3142,#340,.T.);
#2615=EDGE_CURVE('',#3143,#3142,#341,.T.);
#2616=EDGE_CURVE('',#3141,#3143,#342,.T.);
#2617=EDGE_CURVE('',#3144,#3142,#3411,.T.);
#2618=EDGE_CURVE('',#3145,#3144,#343,.T.);
#2619=EDGE_CURVE('',#3145,#3143,#3412,.T.);
#2620=EDGE_CURVE('',#3144,#3146,#344,.T.);
#2621=EDGE_CURVE('',#3147,#3146,#345,.T.);
#2622=EDGE_CURVE('',#3145,#3147,#346,.T.);
#2623=EDGE_CURVE('',#3146,#3148,#3413,.T.);
#2624=EDGE_CURVE('',#3149,#3148,#347,.T.);
#2625=EDGE_CURVE('',#3147,#3149,#3414,.T.);
#2626=EDGE_CURVE('',#3148,#3150,#348,.T.);
#2627=EDGE_CURVE('',#3151,#3150,#349,.T.);
#2628=EDGE_CURVE('',#3149,#3151,#350,.T.);
#2629=EDGE_CURVE('',#3150,#3152,#3415,.T.);
#2630=EDGE_CURVE('',#3153,#3152,#351,.T.);
#2631=EDGE_CURVE('',#3151,#3153,#3416,.T.);
#2632=EDGE_CURVE('',#3152,#3154,#352,.T.);
#2633=EDGE_CURVE('',#3155,#3154,#353,.T.);
#2634=EDGE_CURVE('',#3153,#3155,#354,.T.);
#2635=EDGE_CURVE('',#3156,#3154,#3417,.T.);
#2636=EDGE_CURVE('',#3157,#3156,#355,.T.);
#2637=EDGE_CURVE('',#3157,#3155,#3418,.T.);
#2638=EDGE_CURVE('',#3156,#3158,#356,.T.);
#2639=EDGE_CURVE('',#3159,#3158,#357,.T.);
#2640=EDGE_CURVE('',#3157,#3159,#358,.T.);
#2641=EDGE_CURVE('',#3158,#3160,#3419,.T.);
#2642=EDGE_CURVE('',#3161,#3160,#359,.T.);
#2643=EDGE_CURVE('',#3159,#3161,#3420,.T.);
#2644=EDGE_CURVE('',#3160,#3162,#360,.T.);
#2645=EDGE_CURVE('',#3163,#3162,#361,.T.);
#2646=EDGE_CURVE('',#3161,#3163,#362,.T.);
#2647=EDGE_CURVE('',#3162,#3164,#363,.T.);
#2648=EDGE_CURVE('',#3165,#3164,#364,.T.);
#2649=EDGE_CURVE('',#3163,#3165,#365,.T.);
#2650=EDGE_CURVE('',#3164,#3166,#3421,.T.);
#2651=EDGE_CURVE('',#3167,#3166,#366,.T.);
#2652=EDGE_CURVE('',#3165,#3167,#3422,.T.);
#2653=EDGE_CURVE('',#3166,#3168,#367,.T.);
#2654=EDGE_CURVE('',#3169,#3168,#368,.T.);
#2655=EDGE_CURVE('',#3167,#3169,#369,.T.);
#2656=EDGE_CURVE('',#3168,#3170,#3423,.T.);
#2657=EDGE_CURVE('',#3171,#3170,#370,.T.);
#2658=EDGE_CURVE('',#3169,#3171,#3424,.T.);
#2659=EDGE_CURVE('',#3170,#3172,#371,.T.);
#2660=EDGE_CURVE('',#3173,#3172,#372,.T.);
#2661=EDGE_CURVE('',#3171,#3173,#373,.T.);
#2662=EDGE_CURVE('',#3172,#3174,#374,.T.);
#2663=EDGE_CURVE('',#3175,#3174,#375,.T.);
#2664=EDGE_CURVE('',#3173,#3175,#376,.T.);
#2665=EDGE_CURVE('',#3174,#3176,#3425,.T.);
#2666=EDGE_CURVE('',#3177,#3176,#377,.T.);
#2667=EDGE_CURVE('',#3175,#3177,#3426,.T.);
#2668=EDGE_CURVE('',#3176,#3178,#378,.T.);
#2669=EDGE_CURVE('',#3179,#3178,#379,.T.);
#2670=EDGE_CURVE('',#3177,#3179,#380,.T.);
#2671=EDGE_CURVE('',#3180,#3178,#3427,.T.);
#2672=EDGE_CURVE('',#3181,#3180,#381,.T.);
#2673=EDGE_CURVE('',#3181,#3179,#3428,.T.);
#2674=EDGE_CURVE('',#3180,#3182,#382,.T.);
#2675=EDGE_CURVE('',#3183,#3182,#383,.T.);
#2676=EDGE_CURVE('',#3181,#3183,#384,.T.);
#2677=EDGE_CURVE('',#3182,#3112,#3429,.T.);
#2678=EDGE_CURVE('',#3183,#3115,#3430,.T.);
#2679=EDGE_CURVE('',#3184,#3184,#3431,.F.);
#2680=EDGE_CURVE('',#3185,#3185,#3432,.T.);
#2681=EDGE_CURVE('',#3186,#3186,#3433,.T.);
#2682=EDGE_CURVE('',#3187,#3188,#385,.T.);
#2683=EDGE_CURVE('',#3188,#3189,#386,.T.);
#2684=EDGE_CURVE('',#3190,#3189,#387,.T.);
#2685=EDGE_CURVE('',#3190,#3187,#388,.T.);
#2686=EDGE_CURVE('',#3191,#3192,#389,.T.);
#2687=EDGE_CURVE('',#3191,#3193,#390,.T.);
#2688=EDGE_CURVE('',#3193,#3194,#391,.T.);
#2689=EDGE_CURVE('',#3192,#3194,#392,.T.);
#2690=EDGE_CURVE('',#3195,#3196,#393,.T.);
#2691=EDGE_CURVE('',#3197,#3195,#394,.T.);
#2692=EDGE_CURVE('',#3197,#3198,#395,.T.);
#2693=EDGE_CURVE('',#3198,#3196,#396,.T.);
#2694=EDGE_CURVE('',#3199,#3200,#397,.T.);
#2695=EDGE_CURVE('',#3199,#3201,#398,.T.);
#2696=EDGE_CURVE('',#3202,#3201,#399,.T.);
#2697=EDGE_CURVE('',#3200,#3202,#400,.T.);
#2698=EDGE_CURVE('',#3203,#3204,#401,.T.);
#2699=EDGE_CURVE('',#3203,#3205,#402,.T.);
#2700=EDGE_CURVE('',#3206,#3205,#403,.T.);
#2701=EDGE_CURVE('',#3204,#3206,#404,.T.);
#2702=EDGE_CURVE('',#3207,#3208,#405,.T.);
#2703=EDGE_CURVE('',#3209,#3207,#406,.T.);
#2704=EDGE_CURVE('',#3209,#3210,#407,.T.);
#2705=EDGE_CURVE('',#3210,#3208,#408,.T.);
#2706=EDGE_CURVE('',#3194,#3211,#409,.T.);
#2707=EDGE_CURVE('',#3212,#3211,#410,.T.);
#2708=EDGE_CURVE('',#3192,#3212,#411,.T.);
#2709=EDGE_CURVE('',#3211,#3213,#412,.T.);
#2710=EDGE_CURVE('',#3214,#3213,#413,.T.);
#2711=EDGE_CURVE('',#3212,#3214,#414,.T.);
#2712=EDGE_CURVE('',#3213,#3215,#415,.T.);
#2713=EDGE_CURVE('',#3216,#3215,#416,.T.);
#2714=EDGE_CURVE('',#3214,#3216,#417,.T.);
#2715=EDGE_CURVE('',#3215,#3217,#418,.T.);
#2716=EDGE_CURVE('',#3218,#3217,#419,.T.);
#2717=EDGE_CURVE('',#3216,#3218,#420,.T.);
#2718=EDGE_CURVE('',#3217,#3219,#421,.T.);
#2719=EDGE_CURVE('',#3220,#3219,#422,.T.);
#2720=EDGE_CURVE('',#3218,#3220,#423,.T.);
#2721=EDGE_CURVE('',#3219,#3221,#424,.T.);
#2722=EDGE_CURVE('',#3222,#3221,#425,.T.);
#2723=EDGE_CURVE('',#3220,#3222,#426,.T.);
#2724=EDGE_CURVE('',#3221,#3198,#427,.T.);
#2725=EDGE_CURVE('',#3222,#3197,#428,.T.);
#2726=EDGE_CURVE('',#3201,#3223,#429,.T.);
#2727=EDGE_CURVE('',#3224,#3223,#430,.T.);
#2728=EDGE_CURVE('',#3202,#3224,#431,.T.);
#2729=EDGE_CURVE('',#3223,#3225,#432,.T.);
#2730=EDGE_CURVE('',#3226,#3225,#433,.T.);
#2731=EDGE_CURVE('',#3224,#3226,#434,.T.);
#2732=EDGE_CURVE('',#3225,#3210,#435,.T.);
#2733=EDGE_CURVE('',#3226,#3209,#436,.T.);
#2734=EDGE_CURVE('',#3205,#3227,#437,.T.);
#2735=EDGE_CURVE('',#3228,#3227,#438,.T.);
#2736=EDGE_CURVE('',#3206,#3228,#439,.T.);
#2737=EDGE_CURVE('',#3227,#3229,#440,.T.);
#2738=EDGE_CURVE('',#3230,#3229,#441,.T.);
#2739=EDGE_CURVE('',#3228,#3230,#442,.T.);
#2740=EDGE_CURVE('',#3229,#3231,#443,.T.);
#2741=EDGE_CURVE('',#3232,#3231,#444,.T.);
#2742=EDGE_CURVE('',#3230,#3232,#445,.T.);
#2743=EDGE_CURVE('',#3231,#3233,#446,.T.);
#2744=EDGE_CURVE('',#3234,#3233,#447,.T.);
#2745=EDGE_CURVE('',#3232,#3234,#448,.T.);
#2746=EDGE_CURVE('',#3233,#3235,#449,.T.);
#2747=EDGE_CURVE('',#3236,#3235,#450,.T.);
#2748=EDGE_CURVE('',#3234,#3236,#451,.T.);
#2749=EDGE_CURVE('',#3235,#3237,#452,.T.);
#2750=EDGE_CURVE('',#3238,#3237,#453,.T.);
#2751=EDGE_CURVE('',#3236,#3238,#454,.T.);
#2752=EDGE_CURVE('',#3237,#3187,#455,.T.);
#2753=EDGE_CURVE('',#3238,#3190,#456,.T.);
#2754=EDGE_CURVE('',#3239,#3240,#457,.T.);
#2755=EDGE_CURVE('',#3239,#3241,#458,.T.);
#2756=EDGE_CURVE('',#3241,#3242,#459,.T.);
#2757=EDGE_CURVE('',#3240,#3242,#460,.T.);
#2758=EDGE_CURVE('',#3242,#3243,#461,.T.);
#2759=EDGE_CURVE('',#3244,#3243,#462,.T.);
#2760=EDGE_CURVE('',#3240,#3244,#463,.T.);
#2761=EDGE_CURVE('',#3243,#3245,#464,.T.);
#2762=EDGE_CURVE('',#3246,#3245,#465,.T.);
#2763=EDGE_CURVE('',#3244,#3246,#466,.T.);
#2764=EDGE_CURVE('',#3245,#3247,#467,.T.);
#2765=EDGE_CURVE('',#3248,#3247,#468,.T.);
#2766=EDGE_CURVE('',#3246,#3248,#469,.T.);
#2767=EDGE_CURVE('',#3247,#3249,#470,.T.);
#2768=EDGE_CURVE('',#3249,#3250,#471,.T.);
#2769=EDGE_CURVE('',#3248,#3250,#472,.T.);
#2770=EDGE_CURVE('',#3251,#3251,#3434,.T.);
#2771=EDGE_CURVE('',#3252,#3195,#473,.T.);
#2772=EDGE_CURVE('',#3253,#3252,#474,.T.);
#2773=EDGE_CURVE('',#3253,#3200,#475,.T.);
#2774=EDGE_CURVE('',#3254,#3207,#476,.T.);
#2775=EDGE_CURVE('',#3255,#3254,#477,.T.);
#2776=EDGE_CURVE('',#3255,#3204,#478,.T.);
#2777=EDGE_CURVE('',#3256,#3189,#479,.T.);
#2778=EDGE_CURVE('',#3256,#3257,#480,.T.);
#2779=EDGE_CURVE('',#3257,#3239,#481,.T.);
#2780=EDGE_CURVE('',#3258,#3250,#482,.T.);
#2781=EDGE_CURVE('',#3258,#3259,#483,.T.);
#2782=EDGE_CURVE('',#3259,#3191,#484,.T.);
#2783=EDGE_CURVE('',#3260,#3260,#3435,.F.);
#2784=EDGE_CURVE('',#3249,#3193,#485,.T.);
#2785=EDGE_CURVE('',#3188,#3241,#486,.T.);
#2786=EDGE_CURVE('',#3208,#3203,#487,.T.);
#2787=EDGE_CURVE('',#3196,#3199,#488,.T.);
#2788=EDGE_CURVE('',#3196,#3261,#489,.T.);
#2789=EDGE_CURVE('',#3262,#3199,#490,.T.);
#2790=EDGE_CURVE('',#3263,#3262,#491,.T.);
#2791=EDGE_CURVE('',#3264,#3263,#492,.T.);
#2792=EDGE_CURVE('',#3265,#3264,#493,.T.);
#2793=EDGE_CURVE('',#3265,#3266,#3436,.T.);
#2794=EDGE_CURVE('',#3267,#3266,#494,.T.);
#2795=EDGE_CURVE('',#3268,#3267,#3437,.T.);
#2796=EDGE_CURVE('',#3269,#3268,#495,.T.);
#2797=EDGE_CURVE('',#3269,#3270,#3438,.T.);
#2798=EDGE_CURVE('',#3271,#3270,#496,.T.);
#2799=EDGE_CURVE('',#3272,#3271,#497,.T.);
#2800=EDGE_CURVE('',#3273,#3272,#498,.T.);
#2801=EDGE_CURVE('',#3208,#3273,#499,.T.);
#2802=EDGE_CURVE('',#3274,#3203,#500,.T.);
#2803=EDGE_CURVE('',#3275,#3274,#501,.T.);
#2804=EDGE_CURVE('',#3276,#3275,#3439,.T.);
#2805=EDGE_CURVE('',#3277,#3276,#502,.T.);
#2806=EDGE_CURVE('',#3277,#3278,#3440,.T.);
#2807=EDGE_CURVE('',#3279,#3278,#503,.T.);
#2808=EDGE_CURVE('',#3280,#3279,#3441,.T.);
#2809=EDGE_CURVE('',#3261,#3280,#504,.T.);
#2810=EDGE_CURVE('',#3281,#3261,#505,.T.);
#2811=EDGE_CURVE('',#3252,#3281,#506,.T.);
#2812=EDGE_CURVE('',#3282,#3280,#507,.T.);
#2813=EDGE_CURVE('',#3281,#3282,#508,.T.);
#2814=EDGE_CURVE('',#3283,#3279,#509,.T.);
#2815=EDGE_CURVE('',#3282,#3283,#3442,.T.);
#2816=EDGE_CURVE('',#3284,#3278,#510,.T.);
#2817=EDGE_CURVE('',#3283,#3284,#511,.T.);
#2818=EDGE_CURVE('',#3285,#3277,#512,.T.);
#2819=EDGE_CURVE('',#3285,#3284,#3443,.T.);
#2820=EDGE_CURVE('',#3286,#3276,#513,.T.);
#2821=EDGE_CURVE('',#3285,#3286,#514,.T.);
#2822=EDGE_CURVE('',#3287,#3275,#515,.T.);
#2823=EDGE_CURVE('',#3286,#3287,#3444,.T.);
#2824=EDGE_CURVE('',#3288,#3274,#516,.T.);
#2825=EDGE_CURVE('',#3287,#3288,#517,.T.);
#2826=EDGE_CURVE('',#3288,#3255,#518,.T.);
#2827=EDGE_CURVE('',#3289,#3273,#519,.T.);
#2828=EDGE_CURVE('',#3254,#3289,#520,.T.);
#2829=EDGE_CURVE('',#3290,#3272,#521,.T.);
#2830=EDGE_CURVE('',#3289,#3290,#522,.T.);
#2831=EDGE_CURVE('',#3291,#3271,#523,.T.);
#2832=EDGE_CURVE('',#3290,#3291,#524,.T.);
#2833=EDGE_CURVE('',#3292,#3270,#525,.T.);
#2834=EDGE_CURVE('',#3291,#3292,#526,.T.);
#2835=EDGE_CURVE('',#3293,#3269,#527,.T.);
#2836=EDGE_CURVE('',#3293,#3292,#3445,.T.);
#2837=EDGE_CURVE('',#3294,#3268,#528,.T.);
#2838=EDGE_CURVE('',#3293,#3294,#529,.T.);
#2839=EDGE_CURVE('',#3295,#3267,#530,.T.);
#2840=EDGE_CURVE('',#3294,#3295,#3446,.T.);
#2841=EDGE_CURVE('',#3296,#3266,#531,.T.);
#2842=EDGE_CURVE('',#3295,#3296,#532,.T.);
#2843=EDGE_CURVE('',#3297,#3265,#533,.T.);
#2844=EDGE_CURVE('',#3297,#3296,#3447,.T.);
#2845=EDGE_CURVE('',#3298,#3264,#534,.T.);
#2846=EDGE_CURVE('',#3297,#3298,#535,.T.);
#2847=EDGE_CURVE('',#3299,#3263,#536,.T.);
#2848=EDGE_CURVE('',#3298,#3299,#537,.T.);
#2849=EDGE_CURVE('',#3300,#3262,#538,.T.);
#2850=EDGE_CURVE('',#3299,#3300,#539,.T.);
#2851=EDGE_CURVE('',#3300,#3253,#540,.T.);
#2852=EDGE_CURVE('',#3193,#3301,#541,.T.);
#2853=EDGE_CURVE('',#3301,#3302,#542,.T.);
#2854=EDGE_CURVE('',#3302,#3303,#3448,.T.);
#2855=EDGE_CURVE('',#3303,#3304,#543,.T.);
#2856=EDGE_CURVE('',#3305,#3304,#3449,.T.);
#2857=EDGE_CURVE('',#3305,#3306,#544,.T.);
#2858=EDGE_CURVE('',#3306,#3307,#3450,.T.);
#2859=EDGE_CURVE('',#3307,#3308,#545,.T.);
#2860=EDGE_CURVE('',#3308,#3188,#546,.T.);
#2861=EDGE_CURVE('',#3241,#3309,#547,.T.);
#2862=EDGE_CURVE('',#3309,#3310,#548,.T.);
#2863=EDGE_CURVE('',#3310,#3311,#549,.T.);
#2864=EDGE_CURVE('',#3311,#3312,#550,.T.);
#2865=EDGE_CURVE('',#3313,#3312,#3451,.T.);
#2866=EDGE_CURVE('',#3313,#3314,#551,.T.);
#2867=EDGE_CURVE('',#3314,#3315,#3452,.T.);
#2868=EDGE_CURVE('',#3315,#3316,#552,.T.);
#2869=EDGE_CURVE('',#3317,#3316,#3453,.T.);
#2870=EDGE_CURVE('',#3317,#3318,#553,.T.);
#2871=EDGE_CURVE('',#3318,#3319,#554,.T.);
#2872=EDGE_CURVE('',#3319,#3320,#555,.T.);
#2873=EDGE_CURVE('',#3320,#3249,#556,.T.);
#2874=EDGE_CURVE('',#3259,#3321,#557,.T.);
#2875=EDGE_CURVE('',#3321,#3301,#558,.T.);
#2876=EDGE_CURVE('',#3321,#3322,#559,.T.);
#2877=EDGE_CURVE('',#3322,#3302,#560,.T.);
#2878=EDGE_CURVE('',#3322,#3323,#3454,.T.);
#2879=EDGE_CURVE('',#3323,#3303,#561,.T.);
#2880=EDGE_CURVE('',#3323,#3324,#562,.T.);
#2881=EDGE_CURVE('',#3324,#3304,#563,.T.);
#2882=EDGE_CURVE('',#3325,#3324,#3455,.T.);
#2883=EDGE_CURVE('',#3325,#3305,#564,.T.);
#2884=EDGE_CURVE('',#3325,#3326,#565,.T.);
#2885=EDGE_CURVE('',#3326,#3306,#566,.T.);
#2886=EDGE_CURVE('',#3326,#3327,#3456,.T.);
#2887=EDGE_CURVE('',#3327,#3307,#567,.T.);
#2888=EDGE_CURVE('',#3327,#3328,#568,.T.);
#2889=EDGE_CURVE('',#3328,#3308,#569,.T.);
#2890=EDGE_CURVE('',#3328,#3256,#570,.T.);
#2891=EDGE_CURVE('',#3257,#3329,#571,.T.);
#2892=EDGE_CURVE('',#3329,#3309,#572,.T.);
#2893=EDGE_CURVE('',#3329,#3330,#573,.T.);
#2894=EDGE_CURVE('',#3330,#3310,#574,.T.);
#2895=EDGE_CURVE('',#3330,#3331,#575,.T.);
#2896=EDGE_CURVE('',#3331,#3311,#576,.T.);
#2897=EDGE_CURVE('',#3331,#3332,#577,.T.);
#2898=EDGE_CURVE('',#3332,#3312,#578,.T.);
#2899=EDGE_CURVE('',#3333,#3332,#3457,.T.);
#2900=EDGE_CURVE('',#3333,#3313,#579,.T.);
#2901=EDGE_CURVE('',#3333,#3334,#580,.T.);
#2902=EDGE_CURVE('',#3334,#3314,#581,.T.);
#2903=EDGE_CURVE('',#3334,#3335,#3458,.T.);
#2904=EDGE_CURVE('',#3335,#3315,#582,.T.);
#2905=EDGE_CURVE('',#3335,#3336,#583,.T.);
#2906=EDGE_CURVE('',#3336,#3316,#584,.T.);
#2907=EDGE_CURVE('',#3337,#3336,#3459,.T.);
#2908=EDGE_CURVE('',#3337,#3317,#585,.T.);
#2909=EDGE_CURVE('',#3337,#3338,#586,.T.);
#2910=EDGE_CURVE('',#3338,#3318,#587,.T.);
#2911=EDGE_CURVE('',#3338,#3339,#588,.T.);
#2912=EDGE_CURVE('',#3339,#3319,#589,.T.);
#2913=EDGE_CURVE('',#3339,#3340,#590,.T.);
#2914=EDGE_CURVE('',#3340,#3320,#591,.T.);
#2915=EDGE_CURVE('',#3340,#3258,#592,.T.);
#2916=EDGE_CURVE('',#3341,#3341,#3460,.T.);
#2917=EDGE_CURVE('',#3342,#3342,#3461,.F.);
#2918=EDGE_CURVE('',#3343,#3344,#593,.T.);
#2919=EDGE_CURVE('',#3345,#3343,#3462,.T.);
#2920=EDGE_CURVE('',#3345,#3346,#594,.T.);
#2921=EDGE_CURVE('',#3347,#3346,#3463,.T.);
#2922=EDGE_CURVE('',#3348,#3347,#595,.T.);
#2923=EDGE_CURVE('',#3348,#3349,#596,.T.);
#2924=EDGE_CURVE('',#3350,#3349,#597,.T.);
#2925=EDGE_CURVE('',#3350,#3344,#3464,.T.);
#2926=EDGE_CURVE('',#3351,#3352,#598,.T.);
#2927=EDGE_CURVE('',#3353,#3352,#3465,.T.);
#2928=EDGE_CURVE('',#3353,#3354,#599,.T.);
#2929=EDGE_CURVE('',#3354,#3355,#600,.T.);
#2930=EDGE_CURVE('',#3356,#3355,#601,.T.);
#2931=EDGE_CURVE('',#3356,#3357,#3466,.T.);
#2932=EDGE_CURVE('',#3358,#3357,#602,.T.);
#2933=EDGE_CURVE('',#3358,#3351,#3467,.T.);
#2934=EDGE_CURVE('',#3351,#3359,#18,.T.);
#2935=EDGE_CURVE('',#3358,#3345,#603,.T.);
#2936=EDGE_CURVE('',#3360,#3343,#19,.T.);
#2937=EDGE_CURVE('',#3360,#3361,#20,.T.);
#2938=EDGE_CURVE('',#3361,#3362,#3468,.F.);
#2939=EDGE_CURVE('',#3363,#3362,#604,.T.);
#2940=EDGE_CURVE('',#3363,#3364,#3469,.F.);
#2941=EDGE_CURVE('',#3364,#3359,#21,.T.);
#2942=EDGE_CURVE('',#3365,#3352,#22,.T.);
#2943=EDGE_CURVE('',#3365,#3366,#23,.T.);
#2944=EDGE_CURVE('',#3366,#3367,#3470,.T.);
#2945=EDGE_CURVE('',#3368,#3367,#605,.T.);
#2946=EDGE_CURVE('',#3368,#3369,#3471,.T.);
#2947=EDGE_CURVE('',#3369,#3370,#24,.T.);
#2948=EDGE_CURVE('',#3344,#3370,#25,.T.);
#2949=EDGE_CURVE('',#3350,#3353,#606,.T.);
#2950=EDGE_CURVE('',#3363,#3371,#607,.T.);
#2951=EDGE_CURVE('',#3372,#3362,#608,.T.);
#2952=EDGE_CURVE('',#3371,#3372,#609,.T.);
#2953=EDGE_CURVE('',#3373,#3367,#610,.T.);
#2954=EDGE_CURVE('',#3374,#3373,#611,.T.);
#2955=EDGE_CURVE('',#3368,#3374,#612,.T.);
#2956=EDGE_CURVE('',#3373,#3371,#613,.T.);
#2957=EDGE_CURVE('',#3372,#3374,#614,.T.);
#2958=EDGE_CURVE('',#3349,#3354,#615,.T.);
#2959=EDGE_CURVE('',#3355,#3348,#616,.T.);
#2960=EDGE_CURVE('',#3347,#3356,#617,.T.);
#2961=EDGE_CURVE('',#3346,#3357,#618,.T.);
#2962=EDGE_CURVE('',#3361,#3369,#619,.T.);
#2963=EDGE_CURVE('',#3360,#3370,#620,.T.);
#2964=EDGE_CURVE('',#3359,#3365,#621,.T.);
#2965=EDGE_CURVE('',#3364,#3366,#622,.T.);
#2966=VERTEX_POINT('',#6152);
#2967=VERTEX_POINT('',#6154);
#2968=VERTEX_POINT('',#6156);
#2969=VERTEX_POINT('',#6158);
#2970=VERTEX_POINT('',#6159);
#2971=VERTEX_POINT('',#6161);
#2972=VERTEX_POINT('',#6163);
#2973=VERTEX_POINT('',#6165);
#2974=VERTEX_POINT('',#6167);
#2975=VERTEX_POINT('',#6169);
#2976=VERTEX_POINT('',#6171);
#2977=VERTEX_POINT('',#6173);
#2978=VERTEX_POINT('',#6175);
#2979=VERTEX_POINT('',#6177);
#2980=VERTEX_POINT('',#6179);
#2981=VERTEX_POINT('',#6181);
#2982=VERTEX_POINT('',#6183);
#2983=VERTEX_POINT('',#6185);
#2984=VERTEX_POINT('',#6187);
#2985=VERTEX_POINT('',#6189);
#2986=VERTEX_POINT('',#6191);
#2987=VERTEX_POINT('',#6193);
#2988=VERTEX_POINT('',#6195);
#2989=VERTEX_POINT('',#6197);
#2990=VERTEX_POINT('',#6199);
#2991=VERTEX_POINT('',#6201);
#2992=VERTEX_POINT('',#6203);
#2993=VERTEX_POINT('',#6207);
#2994=VERTEX_POINT('',#6209);
#2995=VERTEX_POINT('',#6213);
#2996=VERTEX_POINT('',#6215);
#2997=VERTEX_POINT('',#6219);
#2998=VERTEX_POINT('',#6220);
#2999=VERTEX_POINT('',#6225);
#3000=VERTEX_POINT('',#6227);
#3001=VERTEX_POINT('',#6231);
#3002=VERTEX_POINT('',#6232);
#3003=VERTEX_POINT('',#6235);
#3004=VERTEX_POINT('',#6237);
#3005=VERTEX_POINT('',#6239);
#3006=VERTEX_POINT('',#6241);
#3007=VERTEX_POINT('',#6243);
#3008=VERTEX_POINT('',#6245);
#3009=VERTEX_POINT('',#6247);
#3010=VERTEX_POINT('',#6249);
#3011=VERTEX_POINT('',#6251);
#3012=VERTEX_POINT('',#6253);
#3013=VERTEX_POINT('',#6257);
#3014=VERTEX_POINT('',#6259);
#3015=VERTEX_POINT('',#6261);
#3016=VERTEX_POINT('',#6263);
#3017=VERTEX_POINT('',#6265);
#3018=VERTEX_POINT('',#6267);
#3019=VERTEX_POINT('',#6269);
#3020=VERTEX_POINT('',#6271);
#3021=VERTEX_POINT('',#6273);
#3022=VERTEX_POINT('',#6275);
#3023=VERTEX_POINT('',#6277);
#3024=VERTEX_POINT('',#6279);
#3025=VERTEX_POINT('',#6281);
#3026=VERTEX_POINT('',#6283);
#3027=VERTEX_POINT('',#6285);
#3028=VERTEX_POINT('',#6287);
#3029=VERTEX_POINT('',#6292);
#3030=VERTEX_POINT('',#6294);
#3031=VERTEX_POINT('',#6296);
#3032=VERTEX_POINT('',#6298);
#3033=VERTEX_POINT('',#6300);
#3034=VERTEX_POINT('',#6302);
#3035=VERTEX_POINT('',#6304);
#3036=VERTEX_POINT('',#6306);
#3037=VERTEX_POINT('',#6308);
#3038=VERTEX_POINT('',#6310);
#3039=VERTEX_POINT('',#6315);
#3040=VERTEX_POINT('',#6317);
#3041=VERTEX_POINT('',#6321);
#3042=VERTEX_POINT('',#6322);
#3043=VERTEX_POINT('',#6324);
#3044=VERTEX_POINT('',#6326);
#3045=VERTEX_POINT('',#6329);
#3046=VERTEX_POINT('',#6331);
#3047=VERTEX_POINT('',#6338);
#3048=VERTEX_POINT('',#6340);
#3049=VERTEX_POINT('',#6343);
#3050=VERTEX_POINT('',#6346);
#3051=VERTEX_POINT('',#6348);
#3052=VERTEX_POINT('',#6350);
#3053=VERTEX_POINT('',#6352);
#3054=VERTEX_POINT('',#6354);
#3055=VERTEX_POINT('',#6356);
#3056=VERTEX_POINT('',#6358);
#3057=VERTEX_POINT('',#6360);
#3058=VERTEX_POINT('',#6362);
#3059=VERTEX_POINT('',#6364);
#3060=VERTEX_POINT('',#6366);
#3061=VERTEX_POINT('',#6368);
#3062=VERTEX_POINT('',#6371);
#3063=VERTEX_POINT('',#6375);
#3064=VERTEX_POINT('',#6377);
#3065=VERTEX_POINT('',#6379);
#3066=VERTEX_POINT('',#6382);
#3067=VERTEX_POINT('',#6384);
#3068=VERTEX_POINT('',#6387);
#3069=VERTEX_POINT('',#6389);
#3070=VERTEX_POINT('',#6392);
#3071=VERTEX_POINT('',#6394);
#3072=VERTEX_POINT('',#6397);
#3073=VERTEX_POINT('',#6401);
#3074=VERTEX_POINT('',#6405);
#3075=VERTEX_POINT('',#6407);
#3076=VERTEX_POINT('',#6409);
#3077=VERTEX_POINT('',#6411);
#3078=VERTEX_POINT('',#6413);
#3079=VERTEX_POINT('',#6419);
#3080=VERTEX_POINT('',#6421);
#3081=VERTEX_POINT('',#6423);
#3082=VERTEX_POINT('',#6425);
#3083=VERTEX_POINT('',#6438);
#3084=VERTEX_POINT('',#6440);
#3085=VERTEX_POINT('',#6442);
#3086=VERTEX_POINT('',#6444);
#3087=VERTEX_POINT('',#6457);
#3088=VERTEX_POINT('',#6461);
#3089=VERTEX_POINT('',#6465);
#3090=VERTEX_POINT('',#6469);
#3091=VERTEX_POINT('',#6476);
#3092=VERTEX_POINT('',#6478);
#3093=VERTEX_POINT('',#6480);
#3094=VERTEX_POINT('',#6482);
#3095=VERTEX_POINT('',#6513);
#3096=VERTEX_POINT('',#6517);
#3097=VERTEX_POINT('',#6521);
#3098=VERTEX_POINT('',#6523);
#3099=VERTEX_POINT('',#6529);
#3100=VERTEX_POINT('',#6533);
#3101=VERTEX_POINT('',#6537);
#3102=VERTEX_POINT('',#6539);
#3103=VERTEX_POINT('',#6545);
#3104=VERTEX_POINT('',#6552);
#3105=VERTEX_POINT('',#6559);
#3106=VERTEX_POINT('',#6566);
#3107=VERTEX_POINT('',#6573);
#3108=VERTEX_POINT('',#6576);
#3109=VERTEX_POINT('',#6579);
#3110=VERTEX_POINT('',#6583);
#3111=VERTEX_POINT('',#6587);
#3112=VERTEX_POINT('',#6597);
#3113=VERTEX_POINT('',#6598);
#3114=VERTEX_POINT('',#6600);
#3115=VERTEX_POINT('',#6602);
#3116=VERTEX_POINT('',#6606);
#3117=VERTEX_POINT('',#6608);
#3118=VERTEX_POINT('',#6612);
#3119=VERTEX_POINT('',#6614);
#3120=VERTEX_POINT('',#6618);
#3121=VERTEX_POINT('',#6620);
#3122=VERTEX_POINT('',#6624);
#3123=VERTEX_POINT('',#6626);
#3124=VERTEX_POINT('',#6630);
#3125=VERTEX_POINT('',#6632);
#3126=VERTEX_POINT('',#6636);
#3127=VERTEX_POINT('',#6638);
#3128=VERTEX_POINT('',#6642);
#3129=VERTEX_POINT('',#6644);
#3130=VERTEX_POINT('',#6648);
#3131=VERTEX_POINT('',#6650);
#3132=VERTEX_POINT('',#6654);
#3133=VERTEX_POINT('',#6656);
#3134=VERTEX_POINT('',#6660);
#3135=VERTEX_POINT('',#6662);
#3136=VERTEX_POINT('',#6666);
#3137=VERTEX_POINT('',#6668);
#3138=VERTEX_POINT('',#6672);
#3139=VERTEX_POINT('',#6674);
#3140=VERTEX_POINT('',#6678);
#3141=VERTEX_POINT('',#6680);
#3142=VERTEX_POINT('',#6684);
#3143=VERTEX_POINT('',#6686);
#3144=VERTEX_POINT('',#6690);
#3145=VERTEX_POINT('',#6692);
#3146=VERTEX_POINT('',#6696);
#3147=VERTEX_POINT('',#6698);
#3148=VERTEX_POINT('',#6702);
#3149=VERTEX_POINT('',#6704);
#3150=VERTEX_POINT('',#6708);
#3151=VERTEX_POINT('',#6710);
#3152=VERTEX_POINT('',#6714);
#3153=VERTEX_POINT('',#6716);
#3154=VERTEX_POINT('',#6720);
#3155=VERTEX_POINT('',#6722);
#3156=VERTEX_POINT('',#6726);
#3157=VERTEX_POINT('',#6728);
#3158=VERTEX_POINT('',#6732);
#3159=VERTEX_POINT('',#6734);
#3160=VERTEX_POINT('',#6738);
#3161=VERTEX_POINT('',#6740);
#3162=VERTEX_POINT('',#6744);
#3163=VERTEX_POINT('',#6746);
#3164=VERTEX_POINT('',#6750);
#3165=VERTEX_POINT('',#6752);
#3166=VERTEX_POINT('',#6756);
#3167=VERTEX_POINT('',#6758);
#3168=VERTEX_POINT('',#6762);
#3169=VERTEX_POINT('',#6764);
#3170=VERTEX_POINT('',#6768);
#3171=VERTEX_POINT('',#6770);
#3172=VERTEX_POINT('',#6774);
#3173=VERTEX_POINT('',#6776);
#3174=VERTEX_POINT('',#6780);
#3175=VERTEX_POINT('',#6782);
#3176=VERTEX_POINT('',#6786);
#3177=VERTEX_POINT('',#6788);
#3178=VERTEX_POINT('',#6792);
#3179=VERTEX_POINT('',#6794);
#3180=VERTEX_POINT('',#6798);
#3181=VERTEX_POINT('',#6800);
#3182=VERTEX_POINT('',#6804);
#3183=VERTEX_POINT('',#6806);
#3184=VERTEX_POINT('',#6813);
#3185=VERTEX_POINT('',#6817);
#3186=VERTEX_POINT('',#6820);
#3187=VERTEX_POINT('',#6825);
#3188=VERTEX_POINT('',#6826);
#3189=VERTEX_POINT('',#6828);
#3190=VERTEX_POINT('',#6830);
#3191=VERTEX_POINT('',#6834);
#3192=VERTEX_POINT('',#6835);
#3193=VERTEX_POINT('',#6837);
#3194=VERTEX_POINT('',#6839);
#3195=VERTEX_POINT('',#6843);
#3196=VERTEX_POINT('',#6844);
#3197=VERTEX_POINT('',#6846);
#3198=VERTEX_POINT('',#6848);
#3199=VERTEX_POINT('',#6852);
#3200=VERTEX_POINT('',#6853);
#3201=VERTEX_POINT('',#6855);
#3202=VERTEX_POINT('',#6857);
#3203=VERTEX_POINT('',#6861);
#3204=VERTEX_POINT('',#6862);
#3205=VERTEX_POINT('',#6864);
#3206=VERTEX_POINT('',#6866);
#3207=VERTEX_POINT('',#6870);
#3208=VERTEX_POINT('',#6871);
#3209=VERTEX_POINT('',#6873);
#3210=VERTEX_POINT('',#6875);
#3211=VERTEX_POINT('',#6879);
#3212=VERTEX_POINT('',#6881);
#3213=VERTEX_POINT('',#6885);
#3214=VERTEX_POINT('',#6887);
#3215=VERTEX_POINT('',#6891);
#3216=VERTEX_POINT('',#6893);
#3217=VERTEX_POINT('',#6897);
#3218=VERTEX_POINT('',#6899);
#3219=VERTEX_POINT('',#6903);
#3220=VERTEX_POINT('',#6905);
#3221=VERTEX_POINT('',#6909);
#3222=VERTEX_POINT('',#6911);
#3223=VERTEX_POINT('',#6918);
#3224=VERTEX_POINT('',#6920);
#3225=VERTEX_POINT('',#6924);
#3226=VERTEX_POINT('',#6926);
#3227=VERTEX_POINT('',#6933);
#3228=VERTEX_POINT('',#6935);
#3229=VERTEX_POINT('',#6939);
#3230=VERTEX_POINT('',#6941);
#3231=VERTEX_POINT('',#6945);
#3232=VERTEX_POINT('',#6947);
#3233=VERTEX_POINT('',#6951);
#3234=VERTEX_POINT('',#6953);
#3235=VERTEX_POINT('',#6957);
#3236=VERTEX_POINT('',#6959);
#3237=VERTEX_POINT('',#6963);
#3238=VERTEX_POINT('',#6965);
#3239=VERTEX_POINT('',#6972);
#3240=VERTEX_POINT('',#6973);
#3241=VERTEX_POINT('',#6975);
#3242=VERTEX_POINT('',#6977);
#3243=VERTEX_POINT('',#6981);
#3244=VERTEX_POINT('',#6983);
#3245=VERTEX_POINT('',#6987);
#3246=VERTEX_POINT('',#6989);
#3247=VERTEX_POINT('',#6993);
#3248=VERTEX_POINT('',#6995);
#3249=VERTEX_POINT('',#6999);
#3250=VERTEX_POINT('',#7001);
#3251=VERTEX_POINT('',#7005);
#3252=VERTEX_POINT('',#7007);
#3253=VERTEX_POINT('',#7009);
#3254=VERTEX_POINT('',#7012);
#3255=VERTEX_POINT('',#7014);
#3256=VERTEX_POINT('',#7017);
#3257=VERTEX_POINT('',#7019);
#3258=VERTEX_POINT('',#7022);
#3259=VERTEX_POINT('',#7024);
#3260=VERTEX_POINT('',#7028);
#3261=VERTEX_POINT('',#7035);
#3262=VERTEX_POINT('',#7037);
#3263=VERTEX_POINT('',#7039);
#3264=VERTEX_POINT('',#7041);
#3265=VERTEX_POINT('',#7043);
#3266=VERTEX_POINT('',#7045);
#3267=VERTEX_POINT('',#7047);
#3268=VERTEX_POINT('',#7049);
#3269=VERTEX_POINT('',#7051);
#3270=VERTEX_POINT('',#7053);
#3271=VERTEX_POINT('',#7055);
#3272=VERTEX_POINT('',#7057);
#3273=VERTEX_POINT('',#7059);
#3274=VERTEX_POINT('',#7062);
#3275=VERTEX_POINT('',#7064);
#3276=VERTEX_POINT('',#7066);
#3277=VERTEX_POINT('',#7068);
#3278=VERTEX_POINT('',#7070);
#3279=VERTEX_POINT('',#7072);
#3280=VERTEX_POINT('',#7074);
#3281=VERTEX_POINT('',#7078);
#3282=VERTEX_POINT('',#7082);
#3283=VERTEX_POINT('',#7086);
#3284=VERTEX_POINT('',#7090);
#3285=VERTEX_POINT('',#7094);
#3286=VERTEX_POINT('',#7098);
#3287=VERTEX_POINT('',#7102);
#3288=VERTEX_POINT('',#7106);
#3289=VERTEX_POINT('',#7112);
#3290=VERTEX_POINT('',#7116);
#3291=VERTEX_POINT('',#7120);
#3292=VERTEX_POINT('',#7124);
#3293=VERTEX_POINT('',#7128);
#3294=VERTEX_POINT('',#7132);
#3295=VERTEX_POINT('',#7136);
#3296=VERTEX_POINT('',#7140);
#3297=VERTEX_POINT('',#7144);
#3298=VERTEX_POINT('',#7148);
#3299=VERTEX_POINT('',#7152);
#3300=VERTEX_POINT('',#7156);
#3301=VERTEX_POINT('',#7163);
#3302=VERTEX_POINT('',#7165);
#3303=VERTEX_POINT('',#7167);
#3304=VERTEX_POINT('',#7169);
#3305=VERTEX_POINT('',#7171);
#3306=VERTEX_POINT('',#7173);
#3307=VERTEX_POINT('',#7175);
#3308=VERTEX_POINT('',#7177);
#3309=VERTEX_POINT('',#7180);
#3310=VERTEX_POINT('',#7182);
#3311=VERTEX_POINT('',#7184);
#3312=VERTEX_POINT('',#7186);
#3313=VERTEX_POINT('',#7188);
#3314=VERTEX_POINT('',#7190);
#3315=VERTEX_POINT('',#7192);
#3316=VERTEX_POINT('',#7194);
#3317=VERTEX_POINT('',#7196);
#3318=VERTEX_POINT('',#7198);
#3319=VERTEX_POINT('',#7200);
#3320=VERTEX_POINT('',#7202);
#3321=VERTEX_POINT('',#7206);
#3322=VERTEX_POINT('',#7210);
#3323=VERTEX_POINT('',#7214);
#3324=VERTEX_POINT('',#7218);
#3325=VERTEX_POINT('',#7222);
#3326=VERTEX_POINT('',#7226);
#3327=VERTEX_POINT('',#7230);
#3328=VERTEX_POINT('',#7234);
#3329=VERTEX_POINT('',#7240);
#3330=VERTEX_POINT('',#7244);
#3331=VERTEX_POINT('',#7248);
#3332=VERTEX_POINT('',#7252);
#3333=VERTEX_POINT('',#7256);
#3334=VERTEX_POINT('',#7260);
#3335=VERTEX_POINT('',#7264);
#3336=VERTEX_POINT('',#7268);
#3337=VERTEX_POINT('',#7272);
#3338=VERTEX_POINT('',#7276);
#3339=VERTEX_POINT('',#7280);
#3340=VERTEX_POINT('',#7284);
#3341=VERTEX_POINT('',#7291);
#3342=VERTEX_POINT('',#7293);
#3343=VERTEX_POINT('',#7299);
#3344=VERTEX_POINT('',#7300);
#3345=VERTEX_POINT('',#7302);
#3346=VERTEX_POINT('',#7304);
#3347=VERTEX_POINT('',#7306);
#3348=VERTEX_POINT('',#7308);
#3349=VERTEX_POINT('',#7310);
#3350=VERTEX_POINT('',#7312);
#3351=VERTEX_POINT('',#7316);
#3352=VERTEX_POINT('',#7317);
#3353=VERTEX_POINT('',#7319);
#3354=VERTEX_POINT('',#7321);
#3355=VERTEX_POINT('',#7323);
#3356=VERTEX_POINT('',#7325);
#3357=VERTEX_POINT('',#7327);
#3358=VERTEX_POINT('',#7329);
#3359=VERTEX_POINT('',#7336);
#3360=VERTEX_POINT('',#7342);
#3361=VERTEX_POINT('',#7347);
#3362=VERTEX_POINT('',#7349);
#3363=VERTEX_POINT('',#7351);
#3364=VERTEX_POINT('',#7353);
#3365=VERTEX_POINT('',#7363);
#3366=VERTEX_POINT('',#7368);
#3367=VERTEX_POINT('',#7370);
#3368=VERTEX_POINT('',#7372);
#3369=VERTEX_POINT('',#7374);
#3370=VERTEX_POINT('',#7379);
#3371=VERTEX_POINT('',#7387);
#3372=VERTEX_POINT('',#7389);
#3373=VERTEX_POINT('',#7393);
#3374=VERTEX_POINT('',#7395);
#3375=CIRCLE('',#4666,0.75);
#3376=CIRCLE('',#4667,0.915);
#3377=CIRCLE('',#4668,0.765);
#3378=CIRCLE('',#4669,0.54);
#3379=CIRCLE('',#4670,0.54);
#3380=CIRCLE('',#4671,0.54);
#3381=CIRCLE('',#4672,0.54);
#3382=CIRCLE('',#4678,0.600000000000001);
#3383=CIRCLE('',#4679,0.6);
#3384=CIRCLE('',#4682,0.600000000000001);
#3385=CIRCLE('',#4683,0.6);
#3386=CIRCLE('',#4727,0.6);
#3387=CIRCLE('',#4730,0.600000000000001);
#3388=CIRCLE('',#4733,0.6);
#3389=CIRCLE('',#4736,0.600000000000001);
#3390=CIRCLE('',#4739,0.54);
#3391=CIRCLE('',#4744,0.54);
#3392=CIRCLE('',#4747,0.54);
#3393=CIRCLE('',#4751,0.54);
#3394=CIRCLE('',#4755,0.355);
#3395=CIRCLE('',#4757,0.5);
#3396=CIRCLE('',#4759,0.65);
#3397=CIRCLE('',#4762,0.8);
#3398=CIRCLE('',#4765,0.75);
#3399=CIRCLE('',#4773,0.15);
#3400=CIRCLE('',#4774,0.15);
#3401=CIRCLE('',#4777,0.150000000000002);
#3402=CIRCLE('',#4778,0.150000000000002);
#3403=CIRCLE('',#4781,0.150000000000002);
#3404=CIRCLE('',#4782,0.150000000000002);
#3405=CIRCLE('',#4786,0.15);
#3406=CIRCLE('',#4787,0.15);
#3407=CIRCLE('',#4790,0.15);
#3408=CIRCLE('',#4791,0.15);
#3409=CIRCLE('',#4795,0.150000000000002);
#3410=CIRCLE('',#4796,0.150000000000002);
#3411=CIRCLE('',#4799,0.150000000000003);
#3412=CIRCLE('',#4800,0.150000000000003);
#3413=CIRCLE('',#4803,0.150000000000001);
#3414=CIRCLE('',#4804,0.150000000000001);
#3415=CIRCLE('',#4807,0.15);
#3416=CIRCLE('',#4808,0.15);
#3417=CIRCLE('',#4811,0.150000000000002);
#3418=CIRCLE('',#4812,0.150000000000002);
#3419=CIRCLE('',#4815,0.150000000000001);
#3420=CIRCLE('',#4816,0.150000000000001);
#3421=CIRCLE('',#4820,0.15);
#3422=CIRCLE('',#4821,0.15);
#3423=CIRCLE('',#4824,0.15);
#3424=CIRCLE('',#4825,0.15);
#3425=CIRCLE('',#4829,0.150000000000002);
#3426=CIRCLE('',#4830,0.150000000000002);
#3427=CIRCLE('',#4833,0.150000000000001);
#3428=CIRCLE('',#4834,0.150000000000001);
#3429=CIRCLE('',#4837,0.15);
#3430=CIRCLE('',#4838,0.15);
#3431=CIRCLE('',#4840,1.41673094635678);
#3432=CIRCLE('',#4843,1.275);
#3433=CIRCLE('',#4845,1.35480512402079);
#3434=CIRCLE('',#4877,2.015);
#3435=CIRCLE('',#4879,1.41743021447622);
#3436=CIRCLE('',#4881,0.2);
#3437=CIRCLE('',#4882,0.850000000000003);
#3438=CIRCLE('',#4883,0.2);
#3439=CIRCLE('',#4884,0.560000000000001);
#3440=CIRCLE('',#4885,0.5);
#3441=CIRCLE('',#4886,0.560000000000001);
#3442=CIRCLE('',#4890,0.560000000000001);
#3443=CIRCLE('',#4893,0.5);
#3444=CIRCLE('',#4896,0.560000000000001);
#3445=CIRCLE('',#4904,0.2);
#3446=CIRCLE('',#4907,0.850000000000003);
#3447=CIRCLE('',#4910,0.2);
#3448=CIRCLE('',#4917,0.560000000000001);
#3449=CIRCLE('',#4918,0.5);
#3450=CIRCLE('',#4919,0.560000000000001);
#3451=CIRCLE('',#4920,0.2);
#3452=CIRCLE('',#4921,0.850000000000003);
#3453=CIRCLE('',#4922,0.2);
#3454=CIRCLE('',#4926,0.560000000000001);
#3455=CIRCLE('',#4929,0.5);
#3456=CIRCLE('',#4932,0.560000000000001);
#3457=CIRCLE('',#4940,0.2);
#3458=CIRCLE('',#4943,0.850000000000003);
#3459=CIRCLE('',#4946,0.2);
#3460=CIRCLE('',#4953,1.94358757281307);
#3461=CIRCLE('',#4954,1.37512449325039);
#3462=CIRCLE('',#4959,0.65);
#3463=CIRCLE('',#4960,0.3);
#3464=CIRCLE('',#4961,0.4);
#3465=CIRCLE('',#4963,0.4);
#3466=CIRCLE('',#4964,0.3);
#3467=CIRCLE('',#4965,0.65);
#3468=CIRCLE('',#4967,0.65);
#3469=CIRCLE('',#4968,0.65);
#3470=CIRCLE('',#4970,0.4);
#3471=CIRCLE('',#4971,0.4);
#3472=EDGE_LOOP('',(#1130));
#3473=EDGE_LOOP('',(#1131));
#3474=EDGE_LOOP('',(#1132));
#3475=EDGE_LOOP('',(#1133,#1134,#1135,#1136,#1137,#1138,#1139,#1140,#1141,
#1142,#1143,#1144,#1145,#1146,#1147,#1148,#1149,#1150,#1151,#1152,#1153,
#1154,#1155,#1156));
#3476=EDGE_LOOP('',(#1157,#1158,#1159,#1160));
#3477=EDGE_LOOP('',(#1161,#1162,#1163,#1164));
#3478=EDGE_LOOP('',(#1165,#1166,#1167,#1168));
#3479=EDGE_LOOP('',(#1169,#1170,#1171,#1172));
#3480=EDGE_LOOP('',(#1173,#1174,#1175,#1176,#1177,#1178,#1179,#1180,#1181,
#1182,#1183,#1184,#1185,#1186,#1187,#1188));
#3481=EDGE_LOOP('',(#1189,#1190,#1191,#1192,#1193,#1194,#1195,#1196,#1197,
#1198,#1199,#1200,#1201,#1202,#1203,#1204,#1205,#1206,#1207,#1208));
#3482=EDGE_LOOP('',(#1209,#1210,#1211,#1212,#1213,#1214,#1215,#1216,#1217,
#1218,#1219,#1220,#1221,#1222,#1223,#1224));
#3483=EDGE_LOOP('',(#1225,#1226,#1227,#1228));
#3484=EDGE_LOOP('',(#1229,#1230,#1231,#1232,#1233,#1234,#1235,#1236));
#3485=EDGE_LOOP('',(#1237,#1238,#1239,#1240));
#3486=EDGE_LOOP('',(#1241,#1242,#1243,#1244,#1245,#1246,#1247,#1248,#1249,
#1250,#1251,#1252,#1253,#1254,#1255,#1256,#1257,#1258,#1259,#1260,#1261,
#1262,#1263,#1264));
#3487=EDGE_LOOP('',(#1265,#1266,#1267,#1268,#1269,#1270,#1271,#1272,#1273,
#1274,#1275,#1276,#1277,#1278,#1279,#1280,#1281,#1282,#1283,#1284,#1285,
#1286,#1287,#1288,#1289,#1290,#1291,#1292));
#3488=EDGE_LOOP('',(#1293,#1294,#1295,#1296));
#3489=EDGE_LOOP('',(#1297,#1298,#1299,#1300,#1301,#1302,#1303,#1304));
#3490=EDGE_LOOP('',(#1305,#1306,#1307,#1308));
#3491=EDGE_LOOP('',(#1309,#1310,#1311,#1312,#1313,#1314));
#3492=EDGE_LOOP('',(#1315,#1316,#1317,#1318));
#3493=EDGE_LOOP('',(#1319,#1320,#1321,#1322));
#3494=EDGE_LOOP('',(#1323,#1324,#1325,#1326));
#3495=EDGE_LOOP('',(#1327,#1328,#1329,#1330));
#3496=EDGE_LOOP('',(#1331,#1332,#1333,#1334));
#3497=EDGE_LOOP('',(#1335,#1336,#1337,#1338,#1339,#1340));
#3498=EDGE_LOOP('',(#1341,#1342,#1343,#1344));
#3499=EDGE_LOOP('',(#1345,#1346,#1347,#1348));
#3500=EDGE_LOOP('',(#1349,#1350,#1351,#1352));
#3501=EDGE_LOOP('',(#1353,#1354,#1355,#1356));
#3502=EDGE_LOOP('',(#1357,#1358,#1359,#1360));
#3503=EDGE_LOOP('',(#1361,#1362,#1363,#1364));
#3504=EDGE_LOOP('',(#1365,#1366,#1367,#1368));
#3505=EDGE_LOOP('',(#1369,#1370,#1371,#1372));
#3506=EDGE_LOOP('',(#1373,#1374,#1375,#1376));
#3507=EDGE_LOOP('',(#1377,#1378,#1379,#1380));
#3508=EDGE_LOOP('',(#1381,#1382,#1383,#1384,#1385,#1386));
#3509=EDGE_LOOP('',(#1387,#1388,#1389,#1390,#1391,#1392));
#3510=EDGE_LOOP('',(#1393,#1394,#1395,#1396));
#3511=EDGE_LOOP('',(#1397,#1398,#1399,#1400));
#3512=EDGE_LOOP('',(#1401,#1402,#1403,#1404));
#3513=EDGE_LOOP('',(#1405,#1406,#1407,#1408));
#3514=EDGE_LOOP('',(#1409,#1410,#1411,#1412));
#3515=EDGE_LOOP('',(#1413,#1414,#1415,#1416));
#3516=EDGE_LOOP('',(#1417,#1418,#1419,#1420));
#3517=EDGE_LOOP('',(#1421,#1422,#1423,#1424));
#3518=EDGE_LOOP('',(#1425,#1426,#1427,#1428));
#3519=EDGE_LOOP('',(#1429,#1430,#1431,#1432));
#3520=EDGE_LOOP('',(#1433,#1434,#1435,#1436));
#3521=EDGE_LOOP('',(#1437,#1438,#1439,#1440));
#3522=EDGE_LOOP('',(#1441,#1442,#1443,#1444));
#3523=EDGE_LOOP('',(#1445,#1446,#1447,#1448));
#3524=EDGE_LOOP('',(#1449,#1450,#1451,#1452));
#3525=EDGE_LOOP('',(#1453,#1454,#1455,#1456,#1457));
#3526=EDGE_LOOP('',(#1458,#1459,#1460,#1461,#1462));
#3527=EDGE_LOOP('',(#1463,#1464,#1465,#1466,#1467));
#3528=EDGE_LOOP('',(#1468,#1469,#1470,#1471,#1472));
#3529=EDGE_LOOP('',(#1473,#1474,#1475,#1476,#1477));
#3530=EDGE_LOOP('',(#1478,#1479,#1480,#1481,#1482));
#3531=EDGE_LOOP('',(#1483,#1484,#1485,#1486,#1487));
#3532=EDGE_LOOP('',(#1488,#1489,#1490,#1491,#1492));
#3533=EDGE_LOOP('',(#1493,#1494,#1495,#1496));
#3534=EDGE_LOOP('',(#1497,#1498,#1499,#1500));
#3535=EDGE_LOOP('',(#1501,#1502,#1503,#1504));
#3536=EDGE_LOOP('',(#1505,#1506,#1507,#1508));
#3537=EDGE_LOOP('',(#1509,#1510,#1511,#1512));
#3538=EDGE_LOOP('',(#1513,#1514,#1515,#1516));
#3539=EDGE_LOOP('',(#1517,#1518,#1519,#1520));
#3540=EDGE_LOOP('',(#1521,#1522,#1523,#1524));
#3541=EDGE_LOOP('',(#1525,#1526,#1527,#1528));
#3542=EDGE_LOOP('',(#1529,#1530,#1531,#1532));
#3543=EDGE_LOOP('',(#1533,#1534,#1535,#1536));
#3544=EDGE_LOOP('',(#1537,#1538,#1539,#1540));
#3545=EDGE_LOOP('',(#1541));
#3546=EDGE_LOOP('',(#1542));
#3547=EDGE_LOOP('',(#1543));
#3548=EDGE_LOOP('',(#1544));
#3549=EDGE_LOOP('',(#1545));
#3550=EDGE_LOOP('',(#1546));
#3551=EDGE_LOOP('',(#1547));
#3552=EDGE_LOOP('',(#1548));
#3553=EDGE_LOOP('',(#1549));
#3554=EDGE_LOOP('',(#1550));
#3555=EDGE_LOOP('',(#1551));
#3556=EDGE_LOOP('',(#1552));
#3557=EDGE_LOOP('',(#1553));
#3558=EDGE_LOOP('',(#1554,#1555,#1556,#1557));
#3559=EDGE_LOOP('',(#1558,#1559,#1560));
#3560=EDGE_LOOP('',(#1561,#1562,#1563));
#3561=EDGE_LOOP('',(#1564,#1565,#1566,#1567));
#3562=EDGE_LOOP('',(#1568,#1569,#1570,#1571));
#3563=EDGE_LOOP('',(#1572,#1573,#1574,#1575));
#3564=EDGE_LOOP('',(#1576,#1577,#1578,#1579));
#3565=EDGE_LOOP('',(#1580,#1581,#1582,#1583));
#3566=EDGE_LOOP('',(#1584,#1585,#1586,#1587));
#3567=EDGE_LOOP('',(#1588,#1589,#1590,#1591));
#3568=EDGE_LOOP('',(#1592,#1593,#1594,#1595));
#3569=EDGE_LOOP('',(#1596,#1597,#1598,#1599));
#3570=EDGE_LOOP('',(#1600,#1601,#1602,#1603));
#3571=EDGE_LOOP('',(#1604,#1605,#1606,#1607));
#3572=EDGE_LOOP('',(#1608,#1609,#1610,#1611));
#3573=EDGE_LOOP('',(#1612,#1613,#1614,#1615));
#3574=EDGE_LOOP('',(#1616,#1617,#1618,#1619));
#3575=EDGE_LOOP('',(#1620,#1621,#1622,#1623));
#3576=EDGE_LOOP('',(#1624,#1625,#1626,#1627));
#3577=EDGE_LOOP('',(#1628,#1629,#1630,#1631));
#3578=EDGE_LOOP('',(#1632,#1633,#1634,#1635));
#3579=EDGE_LOOP('',(#1636,#1637,#1638,#1639));
#3580=EDGE_LOOP('',(#1640,#1641,#1642,#1643));
#3581=EDGE_LOOP('',(#1644,#1645,#1646,#1647));
#3582=EDGE_LOOP('',(#1648,#1649,#1650,#1651));
#3583=EDGE_LOOP('',(#1652,#1653,#1654,#1655));
#3584=EDGE_LOOP('',(#1656,#1657,#1658,#1659));
#3585=EDGE_LOOP('',(#1660,#1661,#1662,#1663));
#3586=EDGE_LOOP('',(#1664,#1665,#1666,#1667));
#3587=EDGE_LOOP('',(#1668,#1669,#1670,#1671));
#3588=EDGE_LOOP('',(#1672,#1673,#1674,#1675));
#3589=EDGE_LOOP('',(#1676,#1677,#1678,#1679));
#3590=EDGE_LOOP('',(#1680,#1681,#1682,#1683));
#3591=EDGE_LOOP('',(#1684,#1685,#1686,#1687));
#3592=EDGE_LOOP('',(#1688,#1689,#1690,#1691));
#3593=EDGE_LOOP('',(#1692,#1693,#1694,#1695));
#3594=EDGE_LOOP('',(#1696,#1697,#1698,#1699));
#3595=EDGE_LOOP('',(#1700,#1701,#1702,#1703));
#3596=EDGE_LOOP('',(#1704,#1705,#1706,#1707));
#3597=EDGE_LOOP('',(#1708));
#3598=EDGE_LOOP('',(#1709,#1710,#1711,#1712,#1713,#1714,#1715,#1716,#1717,
#1718,#1719,#1720,#1721,#1722,#1723,#1724,#1725,#1726,#1727,#1728,#1729,
#1730,#1731,#1732,#1733,#1734,#1735,#1736,#1737,#1738,#1739,#1740,#1741,
#1742,#1743,#1744));
#3599=EDGE_LOOP('',(#1745,#1746,#1747,#1748,#1749,#1750,#1751,#1752,#1753,
#1754,#1755,#1756,#1757,#1758,#1759,#1760,#1761,#1762,#1763,#1764,#1765,
#1766,#1767,#1768,#1769,#1770,#1771,#1772,#1773,#1774,#1775,#1776,#1777,
#1778,#1779,#1780));
#3600=EDGE_LOOP('',(#1781));
#3601=EDGE_LOOP('',(#1782));
#3602=EDGE_LOOP('',(#1783));
#3603=EDGE_LOOP('',(#1784));
#3604=EDGE_LOOP('',(#1785));
#3605=EDGE_LOOP('',(#1786,#1787,#1788,#1789));
#3606=EDGE_LOOP('',(#1790,#1791,#1792,#1793));
#3607=EDGE_LOOP('',(#1794,#1795,#1796,#1797));
#3608=EDGE_LOOP('',(#1798,#1799,#1800,#1801));
#3609=EDGE_LOOP('',(#1802,#1803,#1804,#1805));
#3610=EDGE_LOOP('',(#1806,#1807,#1808,#1809));
#3611=EDGE_LOOP('',(#1810,#1811,#1812,#1813));
#3612=EDGE_LOOP('',(#1814,#1815,#1816,#1817));
#3613=EDGE_LOOP('',(#1818,#1819,#1820,#1821));
#3614=EDGE_LOOP('',(#1822,#1823,#1824,#1825));
#3615=EDGE_LOOP('',(#1826,#1827,#1828,#1829));
#3616=EDGE_LOOP('',(#1830,#1831,#1832,#1833));
#3617=EDGE_LOOP('',(#1834,#1835,#1836,#1837));
#3618=EDGE_LOOP('',(#1838,#1839,#1840,#1841));
#3619=EDGE_LOOP('',(#1842,#1843,#1844,#1845));
#3620=EDGE_LOOP('',(#1846,#1847,#1848,#1849));
#3621=EDGE_LOOP('',(#1850,#1851,#1852,#1853));
#3622=EDGE_LOOP('',(#1854,#1855,#1856,#1857));
#3623=EDGE_LOOP('',(#1858,#1859,#1860,#1861));
#3624=EDGE_LOOP('',(#1862,#1863,#1864,#1865));
#3625=EDGE_LOOP('',(#1866,#1867,#1868,#1869));
#3626=EDGE_LOOP('',(#1870,#1871,#1872,#1873));
#3627=EDGE_LOOP('',(#1874,#1875,#1876,#1877));
#3628=EDGE_LOOP('',(#1878,#1879,#1880,#1881));
#3629=EDGE_LOOP('',(#1882,#1883,#1884,#1885));
#3630=EDGE_LOOP('',(#1886,#1887,#1888,#1889));
#3631=EDGE_LOOP('',(#1890,#1891,#1892,#1893));
#3632=EDGE_LOOP('',(#1894,#1895,#1896,#1897));
#3633=EDGE_LOOP('',(#1898));
#3634=EDGE_LOOP('',(#1899,#1900,#1901,#1902,#1903,#1904,#1905,#1906,#1907,
#1908,#1909,#1910,#1911,#1912,#1913,#1914,#1915,#1916,#1917,#1918,#1919,
#1920,#1921,#1922,#1923,#1924,#1925,#1926,#1927,#1928,#1929,#1930,#1931,
#1932,#1933,#1934,#1935,#1936,#1937,#1938));
#3635=EDGE_LOOP('',(#1939));
#3636=EDGE_LOOP('',(#1940,#1941,#1942,#1943,#1944,#1945,#1946,#1947,#1948,
#1949,#1950,#1951,#1952,#1953,#1954,#1955,#1956,#1957,#1958,#1959,#1960,
#1961,#1962,#1963,#1964,#1965,#1966,#1967,#1968,#1969,#1970,#1971));
#3637=EDGE_LOOP('',(#1972,#1973,#1974,#1975,#1976,#1977,#1978,#1979,#1980,
#1981,#1982,#1983,#1984,#1985,#1986,#1987,#1988,#1989,#1990,#1991,#1992,
#1993,#1994,#1995));
#3638=EDGE_LOOP('',(#1996,#1997,#1998,#1999,#2000));
#3639=EDGE_LOOP('',(#2001,#2002,#2003,#2004));
#3640=EDGE_LOOP('',(#2005,#2006,#2007,#2008));
#3641=EDGE_LOOP('',(#2009,#2010,#2011,#2012));
#3642=EDGE_LOOP('',(#2013,#2014,#2015,#2016));
#3643=EDGE_LOOP('',(#2017,#2018,#2019,#2020));
#3644=EDGE_LOOP('',(#2021,#2022,#2023,#2024));
#3645=EDGE_LOOP('',(#2025,#2026,#2027,#2028));
#3646=EDGE_LOOP('',(#2029,#2030,#2031,#2032,#2033));
#3647=EDGE_LOOP('',(#2034,#2035,#2036,#2037,#2038));
#3648=EDGE_LOOP('',(#2039,#2040,#2041,#2042));
#3649=EDGE_LOOP('',(#2043,#2044,#2045,#2046));
#3650=EDGE_LOOP('',(#2047,#2048,#2049,#2050));
#3651=EDGE_LOOP('',(#2051,#2052,#2053,#2054));
#3652=EDGE_LOOP('',(#2055,#2056,#2057,#2058));
#3653=EDGE_LOOP('',(#2059,#2060,#2061,#2062));
#3654=EDGE_LOOP('',(#2063,#2064,#2065,#2066));
#3655=EDGE_LOOP('',(#2067,#2068,#2069,#2070));
#3656=EDGE_LOOP('',(#2071,#2072,#2073,#2074));
#3657=EDGE_LOOP('',(#2075,#2076,#2077,#2078));
#3658=EDGE_LOOP('',(#2079,#2080,#2081,#2082));
#3659=EDGE_LOOP('',(#2083,#2084,#2085,#2086,#2087));
#3660=EDGE_LOOP('',(#2088,#2089,#2090,#2091,#2092,#2093,#2094,#2095,#2096,
#2097,#2098,#2099,#2100,#2101,#2102,#2103,#2104,#2105,#2106,#2107,#2108,
#2109,#2110,#2111));
#3661=EDGE_LOOP('',(#2112,#2113,#2114,#2115,#2116,#2117,#2118,#2119,#2120,
#2121,#2122,#2123,#2124,#2125,#2126,#2127,#2128,#2129,#2130,#2131,#2132,
#2133,#2134,#2135));
#3662=EDGE_LOOP('',(#2136,#2137,#2138,#2139,#2140));
#3663=EDGE_LOOP('',(#2141,#2142,#2143,#2144));
#3664=EDGE_LOOP('',(#2145,#2146,#2147,#2148));
#3665=EDGE_LOOP('',(#2149,#2150,#2151,#2152));
#3666=EDGE_LOOP('',(#2153,#2154,#2155,#2156));
#3667=EDGE_LOOP('',(#2157,#2158,#2159,#2160));
#3668=EDGE_LOOP('',(#2161,#2162,#2163,#2164));
#3669=EDGE_LOOP('',(#2165,#2166,#2167,#2168));
#3670=EDGE_LOOP('',(#2169,#2170,#2171,#2172,#2173));
#3671=EDGE_LOOP('',(#2174,#2175,#2176,#2177,#2178));
#3672=EDGE_LOOP('',(#2179,#2180,#2181,#2182));
#3673=EDGE_LOOP('',(#2183,#2184,#2185,#2186));
#3674=EDGE_LOOP('',(#2187,#2188,#2189,#2190));
#3675=EDGE_LOOP('',(#2191,#2192,#2193,#2194));
#3676=EDGE_LOOP('',(#2195,#2196,#2197,#2198));
#3677=EDGE_LOOP('',(#2199,#2200,#2201,#2202));
#3678=EDGE_LOOP('',(#2203,#2204,#2205,#2206));
#3679=EDGE_LOOP('',(#2207,#2208,#2209,#2210));
#3680=EDGE_LOOP('',(#2211,#2212,#2213,#2214));
#3681=EDGE_LOOP('',(#2215,#2216,#2217,#2218));
#3682=EDGE_LOOP('',(#2219,#2220,#2221,#2222));
#3683=EDGE_LOOP('',(#2223,#2224,#2225,#2226,#2227));
#3684=EDGE_LOOP('',(#2228,#2229,#2230,#2231,#2232,#2233,#2234,#2235,#2236,
#2237,#2238,#2239,#2240,#2241,#2242,#2243,#2244,#2245,#2246,#2247,#2248,
#2249,#2250,#2251));
#3685=EDGE_LOOP('',(#2252));
#3686=EDGE_LOOP('',(#2253));
#3687=EDGE_LOOP('',(#2254));
#3688=EDGE_LOOP('',(#2255));
#3689=EDGE_LOOP('',(#2256));
#3690=EDGE_LOOP('',(#2257));
#3691=EDGE_LOOP('',(#2258,#2259,#2260,#2261,#2262,#2263,#2264,#2265));
#3692=EDGE_LOOP('',(#2266,#2267,#2268,#2269,#2270,#2271,#2272,#2273));
#3693=EDGE_LOOP('',(#2274,#2275,#2276,#2277,#2278,#2279,#2280,#2281,#2282,
#2283));
#3694=EDGE_LOOP('',(#2284,#2285,#2286,#2287,#2288,#2289,#2290,#2291,#2292,
#2293));
#3695=EDGE_LOOP('',(#2294,#2295,#2296,#2297));
#3696=EDGE_LOOP('',(#2298,#2299,#2300,#2301));
#3697=EDGE_LOOP('',(#2302,#2303,#2304,#2305));
#3698=EDGE_LOOP('',(#2306,#2307,#2308,#2309));
#3699=EDGE_LOOP('',(#2310,#2311,#2312,#2313));
#3700=EDGE_LOOP('',(#2314,#2315,#2316,#2317));
#3701=EDGE_LOOP('',(#2318,#2319,#2320,#2321));
#3702=EDGE_LOOP('',(#2322,#2323,#2324,#2325));
#3703=EDGE_LOOP('',(#2326,#2327,#2328,#2329,#2330,#2331));
#3704=EDGE_LOOP('',(#2332,#2333,#2334,#2335));
#3705=EDGE_LOOP('',(#2336,#2337,#2338,#2339));
#3706=EDGE_LOOP('',(#2340,#2341,#2342,#2343));
#3707=EDGE_LOOP('',(#2344,#2345,#2346,#2347));
#3708=EDGE_LOOP('',(#2348,#2349,#2350,#2351,#2352,#2353));
#3709=FACE_BOUND('',#3472,.T.);
#3710=FACE_BOUND('',#3473,.T.);
#3711=FACE_BOUND('',#3474,.T.);
#3712=FACE_BOUND('',#3475,.T.);
#3713=FACE_BOUND('',#3476,.T.);
#3714=FACE_BOUND('',#3477,.T.);
#3715=FACE_BOUND('',#3478,.T.);
#3716=FACE_BOUND('',#3479,.T.);
#3717=FACE_BOUND('',#3480,.T.);
#3718=FACE_BOUND('',#3481,.T.);
#3719=FACE_BOUND('',#3482,.T.);
#3720=FACE_BOUND('',#3483,.T.);
#3721=FACE_BOUND('',#3484,.T.);
#3722=FACE_BOUND('',#3485,.T.);
#3723=FACE_BOUND('',#3486,.T.);
#3724=FACE_BOUND('',#3487,.T.);
#3725=FACE_BOUND('',#3488,.T.);
#3726=FACE_BOUND('',#3489,.T.);
#3727=FACE_BOUND('',#3490,.T.);
#3728=FACE_BOUND('',#3491,.T.);
#3729=FACE_BOUND('',#3492,.T.);
#3730=FACE_BOUND('',#3493,.T.);
#3731=FACE_BOUND('',#3494,.T.);
#3732=FACE_BOUND('',#3495,.T.);
#3733=FACE_BOUND('',#3496,.T.);
#3734=FACE_BOUND('',#3497,.T.);
#3735=FACE_BOUND('',#3498,.T.);
#3736=FACE_BOUND('',#3499,.T.);
#3737=FACE_BOUND('',#3500,.T.);
#3738=FACE_BOUND('',#3501,.T.);
#3739=FACE_BOUND('',#3502,.T.);
#3740=FACE_BOUND('',#3503,.T.);
#3741=FACE_BOUND('',#3504,.T.);
#3742=FACE_BOUND('',#3505,.T.);
#3743=FACE_BOUND('',#3506,.T.);
#3744=FACE_BOUND('',#3507,.T.);
#3745=FACE_BOUND('',#3508,.T.);
#3746=FACE_BOUND('',#3509,.T.);
#3747=FACE_BOUND('',#3510,.T.);
#3748=FACE_BOUND('',#3511,.T.);
#3749=FACE_BOUND('',#3512,.T.);
#3750=FACE_BOUND('',#3513,.T.);
#3751=FACE_BOUND('',#3514,.T.);
#3752=FACE_BOUND('',#3515,.T.);
#3753=FACE_BOUND('',#3516,.T.);
#3754=FACE_BOUND('',#3517,.T.);
#3755=FACE_BOUND('',#3518,.T.);
#3756=FACE_BOUND('',#3519,.T.);
#3757=FACE_BOUND('',#3520,.T.);
#3758=FACE_BOUND('',#3521,.T.);
#3759=FACE_BOUND('',#3522,.T.);
#3760=FACE_BOUND('',#3523,.T.);
#3761=FACE_BOUND('',#3524,.T.);
#3762=FACE_BOUND('',#3525,.T.);
#3763=FACE_BOUND('',#3526,.T.);
#3764=FACE_BOUND('',#3527,.T.);
#3765=FACE_BOUND('',#3528,.T.);
#3766=FACE_BOUND('',#3529,.T.);
#3767=FACE_BOUND('',#3530,.T.);
#3768=FACE_BOUND('',#3531,.T.);
#3769=FACE_BOUND('',#3532,.T.);
#3770=FACE_BOUND('',#3533,.T.);
#3771=FACE_BOUND('',#3534,.T.);
#3772=FACE_BOUND('',#3535,.T.);
#3773=FACE_BOUND('',#3536,.T.);
#3774=FACE_BOUND('',#3537,.T.);
#3775=FACE_BOUND('',#3538,.T.);
#3776=FACE_BOUND('',#3539,.T.);
#3777=FACE_BOUND('',#3540,.T.);
#3778=FACE_BOUND('',#3541,.T.);
#3779=FACE_BOUND('',#3542,.T.);
#3780=FACE_BOUND('',#3543,.T.);
#3781=FACE_BOUND('',#3544,.T.);
#3782=FACE_BOUND('',#3545,.T.);
#3783=FACE_BOUND('',#3546,.T.);
#3784=FACE_BOUND('',#3547,.T.);
#3785=FACE_BOUND('',#3548,.T.);
#3786=FACE_BOUND('',#3549,.T.);
#3787=FACE_BOUND('',#3550,.T.);
#3788=FACE_BOUND('',#3551,.T.);
#3789=FACE_BOUND('',#3552,.T.);
#3790=FACE_BOUND('',#3553,.T.);
#3791=FACE_BOUND('',#3554,.T.);
#3792=FACE_BOUND('',#3555,.T.);
#3793=FACE_BOUND('',#3556,.T.);
#3794=FACE_BOUND('',#3557,.T.);
#3795=FACE_BOUND('',#3558,.T.);
#3796=FACE_BOUND('',#3559,.T.);
#3797=FACE_BOUND('',#3560,.T.);
#3798=FACE_BOUND('',#3561,.T.);
#3799=FACE_BOUND('',#3562,.T.);
#3800=FACE_BOUND('',#3563,.T.);
#3801=FACE_BOUND('',#3564,.T.);
#3802=FACE_BOUND('',#3565,.T.);
#3803=FACE_BOUND('',#3566,.T.);
#3804=FACE_BOUND('',#3567,.T.);
#3805=FACE_BOUND('',#3568,.T.);
#3806=FACE_BOUND('',#3569,.T.);
#3807=FACE_BOUND('',#3570,.T.);
#3808=FACE_BOUND('',#3571,.T.);
#3809=FACE_BOUND('',#3572,.T.);
#3810=FACE_BOUND('',#3573,.T.);
#3811=FACE_BOUND('',#3574,.T.);
#3812=FACE_BOUND('',#3575,.T.);
#3813=FACE_BOUND('',#3576,.T.);
#3814=FACE_BOUND('',#3577,.T.);
#3815=FACE_BOUND('',#3578,.T.);
#3816=FACE_BOUND('',#3579,.T.);
#3817=FACE_BOUND('',#3580,.T.);
#3818=FACE_BOUND('',#3581,.T.);
#3819=FACE_BOUND('',#3582,.T.);
#3820=FACE_BOUND('',#3583,.T.);
#3821=FACE_BOUND('',#3584,.T.);
#3822=FACE_BOUND('',#3585,.T.);
#3823=FACE_BOUND('',#3586,.T.);
#3824=FACE_BOUND('',#3587,.T.);
#3825=FACE_BOUND('',#3588,.T.);
#3826=FACE_BOUND('',#3589,.T.);
#3827=FACE_BOUND('',#3590,.T.);
#3828=FACE_BOUND('',#3591,.T.);
#3829=FACE_BOUND('',#3592,.T.);
#3830=FACE_BOUND('',#3593,.T.);
#3831=FACE_BOUND('',#3594,.T.);
#3832=FACE_BOUND('',#3595,.T.);
#3833=FACE_BOUND('',#3596,.T.);
#3834=FACE_BOUND('',#3597,.T.);
#3835=FACE_BOUND('',#3598,.T.);
#3836=FACE_BOUND('',#3599,.T.);
#3837=FACE_BOUND('',#3600,.T.);
#3838=FACE_BOUND('',#3601,.T.);
#3839=FACE_BOUND('',#3602,.T.);
#3840=FACE_BOUND('',#3603,.T.);
#3841=FACE_BOUND('',#3604,.T.);
#3842=FACE_BOUND('',#3605,.T.);
#3843=FACE_BOUND('',#3606,.T.);
#3844=FACE_BOUND('',#3607,.T.);
#3845=FACE_BOUND('',#3608,.T.);
#3846=FACE_BOUND('',#3609,.T.);
#3847=FACE_BOUND('',#3610,.T.);
#3848=FACE_BOUND('',#3611,.T.);
#3849=FACE_BOUND('',#3612,.T.);
#3850=FACE_BOUND('',#3613,.T.);
#3851=FACE_BOUND('',#3614,.T.);
#3852=FACE_BOUND('',#3615,.T.);
#3853=FACE_BOUND('',#3616,.T.);
#3854=FACE_BOUND('',#3617,.T.);
#3855=FACE_BOUND('',#3618,.T.);
#3856=FACE_BOUND('',#3619,.T.);
#3857=FACE_BOUND('',#3620,.T.);
#3858=FACE_BOUND('',#3621,.T.);
#3859=FACE_BOUND('',#3622,.T.);
#3860=FACE_BOUND('',#3623,.T.);
#3861=FACE_BOUND('',#3624,.T.);
#3862=FACE_BOUND('',#3625,.T.);
#3863=FACE_BOUND('',#3626,.T.);
#3864=FACE_BOUND('',#3627,.T.);
#3865=FACE_BOUND('',#3628,.T.);
#3866=FACE_BOUND('',#3629,.T.);
#3867=FACE_BOUND('',#3630,.T.);
#3868=FACE_BOUND('',#3631,.T.);
#3869=FACE_BOUND('',#3632,.T.);
#3870=FACE_BOUND('',#3633,.T.);
#3871=FACE_BOUND('',#3634,.T.);
#3872=FACE_BOUND('',#3635,.T.);
#3873=FACE_BOUND('',#3636,.T.);
#3874=FACE_BOUND('',#3637,.T.);
#3875=FACE_BOUND('',#3638,.T.);
#3876=FACE_BOUND('',#3639,.T.);
#3877=FACE_BOUND('',#3640,.T.);
#3878=FACE_BOUND('',#3641,.T.);
#3879=FACE_BOUND('',#3642,.T.);
#3880=FACE_BOUND('',#3643,.T.);
#3881=FACE_BOUND('',#3644,.T.);
#3882=FACE_BOUND('',#3645,.T.);
#3883=FACE_BOUND('',#3646,.T.);
#3884=FACE_BOUND('',#3647,.T.);
#3885=FACE_BOUND('',#3648,.T.);
#3886=FACE_BOUND('',#3649,.T.);
#3887=FACE_BOUND('',#3650,.T.);
#3888=FACE_BOUND('',#3651,.T.);
#3889=FACE_BOUND('',#3652,.T.);
#3890=FACE_BOUND('',#3653,.T.);
#3891=FACE_BOUND('',#3654,.T.);
#3892=FACE_BOUND('',#3655,.T.);
#3893=FACE_BOUND('',#3656,.T.);
#3894=FACE_BOUND('',#3657,.T.);
#3895=FACE_BOUND('',#3658,.T.);
#3896=FACE_BOUND('',#3659,.T.);
#3897=FACE_BOUND('',#3660,.T.);
#3898=FACE_BOUND('',#3661,.T.);
#3899=FACE_BOUND('',#3662,.T.);
#3900=FACE_BOUND('',#3663,.T.);
#3901=FACE_BOUND('',#3664,.T.);
#3902=FACE_BOUND('',#3665,.T.);
#3903=FACE_BOUND('',#3666,.T.);
#3904=FACE_BOUND('',#3667,.T.);
#3905=FACE_BOUND('',#3668,.T.);
#3906=FACE_BOUND('',#3669,.T.);
#3907=FACE_BOUND('',#3670,.T.);
#3908=FACE_BOUND('',#3671,.T.);
#3909=FACE_BOUND('',#3672,.T.);
#3910=FACE_BOUND('',#3673,.T.);
#3911=FACE_BOUND('',#3674,.T.);
#3912=FACE_BOUND('',#3675,.T.);
#3913=FACE_BOUND('',#3676,.T.);
#3914=FACE_BOUND('',#3677,.T.);
#3915=FACE_BOUND('',#3678,.T.);
#3916=FACE_BOUND('',#3679,.T.);
#3917=FACE_BOUND('',#3680,.T.);
#3918=FACE_BOUND('',#3681,.T.);
#3919=FACE_BOUND('',#3682,.T.);
#3920=FACE_BOUND('',#3683,.T.);
#3921=FACE_BOUND('',#3684,.T.);
#3922=FACE_BOUND('',#3685,.T.);
#3923=FACE_BOUND('',#3686,.T.);
#3924=FACE_BOUND('',#3687,.T.);
#3925=FACE_BOUND('',#3688,.T.);
#3926=FACE_BOUND('',#3689,.T.);
#3927=FACE_BOUND('',#3690,.T.);
#3928=FACE_BOUND('',#3691,.T.);
#3929=FACE_BOUND('',#3692,.T.);
#3930=FACE_BOUND('',#3693,.T.);
#3931=FACE_BOUND('',#3694,.T.);
#3932=FACE_BOUND('',#3695,.T.);
#3933=FACE_BOUND('',#3696,.T.);
#3934=FACE_BOUND('',#3697,.T.);
#3935=FACE_BOUND('',#3698,.T.);
#3936=FACE_BOUND('',#3699,.T.);
#3937=FACE_BOUND('',#3700,.T.);
#3938=FACE_BOUND('',#3701,.T.);
#3939=FACE_BOUND('',#3702,.T.);
#3940=FACE_BOUND('',#3703,.T.);
#3941=FACE_BOUND('',#3704,.T.);
#3942=FACE_BOUND('',#3705,.T.);
#3943=FACE_BOUND('',#3706,.T.);
#3944=FACE_BOUND('',#3707,.T.);
#3945=FACE_BOUND('',#3708,.T.);
#3946=PLANE('',#4665);
#3947=PLANE('',#4673);
#3948=PLANE('',#4674);
#3949=PLANE('',#4675);
#3950=PLANE('',#4676);
#3951=PLANE('',#4677);
#3952=PLANE('',#4680);
#3953=PLANE('',#4681);
#3954=PLANE('',#4684);
#3955=PLANE('',#4685);
#3956=PLANE('',#4686);
#3957=PLANE('',#4687);
#3958=PLANE('',#4688);
#3959=PLANE('',#4689);
#3960=PLANE('',#4690);
#3961=PLANE('',#4691);
#3962=PLANE('',#4692);
#3963=PLANE('',#4693);
#3964=PLANE('',#4694);
#3965=PLANE('',#4695);
#3966=PLANE('',#4696);
#3967=PLANE('',#4697);
#3968=PLANE('',#4698);
#3969=PLANE('',#4699);
#3970=PLANE('',#4700);
#3971=PLANE('',#4701);
#3972=PLANE('',#4702);
#3973=PLANE('',#4703);
#3974=PLANE('',#4704);
#3975=PLANE('',#4705);
#3976=PLANE('',#4706);
#3977=PLANE('',#4707);
#3978=PLANE('',#4708);
#3979=PLANE('',#4709);
#3980=PLANE('',#4710);
#3981=PLANE('',#4711);
#3982=PLANE('',#4712);
#3983=PLANE('',#4713);
#3984=PLANE('',#4714);
#3985=PLANE('',#4715);
#3986=PLANE('',#4716);
#3987=PLANE('',#4717);
#3988=PLANE('',#4718);
#3989=PLANE('',#4719);
#3990=PLANE('',#4720);
#3991=PLANE('',#4721);
#3992=PLANE('',#4722);
#3993=PLANE('',#4723);
#3994=PLANE('',#4724);
#3995=PLANE('',#4725);
#3996=PLANE('',#4728);
#3997=PLANE('',#4729);
#3998=PLANE('',#4734);
#3999=PLANE('',#4735);
#4000=PLANE('',#4738);
#4001=PLANE('',#4740);
#4002=PLANE('',#4742);
#4003=PLANE('',#4745);
#4004=PLANE('',#4746);
#4005=PLANE('',#4748);
#4006=PLANE('',#4752);
#4007=PLANE('',#4753);
#4008=PLANE('',#4754);
#4009=PLANE('',#4758);
#4010=PLANE('',#4761);
#4011=PLANE('',#4764);
#4012=PLANE('',#4767);
#4013=PLANE('',#4768);
#4014=PLANE('',#4769);
#4015=PLANE('',#4771);
#4016=PLANE('',#4775);
#4017=PLANE('',#4779);
#4018=PLANE('',#4783);
#4019=PLANE('',#4784);
#4020=PLANE('',#4788);
#4021=PLANE('',#4792);
#4022=PLANE('',#4793);
#4023=PLANE('',#4797);
#4024=PLANE('',#4801);
#4025=PLANE('',#4805);
#4026=PLANE('',#4809);
#4027=PLANE('',#4813);
#4028=PLANE('',#4817);
#4029=PLANE('',#4818);
#4030=PLANE('',#4822);
#4031=PLANE('',#4826);
#4032=PLANE('',#4827);
#4033=PLANE('',#4831);
#4034=PLANE('',#4835);
#4035=PLANE('',#4839);
#4036=PLANE('',#4841);
#4037=PLANE('',#4842);
#4038=PLANE('',#4848);
#4039=PLANE('',#4849);
#4040=PLANE('',#4850);
#4041=PLANE('',#4851);
#4042=PLANE('',#4852);
#4043=PLANE('',#4853);
#4044=PLANE('',#4854);
#4045=PLANE('',#4855);
#4046=PLANE('',#4856);
#4047=PLANE('',#4857);
#4048=PLANE('',#4858);
#4049=PLANE('',#4859);
#4050=PLANE('',#4860);
#4051=PLANE('',#4861);
#4052=PLANE('',#4862);
#4053=PLANE('',#4863);
#4054=PLANE('',#4864);
#4055=PLANE('',#4865);
#4056=PLANE('',#4866);
#4057=PLANE('',#4867);
#4058=PLANE('',#4868);
#4059=PLANE('',#4869);
#4060=PLANE('',#4870);
#4061=PLANE('',#4871);
#4062=PLANE('',#4872);
#4063=PLANE('',#4873);
#4064=PLANE('',#4874);
#4065=PLANE('',#4875);
#4066=PLANE('',#4876);
#4067=PLANE('',#4878);
#4068=PLANE('',#4880);
#4069=PLANE('',#4887);
#4070=PLANE('',#4888);
#4071=PLANE('',#4891);
#4072=PLANE('',#4894);
#4073=PLANE('',#4897);
#4074=PLANE('',#4898);
#4075=PLANE('',#4899);
#4076=PLANE('',#4900);
#4077=PLANE('',#4901);
#4078=PLANE('',#4902);
#4079=PLANE('',#4905);
#4080=PLANE('',#4908);
#4081=PLANE('',#4911);
#4082=PLANE('',#4912);
#4083=PLANE('',#4913);
#4084=PLANE('',#4914);
#4085=PLANE('',#4915);
#4086=PLANE('',#4916);
#4087=PLANE('',#4923);
#4088=PLANE('',#4924);
#4089=PLANE('',#4927);
#4090=PLANE('',#4930);
#4091=PLANE('',#4933);
#4092=PLANE('',#4934);
#4093=PLANE('',#4935);
#4094=PLANE('',#4936);
#4095=PLANE('',#4937);
#4096=PLANE('',#4938);
#4097=PLANE('',#4941);
#4098=PLANE('',#4944);
#4099=PLANE('',#4947);
#4100=PLANE('',#4948);
#4101=PLANE('',#4949);
#4102=PLANE('',#4950);
#4103=PLANE('',#4951);
#4104=PLANE('',#4952);
#4105=PLANE('',#4958);
#4106=PLANE('',#4962);
#4107=PLANE('',#4972);
#4108=PLANE('',#4973);
#4109=PLANE('',#4974);
#4110=PLANE('',#4975);
#4111=PLANE('',#4977);
#4112=PLANE('',#4978);
#4113=PLANE('',#4979);
#4114=PLANE('',#4980);
#4115=PLANE('',#4985);
#4116=ADVANCED_FACE('',(#3709,#3710,#3711,#3712),#3946,.F.);
#4117=ADVANCED_FACE('',(#3713),#3947,.T.);
#4118=ADVANCED_FACE('',(#3714),#3948,.F.);
#4119=ADVANCED_FACE('',(#3715),#3949,.T.);
#4120=ADVANCED_FACE('',(#3716),#3950,.F.);
#4121=ADVANCED_FACE('',(#3717),#3951,.T.);
#4122=ADVANCED_FACE('',(#3718),#3952,.T.);
#4123=ADVANCED_FACE('',(#3719),#3953,.T.);
#4124=ADVANCED_FACE('',(#3720),#3954,.T.);
#4125=ADVANCED_FACE('',(#3721),#3955,.T.);
#4126=ADVANCED_FACE('',(#3722),#3956,.T.);
#4127=ADVANCED_FACE('',(#3723),#3957,.T.);
#4128=ADVANCED_FACE('',(#3724),#3958,.T.);
#4129=ADVANCED_FACE('',(#3725),#3959,.T.);
#4130=ADVANCED_FACE('',(#3726),#3960,.T.);
#4131=ADVANCED_FACE('',(#3727),#3961,.T.);
#4132=ADVANCED_FACE('',(#3728),#3962,.T.);
#4133=ADVANCED_FACE('',(#3729),#3963,.T.);
#4134=ADVANCED_FACE('',(#3730),#3964,.T.);
#4135=ADVANCED_FACE('',(#3731),#3965,.T.);
#4136=ADVANCED_FACE('',(#3732),#3966,.T.);
#4137=ADVANCED_FACE('',(#3733),#3967,.T.);
#4138=ADVANCED_FACE('',(#3734),#3968,.T.);
#4139=ADVANCED_FACE('',(#3735),#3969,.T.);
#4140=ADVANCED_FACE('',(#3736),#3970,.T.);
#4141=ADVANCED_FACE('',(#3737),#3971,.T.);
#4142=ADVANCED_FACE('',(#3738),#3972,.T.);
#4143=ADVANCED_FACE('',(#3739),#3973,.T.);
#4144=ADVANCED_FACE('',(#3740),#3974,.F.);
#4145=ADVANCED_FACE('',(#3741),#3975,.F.);
#4146=ADVANCED_FACE('',(#3742),#3976,.F.);
#4147=ADVANCED_FACE('',(#3743),#3977,.F.);
#4148=ADVANCED_FACE('',(#3744),#3978,.F.);
#4149=ADVANCED_FACE('',(#3745),#3979,.F.);
#4150=ADVANCED_FACE('',(#3746),#3980,.F.);
#4151=ADVANCED_FACE('',(#3747),#3981,.F.);
#4152=ADVANCED_FACE('',(#3748),#3982,.F.);
#4153=ADVANCED_FACE('',(#3749),#3983,.F.);
#4154=ADVANCED_FACE('',(#3750),#3984,.F.);
#4155=ADVANCED_FACE('',(#3751),#3985,.F.);
#4156=ADVANCED_FACE('',(#3752),#3986,.T.);
#4157=ADVANCED_FACE('',(#3753),#3987,.T.);
#4158=ADVANCED_FACE('',(#3754),#3988,.T.);
#4159=ADVANCED_FACE('',(#3755),#3989,.T.);
#4160=ADVANCED_FACE('',(#3756),#3990,.T.);
#4161=ADVANCED_FACE('',(#3757),#3991,.F.);
#4162=ADVANCED_FACE('',(#3758),#3992,.F.);
#4163=ADVANCED_FACE('',(#3759),#3993,.F.);
#4164=ADVANCED_FACE('',(#3760),#3994,.F.);
#4165=ADVANCED_FACE('',(#3761),#3995,.F.);
#4166=ADVANCED_FACE('',(#3762),#72,.T.);
#4167=ADVANCED_FACE('',(#3763),#3996,.T.);
#4168=ADVANCED_FACE('',(#3764),#3997,.T.);
#4169=ADVANCED_FACE('',(#3765),#73,.T.);
#4170=ADVANCED_FACE('',(#3766),#74,.T.);
#4171=ADVANCED_FACE('',(#3767),#3998,.F.);
#4172=ADVANCED_FACE('',(#3768),#3999,.F.);
#4173=ADVANCED_FACE('',(#3769),#75,.T.);
#4174=ADVANCED_FACE('',(#3770),#4000,.F.);
#4175=ADVANCED_FACE('',(#3771),#4001,.T.);
#4176=ADVANCED_FACE('',(#3772),#76,.F.);
#4177=ADVANCED_FACE('',(#3773),#4002,.T.);
#4178=ADVANCED_FACE('',(#3774),#77,.F.);
#4179=ADVANCED_FACE('',(#3775),#4003,.F.);
#4180=ADVANCED_FACE('',(#3776),#4004,.F.);
#4181=ADVANCED_FACE('',(#3777),#4005,.T.);
#4182=ADVANCED_FACE('',(#3778),#78,.F.);
#4183=ADVANCED_FACE('',(#3779),#79,.F.);
#4184=ADVANCED_FACE('',(#3780),#4006,.T.);
#4185=ADVANCED_FACE('',(#3781),#4007,.F.);
#4186=ADVANCED_FACE('',(#3782),#4008,.T.);
#4187=ADVANCED_FACE('',(#3783,#3784),#66,.F.);
#4188=ADVANCED_FACE('',(#3785,#3786),#4009,.T.);
#4189=ADVANCED_FACE('',(#3787,#3788),#67,.F.);
#4190=ADVANCED_FACE('',(#3789),#4010,.T.);
#4191=ADVANCED_FACE('',(#3790,#3791),#68,.F.);
#4192=ADVANCED_FACE('',(#3792),#4011,.T.);
#4193=ADVANCED_FACE('',(#3793,#3794),#80,.F.);
#4194=ADVANCED_FACE('',(#3795),#4012,.T.);
#4195=ADVANCED_FACE('',(#3796),#4013,.F.);
#4196=ADVANCED_FACE('',(#3797),#4014,.T.);
#4197=ADVANCED_FACE('',(#3798),#4015,.F.);
#4198=ADVANCED_FACE('',(#3799),#81,.T.);
#4199=ADVANCED_FACE('',(#3800),#4016,.F.);
#4200=ADVANCED_FACE('',(#3801),#82,.F.);
#4201=ADVANCED_FACE('',(#3802),#4017,.F.);
#4202=ADVANCED_FACE('',(#3803),#83,.T.);
#4203=ADVANCED_FACE('',(#3804),#4018,.F.);
#4204=ADVANCED_FACE('',(#3805),#4019,.F.);
#4205=ADVANCED_FACE('',(#3806),#84,.T.);
#4206=ADVANCED_FACE('',(#3807),#4020,.F.);
#4207=ADVANCED_FACE('',(#3808),#85,.T.);
#4208=ADVANCED_FACE('',(#3809),#4021,.F.);
#4209=ADVANCED_FACE('',(#3810),#4022,.F.);
#4210=ADVANCED_FACE('',(#3811),#86,.T.);
#4211=ADVANCED_FACE('',(#3812),#4023,.F.);
#4212=ADVANCED_FACE('',(#3813),#87,.F.);
#4213=ADVANCED_FACE('',(#3814),#4024,.F.);
#4214=ADVANCED_FACE('',(#3815),#88,.T.);
#4215=ADVANCED_FACE('',(#3816),#4025,.F.);
#4216=ADVANCED_FACE('',(#3817),#89,.T.);
#4217=ADVANCED_FACE('',(#3818),#4026,.F.);
#4218=ADVANCED_FACE('',(#3819),#90,.F.);
#4219=ADVANCED_FACE('',(#3820),#4027,.F.);
#4220=ADVANCED_FACE('',(#3821),#91,.T.);
#4221=ADVANCED_FACE('',(#3822),#4028,.F.);
#4222=ADVANCED_FACE('',(#3823),#4029,.F.);
#4223=ADVANCED_FACE('',(#3824),#92,.T.);
#4224=ADVANCED_FACE('',(#3825),#4030,.F.);
#4225=ADVANCED_FACE('',(#3826),#93,.T.);
#4226=ADVANCED_FACE('',(#3827),#4031,.F.);
#4227=ADVANCED_FACE('',(#3828),#4032,.F.);
#4228=ADVANCED_FACE('',(#3829),#94,.T.);
#4229=ADVANCED_FACE('',(#3830),#4033,.F.);
#4230=ADVANCED_FACE('',(#3831),#95,.F.);
#4231=ADVANCED_FACE('',(#3832),#4034,.F.);
#4232=ADVANCED_FACE('',(#3833),#96,.T.);
#4233=ADVANCED_FACE('',(#3834,#3835),#4035,.T.);
#4234=ADVANCED_FACE('',(#3836),#4036,.F.);
#4235=ADVANCED_FACE('',(#3837),#4037,.F.);
#4236=ADVANCED_FACE('',(#3838,#3839),#26,.T.);
#4237=ADVANCED_FACE('',(#3840,#3841),#69,.T.);
#4238=ADVANCED_FACE('',(#3842),#4038,.F.);
#4239=ADVANCED_FACE('',(#3843),#4039,.F.);
#4240=ADVANCED_FACE('',(#3844),#4040,.F.);
#4241=ADVANCED_FACE('',(#3845),#4041,.F.);
#4242=ADVANCED_FACE('',(#3846),#4042,.F.);
#4243=ADVANCED_FACE('',(#3847),#4043,.F.);
#4244=ADVANCED_FACE('',(#3848),#4044,.F.);
#4245=ADVANCED_FACE('',(#3849),#4045,.F.);
#4246=ADVANCED_FACE('',(#3850),#4046,.F.);
#4247=ADVANCED_FACE('',(#3851),#4047,.F.);
#4248=ADVANCED_FACE('',(#3852),#4048,.F.);
#4249=ADVANCED_FACE('',(#3853),#4049,.F.);
#4250=ADVANCED_FACE('',(#3854),#4050,.F.);
#4251=ADVANCED_FACE('',(#3855),#4051,.F.);
#4252=ADVANCED_FACE('',(#3856),#4052,.F.);
#4253=ADVANCED_FACE('',(#3857),#4053,.F.);
#4254=ADVANCED_FACE('',(#3858),#4054,.F.);
#4255=ADVANCED_FACE('',(#3859),#4055,.F.);
#4256=ADVANCED_FACE('',(#3860),#4056,.F.);
#4257=ADVANCED_FACE('',(#3861),#4057,.F.);
#4258=ADVANCED_FACE('',(#3862),#4058,.F.);
#4259=ADVANCED_FACE('',(#3863),#4059,.F.);
#4260=ADVANCED_FACE('',(#3864),#4060,.F.);
#4261=ADVANCED_FACE('',(#3865),#4061,.F.);
#4262=ADVANCED_FACE('',(#3866),#4062,.F.);
#4263=ADVANCED_FACE('',(#3867),#4063,.F.);
#4264=ADVANCED_FACE('',(#3868),#4064,.F.);
#4265=ADVANCED_FACE('',(#3869),#4065,.F.);
#4266=ADVANCED_FACE('',(#3870,#3871),#4066,.T.);
#4267=ADVANCED_FACE('',(#3872,#3873),#4067,.F.);
#4268=ADVANCED_FACE('',(#3874),#4068,.F.);
#4269=ADVANCED_FACE('',(#3875),#4069,.F.);
#4270=ADVANCED_FACE('',(#3876),#4070,.F.);
#4271=ADVANCED_FACE('',(#3877),#97,.T.);
#4272=ADVANCED_FACE('',(#3878),#4071,.F.);
#4273=ADVANCED_FACE('',(#3879),#98,.F.);
#4274=ADVANCED_FACE('',(#3880),#4072,.F.);
#4275=ADVANCED_FACE('',(#3881),#99,.T.);
#4276=ADVANCED_FACE('',(#3882),#4073,.F.);
#4277=ADVANCED_FACE('',(#3883),#4074,.F.);
#4278=ADVANCED_FACE('',(#3884),#4075,.F.);
#4279=ADVANCED_FACE('',(#3885),#4076,.F.);
#4280=ADVANCED_FACE('',(#3886),#4077,.F.);
#4281=ADVANCED_FACE('',(#3887),#4078,.F.);
#4282=ADVANCED_FACE('',(#3888),#100,.F.);
#4283=ADVANCED_FACE('',(#3889),#4079,.F.);
#4284=ADVANCED_FACE('',(#3890),#101,.T.);
#4285=ADVANCED_FACE('',(#3891),#4080,.F.);
#4286=ADVANCED_FACE('',(#3892),#102,.F.);
#4287=ADVANCED_FACE('',(#3893),#4081,.F.);
#4288=ADVANCED_FACE('',(#3894),#4082,.F.);
#4289=ADVANCED_FACE('',(#3895),#4083,.F.);
#4290=ADVANCED_FACE('',(#3896),#4084,.F.);
#4291=ADVANCED_FACE('',(#3897),#4085,.T.);
#4292=ADVANCED_FACE('',(#3898),#4086,.T.);
#4293=ADVANCED_FACE('',(#3899),#4087,.T.);
#4294=ADVANCED_FACE('',(#3900),#4088,.T.);
#4295=ADVANCED_FACE('',(#3901),#103,.T.);
#4296=ADVANCED_FACE('',(#3902),#4089,.T.);
#4297=ADVANCED_FACE('',(#3903),#104,.F.);
#4298=ADVANCED_FACE('',(#3904),#4090,.T.);
#4299=ADVANCED_FACE('',(#3905),#105,.T.);
#4300=ADVANCED_FACE('',(#3906),#4091,.T.);
#4301=ADVANCED_FACE('',(#3907),#4092,.T.);
#4302=ADVANCED_FACE('',(#3908),#4093,.T.);
#4303=ADVANCED_FACE('',(#3909),#4094,.T.);
#4304=ADVANCED_FACE('',(#3910),#4095,.T.);
#4305=ADVANCED_FACE('',(#3911),#4096,.T.);
#4306=ADVANCED_FACE('',(#3912),#106,.F.);
#4307=ADVANCED_FACE('',(#3913),#4097,.T.);
#4308=ADVANCED_FACE('',(#3914),#107,.T.);
#4309=ADVANCED_FACE('',(#3915),#4098,.T.);
#4310=ADVANCED_FACE('',(#3916),#108,.F.);
#4311=ADVANCED_FACE('',(#3917),#4099,.T.);
#4312=ADVANCED_FACE('',(#3918),#4100,.T.);
#4313=ADVANCED_FACE('',(#3919),#4101,.T.);
#4314=ADVANCED_FACE('',(#3920),#4102,.T.);
#4315=ADVANCED_FACE('',(#3921),#4103,.F.);
#4316=ADVANCED_FACE('',(#3922,#3923),#4104,.F.);
#4317=ADVANCED_FACE('',(#3924,#3925),#70,.T.);
#4318=ADVANCED_FACE('',(#3926,#3927),#71,.F.);
#4319=ADVANCED_FACE('',(#3928),#4105,.F.);
#4320=ADVANCED_FACE('',(#3929),#4106,.F.);
#4321=ADVANCED_FACE('',(#3930),#109,.T.);
#4322=ADVANCED_FACE('',(#3931),#110,.F.);
#4323=ADVANCED_FACE('',(#3932),#4107,.F.);
#4324=ADVANCED_FACE('',(#3933),#4108,.F.);
#4325=ADVANCED_FACE('',(#3934),#4109,.T.);
#4326=ADVANCED_FACE('',(#3935),#4110,.F.);
#4327=ADVANCED_FACE('',(#3936),#111,.T.);
#4328=ADVANCED_FACE('',(#3937),#4111,.T.);
#4329=ADVANCED_FACE('',(#3938),#4112,.F.);
#4330=ADVANCED_FACE('',(#3939),#4113,.F.);
#4331=ADVANCED_FACE('',(#3940),#4114,.T.);
#4332=ADVANCED_FACE('',(#3941),#112,.T.);
#4333=ADVANCED_FACE('',(#3942),#113,.F.);
#4334=ADVANCED_FACE('',(#3943),#114,.T.);
#4335=ADVANCED_FACE('',(#3944),#115,.F.);
#4336=ADVANCED_FACE('',(#3945),#4115,.T.);
#4337=CLOSED_SHELL('',(#4116,#4117,#4118,#4119,#4120,#4121,#4122,#4123,
#4124,#4125,#4126,#4127,#4128,#4129,#4130,#4131,#4132,#4133,#4134,#4135,
#4136,#4137,#4138,#4139,#4140,#4141,#4142,#4143,#4144,#4145,#4146,#4147,
#4148,#4149,#4150,#4151,#4152,#4153,#4154,#4155,#4156,#4157,#4158,#4159,
#4160,#4161,#4162,#4163,#4164,#4165,#4166,#4167,#4168,#4169,#4170,#4171,
#4172,#4173,#4174,#4175,#4176,#4177,#4178,#4179,#4180,#4181,#4182,#4183,
#4184,#4185,#4186,#4187,#4188,#4189,#4190,#4191,#4192,#4193,#4194,#4195,
#4196));
#4338=CLOSED_SHELL('',(#4197,#4198,#4199,#4200,#4201,#4202,#4203,#4204,
#4205,#4206,#4207,#4208,#4209,#4210,#4211,#4212,#4213,#4214,#4215,#4216,
#4217,#4218,#4219,#4220,#4221,#4222,#4223,#4224,#4225,#4226,#4227,#4228,
#4229,#4230,#4231,#4232,#4233,#4234,#4235,#4236,#4237));
#4339=CLOSED_SHELL('',(#4238,#4239,#4240,#4241,#4242,#4243,#4244,#4245,
#4246,#4247,#4248,#4249,#4250,#4251,#4252,#4253,#4254,#4255,#4256,#4257,
#4258,#4259,#4260,#4261,#4262,#4263,#4264,#4265,#4266,#4267,#4268,#4269,
#4270,#4271,#4272,#4273,#4274,#4275,#4276,#4277,#4278,#4279,#4280,#4281,
#4282,#4283,#4284,#4285,#4286,#4287,#4288,#4289,#4290,#4291,#4292,#4293,
#4294,#4295,#4296,#4297,#4298,#4299,#4300,#4301,#4302,#4303,#4304,#4305,
#4306,#4307,#4308,#4309,#4310,#4311,#4312,#4313,#4314,#4315,#4316,#4317,
#4318));
#4340=CLOSED_SHELL('',(#4319,#4320,#4321,#4322,#4323,#4324,#4325,#4326,
#4327,#4328,#4329,#4330,#4331,#4332,#4333,#4334,#4335,#4336));
#4341=STYLED_ITEM('',(#4385),#4650);
#4342=STYLED_ITEM('',(#4386),#4197);
#4343=STYLED_ITEM('',(#4387),#4198);
#4344=STYLED_ITEM('',(#4388),#4199);
#4345=STYLED_ITEM('',(#4389),#4200);
#4346=STYLED_ITEM('',(#4390),#4201);
#4347=STYLED_ITEM('',(#4391),#4202);
#4348=STYLED_ITEM('',(#4392),#4203);
#4349=STYLED_ITEM('',(#4393),#4204);
#4350=STYLED_ITEM('',(#4394),#4205);
#4351=STYLED_ITEM('',(#4395),#4206);
#4352=STYLED_ITEM('',(#4396),#4207);
#4353=STYLED_ITEM('',(#4397),#4208);
#4354=STYLED_ITEM('',(#4398),#4209);
#4355=STYLED_ITEM('',(#4399),#4210);
#4356=STYLED_ITEM('',(#4400),#4211);
#4357=STYLED_ITEM('',(#4401),#4212);
#4358=STYLED_ITEM('',(#4402),#4213);
#4359=STYLED_ITEM('',(#4403),#4214);
#4360=STYLED_ITEM('',(#4404),#4215);
#4361=STYLED_ITEM('',(#4405),#4216);
#4362=STYLED_ITEM('',(#4406),#4217);
#4363=STYLED_ITEM('',(#4407),#4218);
#4364=STYLED_ITEM('',(#4408),#4219);
#4365=STYLED_ITEM('',(#4409),#4220);
#4366=STYLED_ITEM('',(#4410),#4221);
#4367=STYLED_ITEM('',(#4411),#4222);
#4368=STYLED_ITEM('',(#4412),#4223);
#4369=STYLED_ITEM('',(#4413),#4224);
#4370=STYLED_ITEM('',(#4414),#4225);
#4371=STYLED_ITEM('',(#4415),#4226);
#4372=STYLED_ITEM('',(#4416),#4227);
#4373=STYLED_ITEM('',(#4417),#4228);
#4374=STYLED_ITEM('',(#4418),#4229);
#4375=STYLED_ITEM('',(#4419),#4230);
#4376=STYLED_ITEM('',(#4420),#4231);
#4377=STYLED_ITEM('',(#4421),#4232);
#4378=STYLED_ITEM('',(#4422),#4233);
#4379=STYLED_ITEM('',(#4423),#4234);
#4380=STYLED_ITEM('',(#4424),#4235);
#4381=STYLED_ITEM('',(#4425),#4236);
#4382=STYLED_ITEM('',(#4426),#4237);
#4383=STYLED_ITEM('',(#4427),#4652);
#4384=STYLED_ITEM('',(#4428),#4653);
#4385=PRESENTATION_STYLE_ASSIGNMENT((#4429));
#4386=PRESENTATION_STYLE_ASSIGNMENT((#4430));
#4387=PRESENTATION_STYLE_ASSIGNMENT((#4431));
#4388=PRESENTATION_STYLE_ASSIGNMENT((#4432));
#4389=PRESENTATION_STYLE_ASSIGNMENT((#4433));
#4390=PRESENTATION_STYLE_ASSIGNMENT((#4434));
#4391=PRESENTATION_STYLE_ASSIGNMENT((#4435));
#4392=PRESENTATION_STYLE_ASSIGNMENT((#4436));
#4393=PRESENTATION_STYLE_ASSIGNMENT((#4437));
#4394=PRESENTATION_STYLE_ASSIGNMENT((#4438));
#4395=PRESENTATION_STYLE_ASSIGNMENT((#4439));
#4396=PRESENTATION_STYLE_ASSIGNMENT((#4440));
#4397=PRESENTATION_STYLE_ASSIGNMENT((#4441));
#4398=PRESENTATION_STYLE_ASSIGNMENT((#4442));
#4399=PRESENTATION_STYLE_ASSIGNMENT((#4443));
#4400=PRESENTATION_STYLE_ASSIGNMENT((#4444));
#4401=PRESENTATION_STYLE_ASSIGNMENT((#4445));
#4402=PRESENTATION_STYLE_ASSIGNMENT((#4446));
#4403=PRESENTATION_STYLE_ASSIGNMENT((#4447));
#4404=PRESENTATION_STYLE_ASSIGNMENT((#4448));
#4405=PRESENTATION_STYLE_ASSIGNMENT((#4449));
#4406=PRESENTATION_STYLE_ASSIGNMENT((#4450));
#4407=PRESENTATION_STYLE_ASSIGNMENT((#4451));
#4408=PRESENTATION_STYLE_ASSIGNMENT((#4452));
#4409=PRESENTATION_STYLE_ASSIGNMENT((#4453));
#4410=PRESENTATION_STYLE_ASSIGNMENT((#4454));
#4411=PRESENTATION_STYLE_ASSIGNMENT((#4455));
#4412=PRESENTATION_STYLE_ASSIGNMENT((#4456));
#4413=PRESENTATION_STYLE_ASSIGNMENT((#4457));
#4414=PRESENTATION_STYLE_ASSIGNMENT((#4458));
#4415=PRESENTATION_STYLE_ASSIGNMENT((#4459));
#4416=PRESENTATION_STYLE_ASSIGNMENT((#4460));
#4417=PRESENTATION_STYLE_ASSIGNMENT((#4461));
#4418=PRESENTATION_STYLE_ASSIGNMENT((#4462));
#4419=PRESENTATION_STYLE_ASSIGNMENT((#4463));
#4420=PRESENTATION_STYLE_ASSIGNMENT((#4464));
#4421=PRESENTATION_STYLE_ASSIGNMENT((#4465));
#4422=PRESENTATION_STYLE_ASSIGNMENT((#4466));
#4423=PRESENTATION_STYLE_ASSIGNMENT((#4467));
#4424=PRESENTATION_STYLE_ASSIGNMENT((#4468));
#4425=PRESENTATION_STYLE_ASSIGNMENT((#4469));
#4426=PRESENTATION_STYLE_ASSIGNMENT((#4470));
#4427=PRESENTATION_STYLE_ASSIGNMENT((#4471));
#4428=PRESENTATION_STYLE_ASSIGNMENT((#4472));
#4429=SURFACE_STYLE_USAGE(.BOTH.,#4473);
#4430=SURFACE_STYLE_USAGE(.BOTH.,#4474);
#4431=SURFACE_STYLE_USAGE(.BOTH.,#4475);
#4432=SURFACE_STYLE_USAGE(.BOTH.,#4476);
#4433=SURFACE_STYLE_USAGE(.BOTH.,#4477);
#4434=SURFACE_STYLE_USAGE(.BOTH.,#4478);
#4435=SURFACE_STYLE_USAGE(.BOTH.,#4479);
#4436=SURFACE_STYLE_USAGE(.BOTH.,#4480);
#4437=SURFACE_STYLE_USAGE(.BOTH.,#4481);
#4438=SURFACE_STYLE_USAGE(.BOTH.,#4482);
#4439=SURFACE_STYLE_USAGE(.BOTH.,#4483);
#4440=SURFACE_STYLE_USAGE(.BOTH.,#4484);
#4441=SURFACE_STYLE_USAGE(.BOTH.,#4485);
#4442=SURFACE_STYLE_USAGE(.BOTH.,#4486);
#4443=SURFACE_STYLE_USAGE(.BOTH.,#4487);
#4444=SURFACE_STYLE_USAGE(.BOTH.,#4488);
#4445=SURFACE_STYLE_USAGE(.BOTH.,#4489);
#4446=SURFACE_STYLE_USAGE(.BOTH.,#4490);
#4447=SURFACE_STYLE_USAGE(.BOTH.,#4491);
#4448=SURFACE_STYLE_USAGE(.BOTH.,#4492);
#4449=SURFACE_STYLE_USAGE(.BOTH.,#4493);
#4450=SURFACE_STYLE_USAGE(.BOTH.,#4494);
#4451=SURFACE_STYLE_USAGE(.BOTH.,#4495);
#4452=SURFACE_STYLE_USAGE(.BOTH.,#4496);
#4453=SURFACE_STYLE_USAGE(.BOTH.,#4497);
#4454=SURFACE_STYLE_USAGE(.BOTH.,#4498);
#4455=SURFACE_STYLE_USAGE(.BOTH.,#4499);
#4456=SURFACE_STYLE_USAGE(.BOTH.,#4500);
#4457=SURFACE_STYLE_USAGE(.BOTH.,#4501);
#4458=SURFACE_STYLE_USAGE(.BOTH.,#4502);
#4459=SURFACE_STYLE_USAGE(.BOTH.,#4503);
#4460=SURFACE_STYLE_USAGE(.BOTH.,#4504);
#4461=SURFACE_STYLE_USAGE(.BOTH.,#4505);
#4462=SURFACE_STYLE_USAGE(.BOTH.,#4506);
#4463=SURFACE_STYLE_USAGE(.BOTH.,#4507);
#4464=SURFACE_STYLE_USAGE(.BOTH.,#4508);
#4465=SURFACE_STYLE_USAGE(.BOTH.,#4509);
#4466=SURFACE_STYLE_USAGE(.BOTH.,#4510);
#4467=SURFACE_STYLE_USAGE(.BOTH.,#4511);
#4468=SURFACE_STYLE_USAGE(.BOTH.,#4512);
#4469=SURFACE_STYLE_USAGE(.BOTH.,#4513);
#4470=SURFACE_STYLE_USAGE(.BOTH.,#4514);
#4471=SURFACE_STYLE_USAGE(.BOTH.,#4515);
#4472=SURFACE_STYLE_USAGE(.BOTH.,#4516);
#4473=SURFACE_SIDE_STYLE('',(#4517));
#4474=SURFACE_SIDE_STYLE('',(#4518));
#4475=SURFACE_SIDE_STYLE('',(#4519));
#4476=SURFACE_SIDE_STYLE('',(#4520));
#4477=SURFACE_SIDE_STYLE('',(#4521));
#4478=SURFACE_SIDE_STYLE('',(#4522));
#4479=SURFACE_SIDE_STYLE('',(#4523));
#4480=SURFACE_SIDE_STYLE('',(#4524));
#4481=SURFACE_SIDE_STYLE('',(#4525));
#4482=SURFACE_SIDE_STYLE('',(#4526));
#4483=SURFACE_SIDE_STYLE('',(#4527));
#4484=SURFACE_SIDE_STYLE('',(#4528));
#4485=SURFACE_SIDE_STYLE('',(#4529));
#4486=SURFACE_SIDE_STYLE('',(#4530));
#4487=SURFACE_SIDE_STYLE('',(#4531));
#4488=SURFACE_SIDE_STYLE('',(#4532));
#4489=SURFACE_SIDE_STYLE('',(#4533));
#4490=SURFACE_SIDE_STYLE('',(#4534));
#4491=SURFACE_SIDE_STYLE('',(#4535));
#4492=SURFACE_SIDE_STYLE('',(#4536));
#4493=SURFACE_SIDE_STYLE('',(#4537));
#4494=SURFACE_SIDE_STYLE('',(#4538));
#4495=SURFACE_SIDE_STYLE('',(#4539));
#4496=SURFACE_SIDE_STYLE('',(#4540));
#4497=SURFACE_SIDE_STYLE('',(#4541));
#4498=SURFACE_SIDE_STYLE('',(#4542));
#4499=SURFACE_SIDE_STYLE('',(#4543));
#4500=SURFACE_SIDE_STYLE('',(#4544));
#4501=SURFACE_SIDE_STYLE('',(#4545));
#4502=SURFACE_SIDE_STYLE('',(#4546));
#4503=SURFACE_SIDE_STYLE('',(#4547));
#4504=SURFACE_SIDE_STYLE('',(#4548));
#4505=SURFACE_SIDE_STYLE('',(#4549));
#4506=SURFACE_SIDE_STYLE('',(#4550));
#4507=SURFACE_SIDE_STYLE('',(#4551));
#4508=SURFACE_SIDE_STYLE('',(#4552));
#4509=SURFACE_SIDE_STYLE('',(#4553));
#4510=SURFACE_SIDE_STYLE('',(#4554));
#4511=SURFACE_SIDE_STYLE('',(#4555));
#4512=SURFACE_SIDE_STYLE('',(#4556));
#4513=SURFACE_SIDE_STYLE('',(#4557));
#4514=SURFACE_SIDE_STYLE('',(#4558));
#4515=SURFACE_SIDE_STYLE('',(#4559));
#4516=SURFACE_SIDE_STYLE('',(#4560));
#4517=SURFACE_STYLE_FILL_AREA(#4561);
#4518=SURFACE_STYLE_FILL_AREA(#4562);
#4519=SURFACE_STYLE_FILL_AREA(#4563);
#4520=SURFACE_STYLE_FILL_AREA(#4564);
#4521=SURFACE_STYLE_FILL_AREA(#4565);
#4522=SURFACE_STYLE_FILL_AREA(#4566);
#4523=SURFACE_STYLE_FILL_AREA(#4567);
#4524=SURFACE_STYLE_FILL_AREA(#4568);
#4525=SURFACE_STYLE_FILL_AREA(#4569);
#4526=SURFACE_STYLE_FILL_AREA(#4570);
#4527=SURFACE_STYLE_FILL_AREA(#4571);
#4528=SURFACE_STYLE_FILL_AREA(#4572);
#4529=SURFACE_STYLE_FILL_AREA(#4573);
#4530=SURFACE_STYLE_FILL_AREA(#4574);
#4531=SURFACE_STYLE_FILL_AREA(#4575);
#4532=SURFACE_STYLE_FILL_AREA(#4576);
#4533=SURFACE_STYLE_FILL_AREA(#4577);
#4534=SURFACE_STYLE_FILL_AREA(#4578);
#4535=SURFACE_STYLE_FILL_AREA(#4579);
#4536=SURFACE_STYLE_FILL_AREA(#4580);
#4537=SURFACE_STYLE_FILL_AREA(#4581);
#4538=SURFACE_STYLE_FILL_AREA(#4582);
#4539=SURFACE_STYLE_FILL_AREA(#4583);
#4540=SURFACE_STYLE_FILL_AREA(#4584);
#4541=SURFACE_STYLE_FILL_AREA(#4585);
#4542=SURFACE_STYLE_FILL_AREA(#4586);
#4543=SURFACE_STYLE_FILL_AREA(#4587);
#4544=SURFACE_STYLE_FILL_AREA(#4588);
#4545=SURFACE_STYLE_FILL_AREA(#4589);
#4546=SURFACE_STYLE_FILL_AREA(#4590);
#4547=SURFACE_STYLE_FILL_AREA(#4591);
#4548=SURFACE_STYLE_FILL_AREA(#4592);
#4549=SURFACE_STYLE_FILL_AREA(#4593);
#4550=SURFACE_STYLE_FILL_AREA(#4594);
#4551=SURFACE_STYLE_FILL_AREA(#4595);
#4552=SURFACE_STYLE_FILL_AREA(#4596);
#4553=SURFACE_STYLE_FILL_AREA(#4597);
#4554=SURFACE_STYLE_FILL_AREA(#4598);
#4555=SURFACE_STYLE_FILL_AREA(#4599);
#4556=SURFACE_STYLE_FILL_AREA(#4600);
#4557=SURFACE_STYLE_FILL_AREA(#4601);
#4558=SURFACE_STYLE_FILL_AREA(#4602);
#4559=SURFACE_STYLE_FILL_AREA(#4603);
#4560=SURFACE_STYLE_FILL_AREA(#4604);
#4561=FILL_AREA_STYLE('',(#4605));
#4562=FILL_AREA_STYLE('',(#4606));
#4563=FILL_AREA_STYLE('',(#4607));
#4564=FILL_AREA_STYLE('',(#4608));
#4565=FILL_AREA_STYLE('',(#4609));
#4566=FILL_AREA_STYLE('',(#4610));
#4567=FILL_AREA_STYLE('',(#4611));
#4568=FILL_AREA_STYLE('',(#4612));
#4569=FILL_AREA_STYLE('',(#4613));
#4570=FILL_AREA_STYLE('',(#4614));
#4571=FILL_AREA_STYLE('',(#4615));
#4572=FILL_AREA_STYLE('',(#4616));
#4573=FILL_AREA_STYLE('',(#4617));
#4574=FILL_AREA_STYLE('',(#4618));
#4575=FILL_AREA_STYLE('',(#4619));
#4576=FILL_AREA_STYLE('',(#4620));
#4577=FILL_AREA_STYLE('',(#4621));
#4578=FILL_AREA_STYLE('',(#4622));
#4579=FILL_AREA_STYLE('',(#4623));
#4580=FILL_AREA_STYLE('',(#4624));
#4581=FILL_AREA_STYLE('',(#4625));
#4582=FILL_AREA_STYLE('',(#4626));
#4583=FILL_AREA_STYLE('',(#4627));
#4584=FILL_AREA_STYLE('',(#4628));
#4585=FILL_AREA_STYLE('',(#4629));
#4586=FILL_AREA_STYLE('',(#4630));
#4587=FILL_AREA_STYLE('',(#4631));
#4588=FILL_AREA_STYLE('',(#4632));
#4589=FILL_AREA_STYLE('',(#4633));
#4590=FILL_AREA_STYLE('',(#4634));
#4591=FILL_AREA_STYLE('',(#4635));
#4592=FILL_AREA_STYLE('',(#4636));
#4593=FILL_AREA_STYLE('',(#4637));
#4594=FILL_AREA_STYLE('',(#4638));
#4595=FILL_AREA_STYLE('',(#4639));
#4596=FILL_AREA_STYLE('',(#4640));
#4597=FILL_AREA_STYLE('',(#4641));
#4598=FILL_AREA_STYLE('',(#4642));
#4599=FILL_AREA_STYLE('',(#4643));
#4600=FILL_AREA_STYLE('',(#4644));
#4601=FILL_AREA_STYLE('',(#4645));
#4602=FILL_AREA_STYLE('',(#4646));
#4603=FILL_AREA_STYLE('',(#4647));
#4604=FILL_AREA_STYLE('',(#4648));
#4605=FILL_AREA_STYLE_COLOUR('',#4649);
#4606=FILL_AREA_STYLE_COLOUR('',#27);
#4607=FILL_AREA_STYLE_COLOUR('',#27);
#4608=FILL_AREA_STYLE_COLOUR('',#27);
#4609=FILL_AREA_STYLE_COLOUR('',#27);
#4610=FILL_AREA_STYLE_COLOUR('',#27);
#4611=FILL_AREA_STYLE_COLOUR('',#27);
#4612=FILL_AREA_STYLE_COLOUR('',#27);
#4613=FILL_AREA_STYLE_COLOUR('',#27);
#4614=FILL_AREA_STYLE_COLOUR('',#27);
#4615=FILL_AREA_STYLE_COLOUR('',#27);
#4616=FILL_AREA_STYLE_COLOUR('',#27);
#4617=FILL_AREA_STYLE_COLOUR('',#27);
#4618=FILL_AREA_STYLE_COLOUR('',#27);
#4619=FILL_AREA_STYLE_COLOUR('',#27);
#4620=FILL_AREA_STYLE_COLOUR('',#27);
#4621=FILL_AREA_STYLE_COLOUR('',#27);
#4622=FILL_AREA_STYLE_COLOUR('',#27);
#4623=FILL_AREA_STYLE_COLOUR('',#27);
#4624=FILL_AREA_STYLE_COLOUR('',#27);
#4625=FILL_AREA_STYLE_COLOUR('',#27);
#4626=FILL_AREA_STYLE_COLOUR('',#27);
#4627=FILL_AREA_STYLE_COLOUR('',#27);
#4628=FILL_AREA_STYLE_COLOUR('',#27);
#4629=FILL_AREA_STYLE_COLOUR('',#27);
#4630=FILL_AREA_STYLE_COLOUR('',#27);
#4631=FILL_AREA_STYLE_COLOUR('',#27);
#4632=FILL_AREA_STYLE_COLOUR('',#27);
#4633=FILL_AREA_STYLE_COLOUR('',#27);
#4634=FILL_AREA_STYLE_COLOUR('',#27);
#4635=FILL_AREA_STYLE_COLOUR('',#27);
#4636=FILL_AREA_STYLE_COLOUR('',#27);
#4637=FILL_AREA_STYLE_COLOUR('',#27);
#4638=FILL_AREA_STYLE_COLOUR('',#27);
#4639=FILL_AREA_STYLE_COLOUR('',#27);
#4640=FILL_AREA_STYLE_COLOUR('',#27);
#4641=FILL_AREA_STYLE_COLOUR('',#27);
#4642=FILL_AREA_STYLE_COLOUR('',#27);
#4643=FILL_AREA_STYLE_COLOUR('',#27);
#4644=FILL_AREA_STYLE_COLOUR('',#4649);
#4645=FILL_AREA_STYLE_COLOUR('',#4649);
#4646=FILL_AREA_STYLE_COLOUR('',#4649);
#4647=FILL_AREA_STYLE_COLOUR('',#28);
#4648=FILL_AREA_STYLE_COLOUR('',#29);
#4649=DRAUGHTING_PRE_DEFINED_COLOUR('black');
#4650=MANIFOLD_SOLID_BREP('KSC3_body',#4337);
#4651=MANIFOLD_SOLID_BREP('KSC3_button',#4338);
#4652=MANIFOLD_SOLID_BREP('KSC3_cover',#4339);
#4653=MANIFOLD_SOLID_BREP('KSC31J_pin',#4340);
#4654=SHAPE_DEFINITION_REPRESENTATION(#7437,#4659);
#4655=SHAPE_DEFINITION_REPRESENTATION(#7438,#4660);
#4656=SHAPE_DEFINITION_REPRESENTATION(#7440,#4661);
#4657=SHAPE_DEFINITION_REPRESENTATION(#7442,#4662);
#4658=SHAPE_DEFINITION_REPRESENTATION(#7444,#4663);
#4659=SHAPE_REPRESENTATION('KSC321JLFS',(#4664,#4770,#4847,#4957,#4986,
#4987,#4988,#4989),#7424);
#4660=SHAPE_REPRESENTATION('KSC3_body',(#4664),#7425);
#4661=SHAPE_REPRESENTATION('KSC3_button',(#4664),#7426);
#4662=SHAPE_REPRESENTATION('KSC3_cover',(#4664),#7427);
#4663=SHAPE_REPRESENTATION('KSC31J_pin',(#4664),#7428);
#4664=AXIS2_PLACEMENT_3D('',#6149,#4990,#4991);
#4665=AXIS2_PLACEMENT_3D('',#6150,#4992,#4993);
#4666=AXIS2_PLACEMENT_3D('',#6151,#4994,#4995);
#4667=AXIS2_PLACEMENT_3D('',#6153,#4996,#4997);
#4668=AXIS2_PLACEMENT_3D('',#6155,#4998,#4999);
#4669=AXIS2_PLACEMENT_3D('',#6166,#5004,#5005);
#4670=AXIS2_PLACEMENT_3D('',#6178,#5011,#5012);
#4671=AXIS2_PLACEMENT_3D('',#6186,#5016,#5017);
#4672=AXIS2_PLACEMENT_3D('',#6198,#5023,#5024);
#4673=AXIS2_PLACEMENT_3D('',#6205,#5028,#5029);
#4674=AXIS2_PLACEMENT_3D('',#6211,#5033,#5034);
#4675=AXIS2_PLACEMENT_3D('',#6217,#5038,#5039);
#4676=AXIS2_PLACEMENT_3D('',#6223,#5043,#5044);
#4677=AXIS2_PLACEMENT_3D('',#6229,#5048,#5049);
#4678=AXIS2_PLACEMENT_3D('',#6233,#5051,#5052);
#4679=AXIS2_PLACEMENT_3D('',#6234,#5053,#5054);
#4680=AXIS2_PLACEMENT_3D('',#6255,#5065,#5066);
#4681=AXIS2_PLACEMENT_3D('',#6290,#5085,#5086);
#4682=AXIS2_PLACEMENT_3D('',#6291,#5087,#5088);
#4683=AXIS2_PLACEMENT_3D('',#6312,#5099,#5100);
#4684=AXIS2_PLACEMENT_3D('',#6313,#5101,#5102);
#4685=AXIS2_PLACEMENT_3D('',#6319,#5106,#5107);
#4686=AXIS2_PLACEMENT_3D('',#6333,#5115,#5116);
#4687=AXIS2_PLACEMENT_3D('',#6336,#5119,#5120);
#4688=AXIS2_PLACEMENT_3D('',#6373,#5141,#5142);
#4689=AXIS2_PLACEMENT_3D('',#6399,#5158,#5159);
#4690=AXIS2_PLACEMENT_3D('',#6403,#5162,#5163);
#4691=AXIS2_PLACEMENT_3D('',#6415,#5170,#5171);
#4692=AXIS2_PLACEMENT_3D('',#6417,#5173,#5174);
#4693=AXIS2_PLACEMENT_3D('',#6427,#5180,#5181);
#4694=AXIS2_PLACEMENT_3D('',#6429,#5183,#5184);
#4695=AXIS2_PLACEMENT_3D('',#6431,#5186,#5187);
#4696=AXIS2_PLACEMENT_3D('',#6433,#5189,#5190);
#4697=AXIS2_PLACEMENT_3D('',#6435,#5192,#5193);
#4698=AXIS2_PLACEMENT_3D('',#6436,#5194,#5195);
#4699=AXIS2_PLACEMENT_3D('',#6446,#5201,#5202);
#4700=AXIS2_PLACEMENT_3D('',#6448,#5204,#5205);
#4701=AXIS2_PLACEMENT_3D('',#6450,#5207,#5208);
#4702=AXIS2_PLACEMENT_3D('',#6452,#5210,#5211);
#4703=AXIS2_PLACEMENT_3D('',#6454,#5213,#5214);
#4704=AXIS2_PLACEMENT_3D('',#6455,#5215,#5216);
#4705=AXIS2_PLACEMENT_3D('',#6459,#5219,#5220);
#4706=AXIS2_PLACEMENT_3D('',#6463,#5223,#5224);
#4707=AXIS2_PLACEMENT_3D('',#6467,#5227,#5228);
#4708=AXIS2_PLACEMENT_3D('',#6471,#5231,#5232);
#4709=AXIS2_PLACEMENT_3D('',#6473,#5234,#5235);
#4710=AXIS2_PLACEMENT_3D('',#6474,#5236,#5237);
#4711=AXIS2_PLACEMENT_3D('',#6484,#5243,#5244);
#4712=AXIS2_PLACEMENT_3D('',#6486,#5246,#5247);
#4713=AXIS2_PLACEMENT_3D('',#6488,#5249,#5250);
#4714=AXIS2_PLACEMENT_3D('',#6490,#5252,#5253);
#4715=AXIS2_PLACEMENT_3D('',#6492,#5255,#5256);
#4716=AXIS2_PLACEMENT_3D('',#6493,#5257,#5258);
#4717=AXIS2_PLACEMENT_3D('',#6495,#5260,#5261);
#4718=AXIS2_PLACEMENT_3D('',#6497,#5263,#5264);
#4719=AXIS2_PLACEMENT_3D('',#6499,#5266,#5267);
#4720=AXIS2_PLACEMENT_3D('',#6501,#5269,#5270);
#4721=AXIS2_PLACEMENT_3D('',#6502,#5271,#5272);
#4722=AXIS2_PLACEMENT_3D('',#6504,#5274,#5275);
#4723=AXIS2_PLACEMENT_3D('',#6506,#5277,#5278);
#4724=AXIS2_PLACEMENT_3D('',#6508,#5280,#5281);
#4725=AXIS2_PLACEMENT_3D('',#6510,#5283,#5284);
#4726=AXIS2_PLACEMENT_3D('',#6511,#5285,#5286);
#4727=AXIS2_PLACEMENT_3D('',#6512,#5287,#5288);
#4728=AXIS2_PLACEMENT_3D('',#6515,#5290,#5291);
#4729=AXIS2_PLACEMENT_3D('',#6519,#5294,#5295);
#4730=AXIS2_PLACEMENT_3D('',#6520,#5296,#5297);
#4731=AXIS2_PLACEMENT_3D('',#6525,#5300,#5301);
#4732=AXIS2_PLACEMENT_3D('',#6527,#5303,#5304);
#4733=AXIS2_PLACEMENT_3D('',#6530,#5306,#5307);
#4734=AXIS2_PLACEMENT_3D('',#6531,#5308,#5309);
#4735=AXIS2_PLACEMENT_3D('',#6535,#5312,#5313);
#4736=AXIS2_PLACEMENT_3D('',#6540,#5316,#5317);
#4737=AXIS2_PLACEMENT_3D('',#6541,#5318,#5319);
#4738=AXIS2_PLACEMENT_3D('',#6543,#5321,#5322);
#4739=AXIS2_PLACEMENT_3D('',#6546,#5324,#5325);
#4740=AXIS2_PLACEMENT_3D('',#6547,#5326,#5327);
#4741=AXIS2_PLACEMENT_3D('',#6549,#5329,#5330);
#4742=AXIS2_PLACEMENT_3D('',#6550,#5331,#5332);
#4743=AXIS2_PLACEMENT_3D('',#6554,#5335,#5336);
#4744=AXIS2_PLACEMENT_3D('',#6555,#5337,#5338);
#4745=AXIS2_PLACEMENT_3D('',#6556,#5339,#5340);
#4746=AXIS2_PLACEMENT_3D('',#6557,#5341,#5342);
#4747=AXIS2_PLACEMENT_3D('',#6558,#5343,#5344);
#4748=AXIS2_PLACEMENT_3D('',#6561,#5346,#5347);
#4749=AXIS2_PLACEMENT_3D('',#6563,#5349,#5350);
#4750=AXIS2_PLACEMENT_3D('',#6564,#5351,#5352);
#4751=AXIS2_PLACEMENT_3D('',#6565,#5353,#5354);
#4752=AXIS2_PLACEMENT_3D('',#6568,#5356,#5357);
#4753=AXIS2_PLACEMENT_3D('',#6570,#5359,#5360);
#4754=AXIS2_PLACEMENT_3D('',#6571,#5361,#5362);
#4755=AXIS2_PLACEMENT_3D('',#6572,#5363,#5364);
#4756=AXIS2_PLACEMENT_3D('',#6574,#5365,#5366);
#4757=AXIS2_PLACEMENT_3D('',#6575,#5367,#5368);
#4758=AXIS2_PLACEMENT_3D('',#6577,#5369,#5370);
#4759=AXIS2_PLACEMENT_3D('',#6578,#5371,#5372);
#4760=AXIS2_PLACEMENT_3D('',#6580,#5373,#5374);
#4761=AXIS2_PLACEMENT_3D('',#6581,#5375,#5376);
#4762=AXIS2_PLACEMENT_3D('',#6582,#5377,#5378);
#4763=AXIS2_PLACEMENT_3D('',#6584,#5379,#5380);
#4764=AXIS2_PLACEMENT_3D('',#6585,#5381,#5382);
#4765=AXIS2_PLACEMENT_3D('',#6586,#5383,#5384);
#4766=AXIS2_PLACEMENT_3D('',#6588,#5385,#5386);
#4767=AXIS2_PLACEMENT_3D('',#6589,#5387,#5388);
#4768=AXIS2_PLACEMENT_3D('',#6592,#5391,#5392);
#4769=AXIS2_PLACEMENT_3D('',#6593,#5393,#5394);
#4770=AXIS2_PLACEMENT_3D('',#6594,#5395,#5396);
#4771=AXIS2_PLACEMENT_3D('',#6595,#5397,#5398);
#4772=AXIS2_PLACEMENT_3D('',#6604,#5403,#5404);
#4773=AXIS2_PLACEMENT_3D('',#6605,#5405,#5406);
#4774=AXIS2_PLACEMENT_3D('',#6609,#5408,#5409);
#4775=AXIS2_PLACEMENT_3D('',#6610,#5410,#5411);
#4776=AXIS2_PLACEMENT_3D('',#6616,#5415,#5416);
#4777=AXIS2_PLACEMENT_3D('',#6617,#5417,#5418);
#4778=AXIS2_PLACEMENT_3D('',#6621,#5420,#5421);
#4779=AXIS2_PLACEMENT_3D('',#6622,#5422,#5423);
#4780=AXIS2_PLACEMENT_3D('',#6628,#5427,#5428);
#4781=AXIS2_PLACEMENT_3D('',#6629,#5429,#5430);
#4782=AXIS2_PLACEMENT_3D('',#6633,#5432,#5433);
#4783=AXIS2_PLACEMENT_3D('',#6634,#5434,#5435);
#4784=AXIS2_PLACEMENT_3D('',#6640,#5439,#5440);
#4785=AXIS2_PLACEMENT_3D('',#6646,#5444,#5445);
#4786=AXIS2_PLACEMENT_3D('',#6647,#5446,#5447);
#4787=AXIS2_PLACEMENT_3D('',#6651,#5449,#5450);
#4788=AXIS2_PLACEMENT_3D('',#6652,#5451,#5452);
#4789=AXIS2_PLACEMENT_3D('',#6658,#5456,#5457);
#4790=AXIS2_PLACEMENT_3D('',#6659,#5458,#5459);
#4791=AXIS2_PLACEMENT_3D('',#6663,#5461,#5462);
#4792=AXIS2_PLACEMENT_3D('',#6664,#5463,#5464);
#4793=AXIS2_PLACEMENT_3D('',#6670,#5468,#5469);
#4794=AXIS2_PLACEMENT_3D('',#6676,#5473,#5474);
#4795=AXIS2_PLACEMENT_3D('',#6677,#5475,#5476);
#4796=AXIS2_PLACEMENT_3D('',#6681,#5478,#5479);
#4797=AXIS2_PLACEMENT_3D('',#6682,#5480,#5481);
#4798=AXIS2_PLACEMENT_3D('',#6688,#5485,#5486);
#4799=AXIS2_PLACEMENT_3D('',#6689,#5487,#5488);
#4800=AXIS2_PLACEMENT_3D('',#6693,#5490,#5491);
#4801=AXIS2_PLACEMENT_3D('',#6694,#5492,#5493);
#4802=AXIS2_PLACEMENT_3D('',#6700,#5497,#5498);
#4803=AXIS2_PLACEMENT_3D('',#6701,#5499,#5500);
#4804=AXIS2_PLACEMENT_3D('',#6705,#5502,#5503);
#4805=AXIS2_PLACEMENT_3D('',#6706,#5504,#5505);
#4806=AXIS2_PLACEMENT_3D('',#6712,#5509,#5510);
#4807=AXIS2_PLACEMENT_3D('',#6713,#5511,#5512);
#4808=AXIS2_PLACEMENT_3D('',#6717,#5514,#5515);
#4809=AXIS2_PLACEMENT_3D('',#6718,#5516,#5517);
#4810=AXIS2_PLACEMENT_3D('',#6724,#5521,#5522);
#4811=AXIS2_PLACEMENT_3D('',#6725,#5523,#5524);
#4812=AXIS2_PLACEMENT_3D('',#6729,#5526,#5527);
#4813=AXIS2_PLACEMENT_3D('',#6730,#5528,#5529);
#4814=AXIS2_PLACEMENT_3D('',#6736,#5533,#5534);
#4815=AXIS2_PLACEMENT_3D('',#6737,#5535,#5536);
#4816=AXIS2_PLACEMENT_3D('',#6741,#5538,#5539);
#4817=AXIS2_PLACEMENT_3D('',#6742,#5540,#5541);
#4818=AXIS2_PLACEMENT_3D('',#6748,#5545,#5546);
#4819=AXIS2_PLACEMENT_3D('',#6754,#5550,#5551);
#4820=AXIS2_PLACEMENT_3D('',#6755,#5552,#5553);
#4821=AXIS2_PLACEMENT_3D('',#6759,#5555,#5556);
#4822=AXIS2_PLACEMENT_3D('',#6760,#5557,#5558);
#4823=AXIS2_PLACEMENT_3D('',#6766,#5562,#5563);
#4824=AXIS2_PLACEMENT_3D('',#6767,#5564,#5565);
#4825=AXIS2_PLACEMENT_3D('',#6771,#5567,#5568);
#4826=AXIS2_PLACEMENT_3D('',#6772,#5569,#5570);
#4827=AXIS2_PLACEMENT_3D('',#6778,#5574,#5575);
#4828=AXIS2_PLACEMENT_3D('',#6784,#5579,#5580);
#4829=AXIS2_PLACEMENT_3D('',#6785,#5581,#5582);
#4830=AXIS2_PLACEMENT_3D('',#6789,#5584,#5585);
#4831=AXIS2_PLACEMENT_3D('',#6790,#5586,#5587);
#4832=AXIS2_PLACEMENT_3D('',#6796,#5591,#5592);
#4833=AXIS2_PLACEMENT_3D('',#6797,#5593,#5594);
#4834=AXIS2_PLACEMENT_3D('',#6801,#5596,#5597);
#4835=AXIS2_PLACEMENT_3D('',#6802,#5598,#5599);
#4836=AXIS2_PLACEMENT_3D('',#6808,#5603,#5604);
#4837=AXIS2_PLACEMENT_3D('',#6809,#5605,#5606);
#4838=AXIS2_PLACEMENT_3D('',#6810,#5607,#5608);
#4839=AXIS2_PLACEMENT_3D('',#6811,#5609,#5610);
#4840=AXIS2_PLACEMENT_3D('',#6812,#5611,#5612);
#4841=AXIS2_PLACEMENT_3D('',#6814,#5613,#5614);
#4842=AXIS2_PLACEMENT_3D('',#6815,#5615,#5616);
#4843=AXIS2_PLACEMENT_3D('',#6816,#5617,#5618);
#4844=AXIS2_PLACEMENT_3D('',#6818,#5619,#5620);
#4845=AXIS2_PLACEMENT_3D('',#6819,#5621,#5622);
#4846=AXIS2_PLACEMENT_3D('',#6821,#5623,#5624);
#4847=AXIS2_PLACEMENT_3D('',#6822,#5625,#5626);
#4848=AXIS2_PLACEMENT_3D('',#6823,#5627,#5628);
#4849=AXIS2_PLACEMENT_3D('',#6832,#5633,#5634);
#4850=AXIS2_PLACEMENT_3D('',#6841,#5639,#5640);
#4851=AXIS2_PLACEMENT_3D('',#6850,#5645,#5646);
#4852=AXIS2_PLACEMENT_3D('',#6859,#5651,#5652);
#4853=AXIS2_PLACEMENT_3D('',#6868,#5657,#5658);
#4854=AXIS2_PLACEMENT_3D('',#6877,#5663,#5664);
#4855=AXIS2_PLACEMENT_3D('',#6883,#5668,#5669);
#4856=AXIS2_PLACEMENT_3D('',#6889,#5673,#5674);
#4857=AXIS2_PLACEMENT_3D('',#6895,#5678,#5679);
#4858=AXIS2_PLACEMENT_3D('',#6901,#5683,#5684);
#4859=AXIS2_PLACEMENT_3D('',#6907,#5688,#5689);
#4860=AXIS2_PLACEMENT_3D('',#6913,#5693,#5694);
#4861=AXIS2_PLACEMENT_3D('',#6916,#5697,#5698);
#4862=AXIS2_PLACEMENT_3D('',#6922,#5702,#5703);
#4863=AXIS2_PLACEMENT_3D('',#6928,#5707,#5708);
#4864=AXIS2_PLACEMENT_3D('',#6931,#5711,#5712);
#4865=AXIS2_PLACEMENT_3D('',#6937,#5716,#5717);
#4866=AXIS2_PLACEMENT_3D('',#6943,#5721,#5722);
#4867=AXIS2_PLACEMENT_3D('',#6949,#5726,#5727);
#4868=AXIS2_PLACEMENT_3D('',#6955,#5731,#5732);
#4869=AXIS2_PLACEMENT_3D('',#6961,#5736,#5737);
#4870=AXIS2_PLACEMENT_3D('',#6967,#5741,#5742);
#4871=AXIS2_PLACEMENT_3D('',#6970,#5745,#5746);
#4872=AXIS2_PLACEMENT_3D('',#6979,#5751,#5752);
#4873=AXIS2_PLACEMENT_3D('',#6985,#5756,#5757);
#4874=AXIS2_PLACEMENT_3D('',#6991,#5761,#5762);
#4875=AXIS2_PLACEMENT_3D('',#6997,#5766,#5767);
#4876=AXIS2_PLACEMENT_3D('',#7003,#5771,#5772);
#4877=AXIS2_PLACEMENT_3D('',#7004,#5773,#5774);
#4878=AXIS2_PLACEMENT_3D('',#7026,#5787,#5788);
#4879=AXIS2_PLACEMENT_3D('',#7027,#5789,#5790);
#4880=AXIS2_PLACEMENT_3D('',#7033,#5795,#5796);
#4881=AXIS2_PLACEMENT_3D('',#7044,#5802,#5803);
#4882=AXIS2_PLACEMENT_3D('',#7048,#5805,#5806);
#4883=AXIS2_PLACEMENT_3D('',#7052,#5808,#5809);
#4884=AXIS2_PLACEMENT_3D('',#7065,#5816,#5817);
#4885=AXIS2_PLACEMENT_3D('',#7069,#5819,#5820);
#4886=AXIS2_PLACEMENT_3D('',#7073,#5822,#5823);
#4887=AXIS2_PLACEMENT_3D('',#7076,#5825,#5826);
#4888=AXIS2_PLACEMENT_3D('',#7080,#5829,#5830);
#4889=AXIS2_PLACEMENT_3D('',#7084,#5833,#5834);
#4890=AXIS2_PLACEMENT_3D('',#7087,#5836,#5837);
#4891=AXIS2_PLACEMENT_3D('',#7088,#5838,#5839);
#4892=AXIS2_PLACEMENT_3D('',#7092,#5842,#5843);
#4893=AXIS2_PLACEMENT_3D('',#7095,#5845,#5846);
#4894=AXIS2_PLACEMENT_3D('',#7096,#5847,#5848);
#4895=AXIS2_PLACEMENT_3D('',#7100,#5851,#5852);
#4896=AXIS2_PLACEMENT_3D('',#7103,#5854,#5855);
#4897=AXIS2_PLACEMENT_3D('',#7104,#5856,#5857);
#4898=AXIS2_PLACEMENT_3D('',#7108,#5860,#5861);
#4899=AXIS2_PLACEMENT_3D('',#7110,#5863,#5864);
#4900=AXIS2_PLACEMENT_3D('',#7114,#5867,#5868);
#4901=AXIS2_PLACEMENT_3D('',#7118,#5871,#5872);
#4902=AXIS2_PLACEMENT_3D('',#7122,#5875,#5876);
#4903=AXIS2_PLACEMENT_3D('',#7126,#5879,#5880);
#4904=AXIS2_PLACEMENT_3D('',#7129,#5882,#5883);
#4905=AXIS2_PLACEMENT_3D('',#7130,#5884,#5885);
#4906=AXIS2_PLACEMENT_3D('',#7134,#5888,#5889);
#4907=AXIS2_PLACEMENT_3D('',#7137,#5891,#5892);
#4908=AXIS2_PLACEMENT_3D('',#7138,#5893,#5894);
#4909=AXIS2_PLACEMENT_3D('',#7142,#5897,#5898);
#4910=AXIS2_PLACEMENT_3D('',#7145,#5900,#5901);
#4911=AXIS2_PLACEMENT_3D('',#7146,#5902,#5903);
#4912=AXIS2_PLACEMENT_3D('',#7150,#5906,#5907);
#4913=AXIS2_PLACEMENT_3D('',#7154,#5910,#5911);
#4914=AXIS2_PLACEMENT_3D('',#7158,#5914,#5915);
#4915=AXIS2_PLACEMENT_3D('',#7160,#5917,#5918);
#4916=AXIS2_PLACEMENT_3D('',#7161,#5919,#5920);
#4917=AXIS2_PLACEMENT_3D('',#7166,#5923,#5924);
#4918=AXIS2_PLACEMENT_3D('',#7170,#5926,#5927);
#4919=AXIS2_PLACEMENT_3D('',#7174,#5929,#5930);
#4920=AXIS2_PLACEMENT_3D('',#7187,#5937,#5938);
#4921=AXIS2_PLACEMENT_3D('',#7191,#5940,#5941);
#4922=AXIS2_PLACEMENT_3D('',#7195,#5943,#5944);
#4923=AXIS2_PLACEMENT_3D('',#7204,#5949,#5950);
#4924=AXIS2_PLACEMENT_3D('',#7208,#5953,#5954);
#4925=AXIS2_PLACEMENT_3D('',#7212,#5957,#5958);
#4926=AXIS2_PLACEMENT_3D('',#7213,#5959,#5960);
#4927=AXIS2_PLACEMENT_3D('',#7216,#5962,#5963);
#4928=AXIS2_PLACEMENT_3D('',#7220,#5966,#5967);
#4929=AXIS2_PLACEMENT_3D('',#7221,#5968,#5969);
#4930=AXIS2_PLACEMENT_3D('',#7224,#5971,#5972);
#4931=AXIS2_PLACEMENT_3D('',#7228,#5975,#5976);
#4932=AXIS2_PLACEMENT_3D('',#7229,#5977,#5978);
#4933=AXIS2_PLACEMENT_3D('',#7232,#5980,#5981);
#4934=AXIS2_PLACEMENT_3D('',#7236,#5984,#5985);
#4935=AXIS2_PLACEMENT_3D('',#7238,#5987,#5988);
#4936=AXIS2_PLACEMENT_3D('',#7242,#5991,#5992);
#4937=AXIS2_PLACEMENT_3D('',#7246,#5995,#5996);
#4938=AXIS2_PLACEMENT_3D('',#7250,#5999,#6000);
#4939=AXIS2_PLACEMENT_3D('',#7254,#6003,#6004);
#4940=AXIS2_PLACEMENT_3D('',#7255,#6005,#6006);
#4941=AXIS2_PLACEMENT_3D('',#7258,#6008,#6009);
#4942=AXIS2_PLACEMENT_3D('',#7262,#6012,#6013);
#4943=AXIS2_PLACEMENT_3D('',#7263,#6014,#6015);
#4944=AXIS2_PLACEMENT_3D('',#7266,#6017,#6018);
#4945=AXIS2_PLACEMENT_3D('',#7270,#6021,#6022);
#4946=AXIS2_PLACEMENT_3D('',#7271,#6023,#6024);
#4947=AXIS2_PLACEMENT_3D('',#7274,#6026,#6027);
#4948=AXIS2_PLACEMENT_3D('',#7278,#6030,#6031);
#4949=AXIS2_PLACEMENT_3D('',#7282,#6034,#6035);
#4950=AXIS2_PLACEMENT_3D('',#7286,#6038,#6039);
#4951=AXIS2_PLACEMENT_3D('',#7288,#6041,#6042);
#4952=AXIS2_PLACEMENT_3D('',#7289,#6043,#6044);
#4953=AXIS2_PLACEMENT_3D('',#7290,#6045,#6046);
#4954=AXIS2_PLACEMENT_3D('',#7292,#6047,#6048);
#4955=AXIS2_PLACEMENT_3D('',#7294,#6049,#6050);
#4956=AXIS2_PLACEMENT_3D('',#7295,#6051,#6052);
#4957=AXIS2_PLACEMENT_3D('',#7296,#6053,#6054);
#4958=AXIS2_PLACEMENT_3D('',#7297,#6055,#6056);
#4959=AXIS2_PLACEMENT_3D('',#7301,#6058,#6059);
#4960=AXIS2_PLACEMENT_3D('',#7305,#6061,#6062);
#4961=AXIS2_PLACEMENT_3D('',#7313,#6066,#6067);
#4962=AXIS2_PLACEMENT_3D('',#7314,#6068,#6069);
#4963=AXIS2_PLACEMENT_3D('',#7318,#6071,#6072);
#4964=AXIS2_PLACEMENT_3D('',#7326,#6076,#6077);
#4965=AXIS2_PLACEMENT_3D('',#7330,#6079,#6080);
#4966=AXIS2_PLACEMENT_3D('',#7331,#6081,#6082);
#4967=AXIS2_PLACEMENT_3D('',#7348,#6084,#6085);
#4968=AXIS2_PLACEMENT_3D('',#7352,#6087,#6088);
#4969=AXIS2_PLACEMENT_3D('',#7358,#6089,#6090);
#4970=AXIS2_PLACEMENT_3D('',#7369,#6091,#6092);
#4971=AXIS2_PLACEMENT_3D('',#7373,#6094,#6095);
#4972=AXIS2_PLACEMENT_3D('',#7385,#6097,#6098);
#4973=AXIS2_PLACEMENT_3D('',#7391,#6102,#6103);
#4974=AXIS2_PLACEMENT_3D('',#7397,#6107,#6108);
#4975=AXIS2_PLACEMENT_3D('',#7400,#6111,#6112);
#4976=AXIS2_PLACEMENT_3D('',#7403,#6115,#6116);
#4977=AXIS2_PLACEMENT_3D('',#7406,#6119,#6120);
#4978=AXIS2_PLACEMENT_3D('',#7407,#6121,#6122);
#4979=AXIS2_PLACEMENT_3D('',#7408,#6123,#6124);
#4980=AXIS2_PLACEMENT_3D('',#7409,#6125,#6126);
#4981=AXIS2_PLACEMENT_3D('',#7411,#6128,#6129);
#4982=AXIS2_PLACEMENT_3D('',#7413,#6131,#6132);
#4983=AXIS2_PLACEMENT_3D('',#7414,#6133,#6134);
#4984=AXIS2_PLACEMENT_3D('',#7416,#6136,#6137);
#4985=AXIS2_PLACEMENT_3D('',#7418,#6139,#6140);
#4986=AXIS2_PLACEMENT_3D('',#7419,#6141,#6142);
#4987=AXIS2_PLACEMENT_3D('',#7420,#6143,#6144);
#4988=AXIS2_PLACEMENT_3D('',#7421,#6145,#6146);
#4989=AXIS2_PLACEMENT_3D('',#7422,#6147,#6148);
#4990=DIRECTION('',(0.,0.,1.));
#4991=DIRECTION('',(1.,0.,0.));
#4992=DIRECTION('',(0.,1.,0.));
#4993=DIRECTION('',(0.,0.,1.));
#4994=DIRECTION('',(0.,-1.,0.));
#4995=DIRECTION('',(0.,0.,-1.));
#4996=DIRECTION('',(0.,-1.,0.));
#4997=DIRECTION('',(0.,0.,-1.));
#4998=DIRECTION('',(0.,-1.,0.));
#4999=DIRECTION('',(0.,0.,-1.));
#5000=DIRECTION('',(0.,0.,-1.));
#5001=DIRECTION('',(1.,0.,0.));
#5002=DIRECTION('',(0.,0.,-1.));
#5003=DIRECTION('',(1.,0.,0.));
#5004=DIRECTION('',(0.,1.,0.));
#5005=DIRECTION('',(1.,0.,0.));
#5006=DIRECTION('',(1.,0.,1.90628953404045E-16));
#5007=DIRECTION('',(0.,0.,-1.));
#5008=DIRECTION('',(1.,0.,0.));
#5009=DIRECTION('',(0.,0.,-1.));
#5010=DIRECTION('',(1.,0.,0.));
#5011=DIRECTION('',(0.,1.,0.));
#5012=DIRECTION('',(1.,0.,0.));
#5013=DIRECTION('',(1.,0.,0.));
#5014=DIRECTION('',(0.,0.,1.));
#5015=DIRECTION('',(1.,0.,0.));
#5016=DIRECTION('',(0.,1.,0.));
#5017=DIRECTION('',(1.,0.,0.));
#5018=DIRECTION('',(-1.,0.,0.));
#5019=DIRECTION('',(0.,0.,1.));
#5020=DIRECTION('',(-1.,0.,0.));
#5021=DIRECTION('',(0.,0.,1.));
#5022=DIRECTION('',(-1.,0.,-1.90628953404045E-16));
#5023=DIRECTION('',(0.,1.,0.));
#5024=DIRECTION('',(1.,0.,0.));
#5025=DIRECTION('',(1.,0.,0.));
#5026=DIRECTION('',(0.,0.,-1.));
#5027=DIRECTION('',(1.,0.,0.));
#5028=DIRECTION('',(1.,0.,0.));
#5029=DIRECTION('',(0.,0.,-1.));
#5030=DIRECTION('',(0.,1.,0.));
#5031=DIRECTION('',(0.,0.,-1.));
#5032=DIRECTION('',(0.,1.,0.));
#5033=DIRECTION('',(-1.,0.,0.));
#5034=DIRECTION('',(0.,0.,1.));
#5035=DIRECTION('',(0.,1.,0.));
#5036=DIRECTION('',(0.,1.,0.));
#5037=DIRECTION('',(0.,0.,1.));
#5038=DIRECTION('',(-1.,0.,0.));
#5039=DIRECTION('',(0.,0.,1.));
#5040=DIRECTION('',(0.,0.,-1.));
#5041=DIRECTION('',(0.,-1.,0.));
#5042=DIRECTION('',(0.,-1.,0.));
#5043=DIRECTION('',(1.,0.,0.));
#5044=DIRECTION('',(0.,0.,-1.));
#5045=DIRECTION('',(0.,-1.,0.));
#5046=DIRECTION('',(0.,0.,1.));
#5047=DIRECTION('',(0.,-1.,0.));
#5048=DIRECTION('',(0.,0.,-1.));
#5049=DIRECTION('',(-1.,0.,0.));
#5050=DIRECTION('',(0.,1.,0.));
#5051=DIRECTION('',(0.,0.,-1.));
#5052=DIRECTION('',(-1.,0.,0.));
#5053=DIRECTION('',(0.,0.,-1.));
#5054=DIRECTION('',(-1.,0.,0.));
#5055=DIRECTION('',(0.,1.,0.));
#5056=DIRECTION('',(-1.,0.,0.));
#5057=DIRECTION('',(0.,1.,0.));
#5058=DIRECTION('',(-1.,0.,0.));
#5059=DIRECTION('',(-0.5,-0.866025403784439,0.));
#5060=DIRECTION('',(-1.,0.,0.));
#5061=DIRECTION('',(-0.5,0.866025403784439,0.));
#5062=DIRECTION('',(-1.,-7.477256361969E-17,0.));
#5063=DIRECTION('',(0.,1.,0.));
#5064=DIRECTION('',(-1.,0.,0.));
#5065=DIRECTION('',(-1.,0.,0.));
#5066=DIRECTION('',(0.,0.,1.));
#5067=DIRECTION('',(0.,1.,0.));
#5068=DIRECTION('',(0.,1.,0.));
#5069=DIRECTION('',(0.,0.,-1.));
#5070=DIRECTION('',(0.,1.,0.));
#5071=DIRECTION('',(0.,0.,1.));
#5072=DIRECTION('',(0.,0.984807753012208,0.17364817766693));
#5073=DIRECTION('',(0.,1.,0.));
#5074=DIRECTION('',(0.,0.,1.));
#5075=DIRECTION('',(0.,-1.,0.));
#5076=DIRECTION('',(0.,-0.984807753012208,0.173648177666931));
#5077=DIRECTION('',(0.,0.,1.));
#5078=DIRECTION('',(0.,0.984807753012208,0.173648177666929));
#5079=DIRECTION('',(0.,1.,0.));
#5080=DIRECTION('',(0.,0.,1.));
#5081=DIRECTION('',(0.,-1.,0.));
#5082=DIRECTION('',(0.,-0.984807753012208,0.173648177666929));
#5083=DIRECTION('',(0.,0.,1.));
#5084=DIRECTION('',(0.,0.,1.));
#5085=DIRECTION('',(0.,0.,1.));
#5086=DIRECTION('',(1.,0.,0.));
#5087=DIRECTION('',(0.,0.,1.));
#5088=DIRECTION('',(1.,0.,0.));
#5089=DIRECTION('',(0.,1.,0.));
#5090=DIRECTION('',(1.,0.,0.));
#5091=DIRECTION('',(0.,1.,0.));
#5092=DIRECTION('',(-1.,-7.477256361969E-17,0.));
#5093=DIRECTION('',(-0.5,0.866025403784439,0.));
#5094=DIRECTION('',(-1.,0.,0.));
#5095=DIRECTION('',(-0.5,-0.866025403784439,0.));
#5096=DIRECTION('',(-1.,0.,0.));
#5097=DIRECTION('',(0.,1.,0.));
#5098=DIRECTION('',(1.,0.,0.));
#5099=DIRECTION('',(0.,0.,1.));
#5100=DIRECTION('',(1.,0.,0.));
#5101=DIRECTION('',(-1.,0.,0.));
#5102=DIRECTION('',(0.,0.,1.));
#5103=DIRECTION('',(0.,0.,1.));
#5104=DIRECTION('',(0.,1.,0.));
#5105=DIRECTION('',(0.,0.,1.));
#5106=DIRECTION('',(0.,0.,1.));
#5107=DIRECTION('',(1.,0.,0.));
#5108=DIRECTION('',(0.5,-0.866025403784439,0.));
#5109=DIRECTION('',(1.,7.477256361969E-17,0.));
#5110=DIRECTION('',(0.,1.,0.));
#5111=DIRECTION('',(1.,0.,0.));
#5112=DIRECTION('',(1.,0.,0.));
#5113=DIRECTION('',(0.5,0.866025403784439,0.));
#5114=DIRECTION('',(1.,0.,0.));
#5115=DIRECTION('',(1.,0.,6.19544098563145E-16));
#5116=DIRECTION('',(6.19544098563145E-16,0.,-1.));
#5117=DIRECTION('',(6.19544098563145E-16,4.63249005250163E-32,-1.));
#5118=DIRECTION('',(6.19544098563145E-16,0.,-1.));
#5119=DIRECTION('',(1.,0.,0.));
#5120=DIRECTION('',(0.,0.,-1.));
#5121=DIRECTION('',(0.,1.,0.));
#5122=DIRECTION('',(0.,0.,-1.));
#5123=DIRECTION('',(0.,1.,0.));
#5124=DIRECTION('',(0.,-1.,0.));
#5125=DIRECTION('',(0.,0.,1.));
#5126=DIRECTION('',(0.,0.,-1.));
#5127=DIRECTION('',(0.,-0.984807753012208,0.173648177666929));
#5128=DIRECTION('',(0.,-1.,0.));
#5129=DIRECTION('',(0.,0.,1.));
#5130=DIRECTION('',(0.,1.,0.));
#5131=DIRECTION('',(0.,0.984807753012208,0.173648177666929));
#5132=DIRECTION('',(0.,0.,-1.));
#5133=DIRECTION('',(0.,-0.984807753012208,0.173648177666931));
#5134=DIRECTION('',(0.,-1.,0.));
#5135=DIRECTION('',(0.,0.,1.));
#5136=DIRECTION('',(0.,1.,0.));
#5137=DIRECTION('',(0.,0.984807753012208,0.17364817766693));
#5138=DIRECTION('',(0.,0.,-1.));
#5139=DIRECTION('',(0.,0.,-1.));
#5140=DIRECTION('',(0.,-1.,0.));
#5141=DIRECTION('',(0.,1.,0.));
#5142=DIRECTION('',(0.,0.,1.));
#5143=DIRECTION('',(1.,0.,0.));
#5144=DIRECTION('',(-1.,0.,0.));
#5145=DIRECTION('',(0.,0.,-1.));
#5146=DIRECTION('',(1.,0.,0.));
#5147=DIRECTION('',(-1.,0.,0.));
#5148=DIRECTION('',(0.,0.,-1.));
#5149=DIRECTION('',(1.,0.,0.));
#5150=DIRECTION('',(0.,0.,-1.));
#5151=DIRECTION('',(-1.,0.,0.));
#5152=DIRECTION('',(0.,0.,1.));
#5153=DIRECTION('',(-1.,0.,0.));
#5154=DIRECTION('',(0.,0.,-1.));
#5155=DIRECTION('',(1.,0.,0.));
#5156=DIRECTION('',(-1.,0.,0.));
#5157=DIRECTION('',(0.,0.,-1.));
#5158=DIRECTION('',(1.,0.,0.));
#5159=DIRECTION('',(0.,0.,-1.));
#5160=DIRECTION('',(0.,0.,1.));
#5161=DIRECTION('',(0.,1.,0.));
#5162=DIRECTION('',(0.,0.,-1.));
#5163=DIRECTION('',(-1.,0.,0.));
#5164=DIRECTION('',(1.,7.477256361969E-17,0.));
#5165=DIRECTION('',(0.5,-0.866025403784439,0.));
#5166=DIRECTION('',(1.,0.,0.));
#5167=DIRECTION('',(0.5,0.866025403784439,0.));
#5168=DIRECTION('',(1.,0.,0.));
#5169=DIRECTION('',(0.,1.,0.));
#5170=DIRECTION('',(-1.,0.,0.));
#5171=DIRECTION('',(0.,0.,1.));
#5172=DIRECTION('',(0.,0.,-1.));
#5173=DIRECTION('',(1.,0.,0.));
#5174=DIRECTION('',(0.,0.,-1.));
#5175=DIRECTION('',(0.,-0.984807753012208,-0.173648177666929));
#5176=DIRECTION('',(0.,-1.,0.));
#5177=DIRECTION('',(0.,0.,-1.));
#5178=DIRECTION('',(0.,1.,0.));
#5179=DIRECTION('',(0.,0.984807753012208,-0.173648177666929));
#5180=DIRECTION('',(0.,0.173648177666929,0.984807753012208));
#5181=DIRECTION('',(0.,-0.984807753012208,0.173648177666929));
#5182=DIRECTION('',(-1.,0.,0.));
#5183=DIRECTION('',(0.,0.173648177666929,-0.984807753012208));
#5184=DIRECTION('',(0.,0.984807753012208,0.173648177666929));
#5185=DIRECTION('',(-1.,0.,0.));
#5186=DIRECTION('',(0.,0.,1.));
#5187=DIRECTION('',(1.,0.,0.));
#5188=DIRECTION('',(-1.,0.,0.));
#5189=DIRECTION('',(0.,1.,0.));
#5190=DIRECTION('',(0.,0.,1.));
#5191=DIRECTION('',(-1.,0.,0.));
#5192=DIRECTION('',(0.,0.,-1.));
#5193=DIRECTION('',(-1.,0.,0.));
#5194=DIRECTION('',(1.,0.,0.));
#5195=DIRECTION('',(0.,0.,-1.));
#5196=DIRECTION('',(0.,-0.984807753012208,-0.17364817766693));
#5197=DIRECTION('',(0.,-1.,0.));
#5198=DIRECTION('',(0.,0.,-1.));
#5199=DIRECTION('',(0.,1.,0.));
#5200=DIRECTION('',(0.,0.984807753012208,-0.173648177666931));
#5201=DIRECTION('',(0.,0.17364817766693,-0.984807753012208));
#5202=DIRECTION('',(0.,0.984807753012208,0.17364817766693));
#5203=DIRECTION('',(-1.,0.,0.));
#5204=DIRECTION('',(0.,0.,-1.));
#5205=DIRECTION('',(-1.,0.,0.));
#5206=DIRECTION('',(-1.,0.,0.));
#5207=DIRECTION('',(0.,1.,0.));
#5208=DIRECTION('',(0.,0.,1.));
#5209=DIRECTION('',(-1.,0.,0.));
#5210=DIRECTION('',(0.,0.,1.));
#5211=DIRECTION('',(1.,0.,0.));
#5212=DIRECTION('',(-1.,0.,0.));
#5213=DIRECTION('',(0.,0.173648177666931,0.984807753012208));
#5214=DIRECTION('',(0.,-0.984807753012208,0.173648177666931));
#5215=DIRECTION('',(0.,-0.173648177666929,-0.984807753012208));
#5216=DIRECTION('',(0.,0.984807753012208,-0.173648177666929));
#5217=DIRECTION('',(1.,0.,0.));
#5218=DIRECTION('',(0.,0.984807753012208,-0.173648177666929));
#5219=DIRECTION('',(0.,0.,-1.));
#5220=DIRECTION('',(-1.,0.,0.));
#5221=DIRECTION('',(1.,0.,0.));
#5222=DIRECTION('',(0.,1.,0.));
#5223=DIRECTION('',(0.,-1.,0.));
#5224=DIRECTION('',(0.,0.,-1.));
#5225=DIRECTION('',(1.,0.,0.));
#5226=DIRECTION('',(0.,0.,-1.));
#5227=DIRECTION('',(0.,0.,1.));
#5228=DIRECTION('',(1.,0.,0.));
#5229=DIRECTION('',(1.,0.,0.));
#5230=DIRECTION('',(0.,-1.,0.));
#5231=DIRECTION('',(0.,-0.173648177666929,0.984807753012208));
#5232=DIRECTION('',(0.,-0.984807753012208,-0.173648177666929));
#5233=DIRECTION('',(0.,-0.984807753012208,-0.173648177666929));
#5234=DIRECTION('',(1.,0.,0.));
#5235=DIRECTION('',(0.,0.,-1.));
#5236=DIRECTION('',(1.,0.,0.));
#5237=DIRECTION('',(0.,0.,-1.));
#5238=DIRECTION('',(0.,0.984807753012208,-0.173648177666931));
#5239=DIRECTION('',(0.,1.,0.));
#5240=DIRECTION('',(0.,0.,-1.));
#5241=DIRECTION('',(0.,-1.,0.));
#5242=DIRECTION('',(0.,-0.984807753012208,-0.17364817766693));
#5243=DIRECTION('',(0.,-0.17364817766693,0.984807753012208));
#5244=DIRECTION('',(0.,-0.984807753012208,-0.17364817766693));
#5245=DIRECTION('',(1.,0.,0.));
#5246=DIRECTION('',(0.,0.,1.));
#5247=DIRECTION('',(1.,0.,0.));
#5248=DIRECTION('',(1.,0.,0.));
#5249=DIRECTION('',(0.,-1.,0.));
#5250=DIRECTION('',(0.,0.,-1.));
#5251=DIRECTION('',(1.,0.,0.));
#5252=DIRECTION('',(0.,0.,-1.));
#5253=DIRECTION('',(-1.,0.,0.));
#5254=DIRECTION('',(1.,0.,0.));
#5255=DIRECTION('',(0.,-0.173648177666931,-0.984807753012208));
#5256=DIRECTION('',(0.,0.984807753012208,-0.173648177666931));
#5257=DIRECTION('',(7.477256361969E-17,-1.,0.));
#5258=DIRECTION('',(1.,7.477256361969E-17,0.));
#5259=DIRECTION('',(0.,0.,-1.));
#5260=DIRECTION('',(-0.866025403784439,-0.5,0.));
#5261=DIRECTION('',(0.5,-0.866025403784439,0.));
#5262=DIRECTION('',(0.,0.,-1.));
#5263=DIRECTION('',(0.,-1.,0.));
#5264=DIRECTION('',(0.,0.,-1.));
#5265=DIRECTION('',(0.,0.,-1.));
#5266=DIRECTION('',(0.866025403784439,-0.5,0.));
#5267=DIRECTION('',(0.5,0.866025403784439,0.));
#5268=DIRECTION('',(0.,0.,-1.));
#5269=DIRECTION('',(0.,-1.,0.));
#5270=DIRECTION('',(0.,0.,-1.));
#5271=DIRECTION('',(-7.477256361969E-17,1.,0.));
#5272=DIRECTION('',(-1.,-7.477256361969E-17,0.));
#5273=DIRECTION('',(0.,0.,1.));
#5274=DIRECTION('',(0.866025403784439,0.5,0.));
#5275=DIRECTION('',(-0.5,0.866025403784439,0.));
#5276=DIRECTION('',(0.,0.,1.));
#5277=DIRECTION('',(0.,1.,0.));
#5278=DIRECTION('',(0.,0.,1.));
#5279=DIRECTION('',(0.,0.,1.));
#5280=DIRECTION('',(-0.866025403784439,0.5,0.));
#5281=DIRECTION('',(-0.5,-0.866025403784439,0.));
#5282=DIRECTION('',(0.,0.,1.));
#5283=DIRECTION('',(0.,1.,0.));
#5284=DIRECTION('',(0.,0.,1.));
#5285=DIRECTION('',(0.,0.,-1.));
#5286=DIRECTION('',(-1.,0.,0.));
#5287=DIRECTION('',(0.,0.,1.));
#5288=DIRECTION('',(1.,0.,0.));
#5289=DIRECTION('',(0.,0.,-1.));
#5290=DIRECTION('',(0.,0.,1.));
#5291=DIRECTION('',(1.,0.,0.));
#5292=DIRECTION('',(0.,-1.,0.));
#5293=DIRECTION('',(-1.,0.,0.));
#5294=DIRECTION('',(0.,0.,1.));
#5295=DIRECTION('',(1.,0.,0.));
#5296=DIRECTION('',(0.,0.,1.));
#5297=DIRECTION('',(1.,0.,0.));
#5298=DIRECTION('',(-1.,0.,-1.08420217248551E-16));
#5299=DIRECTION('',(0.,-1.,0.));
#5300=DIRECTION('',(0.,0.,-1.));
#5301=DIRECTION('',(-1.,0.,0.));
#5302=DIRECTION('',(0.,0.,1.));
#5303=DIRECTION('',(0.,0.,1.));
#5304=DIRECTION('',(1.,0.,0.));
#5305=DIRECTION('',(0.,0.,1.));
#5306=DIRECTION('',(0.,0.,1.));
#5307=DIRECTION('',(1.,0.,0.));
#5308=DIRECTION('',(0.,0.,1.));
#5309=DIRECTION('',(1.,0.,0.));
#5310=DIRECTION('',(1.,0.,0.));
#5311=DIRECTION('',(0.,-1.,0.));
#5312=DIRECTION('',(0.,0.,1.));
#5313=DIRECTION('',(1.,0.,0.));
#5314=DIRECTION('',(0.,-1.,0.));
#5315=DIRECTION('',(1.,0.,1.0842021724855E-16));
#5316=DIRECTION('',(0.,0.,1.));
#5317=DIRECTION('',(1.,0.,0.));
#5318=DIRECTION('',(0.,0.,1.));
#5319=DIRECTION('',(1.,0.,0.));
#5320=DIRECTION('',(0.,0.,1.));
#5321=DIRECTION('',(0.,1.,0.));
#5322=DIRECTION('',(0.,0.,1.));
#5323=DIRECTION('',(-1.,0.,0.));
#5324=DIRECTION('',(0.,1.,0.));
#5325=DIRECTION('',(1.,0.,0.));
#5326=DIRECTION('',(0.,0.,1.));
#5327=DIRECTION('',(1.,0.,0.));
#5328=DIRECTION('',(0.,-1.,0.));
#5329=DIRECTION('',(0.,-1.,0.));
#5330=DIRECTION('',(0.,0.,-1.));
#5331=DIRECTION('',(0.,0.,-1.));
#5332=DIRECTION('',(-1.,0.,0.));
#5333=DIRECTION('',(1.,0.,0.));
#5334=DIRECTION('',(0.,-1.,0.));
#5335=DIRECTION('',(0.,-1.,0.));
#5336=DIRECTION('',(0.,0.,-1.));
#5337=DIRECTION('',(0.,1.,0.));
#5338=DIRECTION('',(1.,0.,0.));
#5339=DIRECTION('',(0.,1.,0.));
#5340=DIRECTION('',(0.,0.,1.));
#5341=DIRECTION('',(0.,1.,0.));
#5342=DIRECTION('',(0.,0.,1.));
#5343=DIRECTION('',(0.,1.,0.));
#5344=DIRECTION('',(1.,0.,0.));
#5345=DIRECTION('',(-1.,0.,-1.90628953404045E-16));
#5346=DIRECTION('',(-1.90628953404045E-16,0.,1.));
#5347=DIRECTION('',(1.,0.,1.90628953404045E-16));
#5348=DIRECTION('',(0.,-1.,0.));
#5349=DIRECTION('',(0.,-1.,0.));
#5350=DIRECTION('',(0.,0.,-1.));
#5351=DIRECTION('',(0.,-1.,0.));
#5352=DIRECTION('',(0.,0.,-1.));
#5353=DIRECTION('',(0.,1.,0.));
#5354=DIRECTION('',(1.,0.,0.));
#5355=DIRECTION('',(0.,-1.,0.));
#5356=DIRECTION('',(1.90628953404045E-16,0.,-1.));
#5357=DIRECTION('',(-1.,0.,-1.90628953404045E-16));
#5358=DIRECTION('',(1.,0.,1.90628953404045E-16));
#5359=DIRECTION('',(0.,1.,0.));
#5360=DIRECTION('',(0.,0.,1.));
#5361=DIRECTION('',(0.,-1.,0.));
#5362=DIRECTION('',(0.,0.,-1.));
#5363=DIRECTION('',(0.,-1.,0.));
#5364=DIRECTION('',(0.,0.,-1.));
#5365=DIRECTION('',(0.,-1.,0.));
#5366=DIRECTION('',(0.,0.,-1.));
#5367=DIRECTION('',(0.,-1.,0.));
#5368=DIRECTION('',(0.,0.,-1.));
#5369=DIRECTION('',(0.,-1.,0.));
#5370=DIRECTION('',(0.,0.,-1.));
#5371=DIRECTION('',(0.,-1.,0.));
#5372=DIRECTION('',(0.,0.,-1.));
#5373=DIRECTION('',(0.,-1.,0.));
#5374=DIRECTION('',(0.,0.,-1.));
#5375=DIRECTION('',(0.,-1.,0.));
#5376=DIRECTION('',(0.,0.,-1.));
#5377=DIRECTION('',(0.,-1.,0.));
#5378=DIRECTION('',(0.,0.,-1.));
#5379=DIRECTION('',(0.,-1.,0.));
#5380=DIRECTION('',(0.,0.,-1.));
#5381=DIRECTION('',(0.,-1.,0.));
#5382=DIRECTION('',(0.,0.,-1.));
#5383=DIRECTION('',(0.,-1.,0.));
#5384=DIRECTION('',(0.,0.,-1.));
#5385=DIRECTION('',(0.,-1.,0.));
#5386=DIRECTION('',(0.,0.,-1.));
#5387=DIRECTION('',(0.998048585650658,-0.0624421386622916,0.));
#5388=DIRECTION('',(0.0624421386622916,0.998048585650658,0.));
#5389=DIRECTION('',(-0.0624421386622916,-0.998048585650658,0.));
#5390=DIRECTION('',(-0.0624421386622916,-0.998048585650658,0.));
#5391=DIRECTION('',(0.,0.,1.));
#5392=DIRECTION('',(1.,0.,0.));
#5393=DIRECTION('',(0.,0.,1.));
#5394=DIRECTION('',(1.,0.,0.));
#5395=DIRECTION('',(0.,0.,1.));
#5396=DIRECTION('',(1.,0.,0.));
#5397=DIRECTION('',(1.,0.,0.));
#5398=DIRECTION('',(0.,0.,-1.));
#5399=DIRECTION('',(0.,0.,1.));
#5400=DIRECTION('',(0.,-1.,0.));
#5401=DIRECTION('',(0.,0.,1.));
#5402=DIRECTION('',(0.,-1.,0.));
#5403=DIRECTION('',(0.,-1.,0.));
#5404=DIRECTION('',(0.,0.,-1.));
#5405=DIRECTION('',(0.,1.,0.));
#5406=DIRECTION('',(1.,0.,0.));
#5407=DIRECTION('',(0.,-1.,0.));
#5408=DIRECTION('',(0.,1.,0.));
#5409=DIRECTION('',(1.,0.,0.));
#5410=DIRECTION('',(0.,0.,-1.));
#5411=DIRECTION('',(-1.,0.,0.));
#5412=DIRECTION('',(1.,0.,0.));
#5413=DIRECTION('',(0.,-1.,0.));
#5414=DIRECTION('',(1.,0.,0.));
#5415=DIRECTION('',(0.,-1.,0.));
#5416=DIRECTION('',(0.,0.,-1.));
#5417=DIRECTION('',(0.,1.,0.));
#5418=DIRECTION('',(1.,0.,0.));
#5419=DIRECTION('',(0.,-1.,0.));
#5420=DIRECTION('',(0.,1.,0.));
#5421=DIRECTION('',(1.,0.,0.));
#5422=DIRECTION('',(1.,0.,0.));
#5423=DIRECTION('',(0.,0.,-1.));
#5424=DIRECTION('',(0.,0.,1.));
#5425=DIRECTION('',(0.,-1.,0.));
#5426=DIRECTION('',(0.,0.,1.));
#5427=DIRECTION('',(0.,-1.,0.));
#5428=DIRECTION('',(0.,0.,-1.));
#5429=DIRECTION('',(0.,1.,0.));
#5430=DIRECTION('',(1.,0.,0.));
#5431=DIRECTION('',(0.,-1.,0.));
#5432=DIRECTION('',(0.,1.,0.));
#5433=DIRECTION('',(1.,0.,0.));
#5434=DIRECTION('',(0.,0.,-1.));
#5435=DIRECTION('',(-1.,0.,0.));
#5436=DIRECTION('',(1.,0.,0.));
#5437=DIRECTION('',(0.,-1.,0.));
#5438=DIRECTION('',(1.,0.,0.));
#5439=DIRECTION('',(1.,0.,0.));
#5440=DIRECTION('',(0.,0.,-1.));
#5441=DIRECTION('',(0.,0.,1.));
#5442=DIRECTION('',(0.,-1.,0.));
#5443=DIRECTION('',(0.,0.,1.));
#5444=DIRECTION('',(0.,-1.,0.));
#5445=DIRECTION('',(0.,0.,-1.));
#5446=DIRECTION('',(0.,1.,0.));
#5447=DIRECTION('',(1.,0.,0.));
#5448=DIRECTION('',(0.,-1.,0.));
#5449=DIRECTION('',(0.,1.,0.));
#5450=DIRECTION('',(1.,0.,0.));
#5451=DIRECTION('',(0.,0.,-1.));
#5452=DIRECTION('',(-1.,0.,0.));
#5453=DIRECTION('',(1.,0.,0.));
#5454=DIRECTION('',(0.,-1.,0.));
#5455=DIRECTION('',(1.,0.,0.));
#5456=DIRECTION('',(0.,-1.,0.));
#5457=DIRECTION('',(0.,0.,-1.));
#5458=DIRECTION('',(0.,1.,0.));
#5459=DIRECTION('',(1.,0.,0.));
#5460=DIRECTION('',(0.,-1.,0.));
#5461=DIRECTION('',(0.,1.,0.));
#5462=DIRECTION('',(1.,0.,0.));
#5463=DIRECTION('',(-1.,0.,0.));
#5464=DIRECTION('',(0.,0.,1.));
#5465=DIRECTION('',(0.,0.,-1.));
#5466=DIRECTION('',(0.,-1.,0.));
#5467=DIRECTION('',(0.,0.,-1.));
#5468=DIRECTION('',(0.,0.,-1.));
#5469=DIRECTION('',(-1.,0.,0.));
#5470=DIRECTION('',(1.,0.,0.));
#5471=DIRECTION('',(0.,-1.,0.));
#5472=DIRECTION('',(1.,0.,0.));
#5473=DIRECTION('',(0.,-1.,0.));
#5474=DIRECTION('',(0.,0.,-1.));
#5475=DIRECTION('',(0.,1.,0.));
#5476=DIRECTION('',(1.,0.,0.));
#5477=DIRECTION('',(0.,-1.,0.));
#5478=DIRECTION('',(0.,1.,0.));
#5479=DIRECTION('',(1.,0.,0.));
#5480=DIRECTION('',(-1.,0.,0.));
#5481=DIRECTION('',(0.,0.,1.));
#5482=DIRECTION('',(0.,0.,-1.));
#5483=DIRECTION('',(0.,-1.,0.));
#5484=DIRECTION('',(0.,0.,-1.));
#5485=DIRECTION('',(0.,-1.,0.));
#5486=DIRECTION('',(0.,0.,-1.));
#5487=DIRECTION('',(0.,1.,0.));
#5488=DIRECTION('',(1.,0.,0.));
#5489=DIRECTION('',(0.,-1.,0.));
#5490=DIRECTION('',(0.,1.,0.));
#5491=DIRECTION('',(1.,0.,0.));
#5492=DIRECTION('',(0.,0.,-1.));
#5493=DIRECTION('',(-1.,0.,0.));
#5494=DIRECTION('',(1.,0.,0.));
#5495=DIRECTION('',(0.,-1.,0.));
#5496=DIRECTION('',(1.,0.,0.));
#5497=DIRECTION('',(0.,-1.,0.));
#5498=DIRECTION('',(0.,0.,-1.));
#5499=DIRECTION('',(0.,1.,0.));
#5500=DIRECTION('',(1.,0.,0.));
#5501=DIRECTION('',(0.,-1.,0.));
#5502=DIRECTION('',(0.,1.,0.));
#5503=DIRECTION('',(1.,0.,0.));
#5504=DIRECTION('',(-1.,0.,0.));
#5505=DIRECTION('',(0.,0.,1.));
#5506=DIRECTION('',(0.,0.,-1.));
#5507=DIRECTION('',(0.,-1.,0.));
#5508=DIRECTION('',(0.,0.,-1.));
#5509=DIRECTION('',(0.,-1.,0.));
#5510=DIRECTION('',(0.,0.,-1.));
#5511=DIRECTION('',(0.,1.,0.));
#5512=DIRECTION('',(1.,0.,0.));
#5513=DIRECTION('',(0.,-1.,0.));
#5514=DIRECTION('',(0.,1.,0.));
#5515=DIRECTION('',(1.,0.,0.));
#5516=DIRECTION('',(0.,0.,1.));
#5517=DIRECTION('',(1.,0.,0.));
#5518=DIRECTION('',(-1.,0.,0.));
#5519=DIRECTION('',(0.,-1.,0.));
#5520=DIRECTION('',(-1.,0.,0.));
#5521=DIRECTION('',(0.,-1.,0.));
#5522=DIRECTION('',(0.,0.,-1.));
#5523=DIRECTION('',(0.,1.,0.));
#5524=DIRECTION('',(1.,0.,0.));
#5525=DIRECTION('',(0.,-1.,0.));
#5526=DIRECTION('',(0.,1.,0.));
#5527=DIRECTION('',(1.,0.,0.));
#5528=DIRECTION('',(-1.,0.,0.));
#5529=DIRECTION('',(0.,0.,1.));
#5530=DIRECTION('',(0.,0.,-1.));
#5531=DIRECTION('',(0.,-1.,0.));
#5532=DIRECTION('',(0.,0.,-1.));
#5533=DIRECTION('',(0.,-1.,0.));
#5534=DIRECTION('',(0.,0.,-1.));
#5535=DIRECTION('',(0.,1.,0.));
#5536=DIRECTION('',(1.,0.,0.));
#5537=DIRECTION('',(0.,-1.,0.));
#5538=DIRECTION('',(0.,1.,0.));
#5539=DIRECTION('',(1.,0.,0.));
#5540=DIRECTION('',(0.,0.,1.));
#5541=DIRECTION('',(1.,0.,0.));
#5542=DIRECTION('',(-1.,0.,0.));
#5543=DIRECTION('',(0.,-1.,0.));
#5544=DIRECTION('',(-1.,0.,0.));
#5545=DIRECTION('',(-1.,0.,0.));
#5546=DIRECTION('',(0.,0.,1.));
#5547=DIRECTION('',(0.,0.,-1.));
#5548=DIRECTION('',(0.,-1.,0.));
#5549=DIRECTION('',(0.,0.,-1.));
#5550=DIRECTION('',(0.,-1.,0.));
#5551=DIRECTION('',(0.,0.,-1.));
#5552=DIRECTION('',(0.,1.,0.));
#5553=DIRECTION('',(1.,0.,0.));
#5554=DIRECTION('',(0.,-1.,0.));
#5555=DIRECTION('',(0.,1.,0.));
#5556=DIRECTION('',(1.,0.,0.));
#5557=DIRECTION('',(0.,0.,1.));
#5558=DIRECTION('',(1.,0.,0.));
#5559=DIRECTION('',(-1.,0.,0.));
#5560=DIRECTION('',(0.,-1.,0.));
#5561=DIRECTION('',(-1.,0.,0.));
#5562=DIRECTION('',(0.,-1.,0.));
#5563=DIRECTION('',(0.,0.,-1.));
#5564=DIRECTION('',(0.,1.,0.));
#5565=DIRECTION('',(1.,0.,0.));
#5566=DIRECTION('',(0.,-1.,0.));
#5567=DIRECTION('',(0.,1.,0.));
#5568=DIRECTION('',(1.,0.,0.));
#5569=DIRECTION('',(1.,0.,0.));
#5570=DIRECTION('',(0.,0.,-1.));
#5571=DIRECTION('',(0.,0.,1.));
#5572=DIRECTION('',(0.,-1.,0.));
#5573=DIRECTION('',(0.,0.,1.));
#5574=DIRECTION('',(0.,0.,1.));
#5575=DIRECTION('',(1.,0.,0.));
#5576=DIRECTION('',(-1.,0.,0.));
#5577=DIRECTION('',(0.,-1.,0.));
#5578=DIRECTION('',(-1.,0.,0.));
#5579=DIRECTION('',(0.,-1.,0.));
#5580=DIRECTION('',(0.,0.,-1.));
#5581=DIRECTION('',(0.,1.,0.));
#5582=DIRECTION('',(1.,0.,0.));
#5583=DIRECTION('',(0.,-1.,0.));
#5584=DIRECTION('',(0.,1.,0.));
#5585=DIRECTION('',(1.,0.,0.));
#5586=DIRECTION('',(1.,0.,0.));
#5587=DIRECTION('',(0.,0.,-1.));
#5588=DIRECTION('',(0.,0.,1.));
#5589=DIRECTION('',(0.,-1.,0.));
#5590=DIRECTION('',(0.,0.,1.));
#5591=DIRECTION('',(0.,-1.,0.));
#5592=DIRECTION('',(0.,0.,-1.));
#5593=DIRECTION('',(0.,1.,0.));
#5594=DIRECTION('',(1.,0.,0.));
#5595=DIRECTION('',(0.,-1.,0.));
#5596=DIRECTION('',(0.,1.,0.));
#5597=DIRECTION('',(1.,0.,0.));
#5598=DIRECTION('',(0.,0.,1.));
#5599=DIRECTION('',(1.,0.,0.));
#5600=DIRECTION('',(-1.,0.,0.));
#5601=DIRECTION('',(0.,-1.,0.));
#5602=DIRECTION('',(-1.,0.,0.));
#5603=DIRECTION('',(0.,-1.,0.));
#5604=DIRECTION('',(0.,0.,-1.));
#5605=DIRECTION('',(0.,1.,0.));
#5606=DIRECTION('',(1.,0.,0.));
#5607=DIRECTION('',(0.,1.,0.));
#5608=DIRECTION('',(1.,0.,0.));
#5609=DIRECTION('',(0.,1.,0.));
#5610=DIRECTION('',(0.,0.,1.));
#5611=DIRECTION('',(0.,1.,0.));
#5612=DIRECTION('',(0.,0.,1.));
#5613=DIRECTION('',(0.,1.,0.));
#5614=DIRECTION('',(0.,0.,1.));
#5615=DIRECTION('',(0.,-1.,0.));
#5616=DIRECTION('',(0.,0.,-1.));
#5617=DIRECTION('',(0.,-1.,0.));
#5618=DIRECTION('',(0.,0.,-1.));
#5619=DIRECTION('',(0.,-1.,0.));
#5620=DIRECTION('',(0.,0.,-1.));
#5621=DIRECTION('',(0.,-1.,0.));
#5622=DIRECTION('',(0.,0.,-1.));
#5623=DIRECTION('',(0.,-1.,0.));
#5624=DIRECTION('',(0.,0.,-1.));
#5625=DIRECTION('',(0.,0.,1.));
#5626=DIRECTION('',(1.,0.,0.));
#5627=DIRECTION('',(-2.84380897701116E-16,0.,1.));
#5628=DIRECTION('',(1.,0.,2.84380897701116E-16));
#5629=DIRECTION('',(-1.,0.,-2.84380897701116E-16));
#5630=DIRECTION('',(0.,1.,0.));
#5631=DIRECTION('',(-1.,0.,-2.84380897701116E-16));
#5632=DIRECTION('',(0.,-1.,0.));
#5633=DIRECTION('',(2.84380897701116E-16,0.,1.));
#5634=DIRECTION('',(1.,0.,-2.84380897701116E-16));
#5635=DIRECTION('',(-1.,0.,2.84380897701116E-16));
#5636=DIRECTION('',(0.,-1.,0.));
#5637=DIRECTION('',(-1.,0.,2.84380897701116E-16));
#5638=DIRECTION('',(0.,-1.,0.));
#5639=DIRECTION('',(0.,0.,-1.));
#5640=DIRECTION('',(-1.,0.,0.));
#5641=DIRECTION('',(0.,-1.,0.));
#5642=DIRECTION('',(1.,0.,0.));
#5643=DIRECTION('',(0.,-1.,0.));
#5644=DIRECTION('',(1.,0.,0.));
#5645=DIRECTION('',(0.,0.,-1.));
#5646=DIRECTION('',(-1.,0.,0.));
#5647=DIRECTION('',(0.,1.,0.));
#5648=DIRECTION('',(1.,0.,0.));
#5649=DIRECTION('',(0.,-1.,0.));
#5650=DIRECTION('',(1.,0.,0.));
#5651=DIRECTION('',(0.,0.,-1.));
#5652=DIRECTION('',(-1.,0.,0.));
#5653=DIRECTION('',(0.,1.,0.));
#5654=DIRECTION('',(1.,0.,0.));
#5655=DIRECTION('',(0.,-1.,0.));
#5656=DIRECTION('',(1.,0.,0.));
#5657=DIRECTION('',(0.,0.,-1.));
#5658=DIRECTION('',(-1.,0.,0.));
#5659=DIRECTION('',(0.,-1.,0.));
#5660=DIRECTION('',(1.,0.,0.));
#5661=DIRECTION('',(0.,-1.,0.));
#5662=DIRECTION('',(1.,0.,0.));
#5663=DIRECTION('',(1.,0.,0.));
#5664=DIRECTION('',(0.,0.,-1.));
#5665=DIRECTION('',(0.,0.,1.));
#5666=DIRECTION('',(0.,-1.,0.));
#5667=DIRECTION('',(0.,0.,1.));
#5668=DIRECTION('',(0.,0.,-1.));
#5669=DIRECTION('',(-1.,0.,0.));
#5670=DIRECTION('',(1.,0.,0.));
#5671=DIRECTION('',(0.,-1.,0.));
#5672=DIRECTION('',(1.,0.,0.));
#5673=DIRECTION('',(1.,0.,0.));
#5674=DIRECTION('',(0.,0.,-1.));
#5675=DIRECTION('',(0.,0.,1.));
#5676=DIRECTION('',(0.,-1.,0.));
#5677=DIRECTION('',(0.,0.,1.));
#5678=DIRECTION('',(0.,0.,1.));
#5679=DIRECTION('',(1.,0.,0.));
#5680=DIRECTION('',(-1.,0.,0.));
#5681=DIRECTION('',(0.,-1.,0.));
#5682=DIRECTION('',(-1.,0.,0.));
#5683=DIRECTION('',(1.,0.,0.));
#5684=DIRECTION('',(0.,0.,-1.));
#5685=DIRECTION('',(0.,0.,1.));
#5686=DIRECTION('',(0.,-1.,0.));
#5687=DIRECTION('',(0.,0.,1.));
#5688=DIRECTION('',(0.,0.,-1.));
#5689=DIRECTION('',(-1.,0.,0.));
#5690=DIRECTION('',(1.,0.,0.));
#5691=DIRECTION('',(0.,-1.,0.));
#5692=DIRECTION('',(1.,0.,0.));
#5693=DIRECTION('',(1.,0.,0.));
#5694=DIRECTION('',(0.,0.,-1.));
#5695=DIRECTION('',(0.,0.,1.));
#5696=DIRECTION('',(0.,0.,1.));
#5697=DIRECTION('',(0.707106781186548,0.,-0.707106781186547));
#5698=DIRECTION('',(-0.707106781186547,0.,-0.707106781186548));
#5699=DIRECTION('',(0.707106781186547,0.,0.707106781186548));
#5700=DIRECTION('',(0.,-1.,0.));
#5701=DIRECTION('',(0.707106781186547,0.,0.707106781186548));
#5702=DIRECTION('',(0.,0.,-1.));
#5703=DIRECTION('',(-1.,0.,0.));
#5704=DIRECTION('',(1.,0.,0.));
#5705=DIRECTION('',(0.,-1.,0.));
#5706=DIRECTION('',(1.,0.,0.));
#5707=DIRECTION('',(-0.707106781186548,0.,-0.707106781186547));
#5708=DIRECTION('',(-0.707106781186547,0.,0.707106781186548));
#5709=DIRECTION('',(0.707106781186547,0.,-0.707106781186548));
#5710=DIRECTION('',(0.707106781186547,0.,-0.707106781186548));
#5711=DIRECTION('',(-1.,0.,0.));
#5712=DIRECTION('',(0.,0.,1.));
#5713=DIRECTION('',(0.,0.,-1.));
#5714=DIRECTION('',(0.,-1.,0.));
#5715=DIRECTION('',(0.,0.,-1.));
#5716=DIRECTION('',(0.,0.,-1.));
#5717=DIRECTION('',(-1.,0.,0.));
#5718=DIRECTION('',(1.,0.,0.));
#5719=DIRECTION('',(0.,-1.,0.));
#5720=DIRECTION('',(1.,0.,0.));
#5721=DIRECTION('',(-1.,0.,0.));
#5722=DIRECTION('',(0.,0.,1.));
#5723=DIRECTION('',(0.,0.,-1.));
#5724=DIRECTION('',(0.,-1.,0.));
#5725=DIRECTION('',(0.,0.,-1.));
#5726=DIRECTION('',(0.,0.,1.));
#5727=DIRECTION('',(1.,0.,0.));
#5728=DIRECTION('',(-1.,0.,0.));
#5729=DIRECTION('',(0.,-1.,0.));
#5730=DIRECTION('',(-1.,0.,0.));
#5731=DIRECTION('',(-1.,0.,0.));
#5732=DIRECTION('',(0.,0.,1.));
#5733=DIRECTION('',(0.,0.,-1.));
#5734=DIRECTION('',(0.,-1.,0.));
#5735=DIRECTION('',(0.,0.,-1.));
#5736=DIRECTION('',(0.,0.,-1.));
#5737=DIRECTION('',(-1.,0.,0.));
#5738=DIRECTION('',(1.,0.,0.));
#5739=DIRECTION('',(0.,-1.,0.));
#5740=DIRECTION('',(1.,0.,0.));
#5741=DIRECTION('',(-1.,0.,0.));
#5742=DIRECTION('',(0.,0.,1.));
#5743=DIRECTION('',(0.,0.,-1.));
#5744=DIRECTION('',(0.,0.,-1.));
#5745=DIRECTION('',(-2.84380897701116E-16,0.,1.));
#5746=DIRECTION('',(1.,0.,2.84380897701116E-16));
#5747=DIRECTION('',(-1.,0.,-2.84380897701116E-16));
#5748=DIRECTION('',(0.,-1.,0.));
#5749=DIRECTION('',(-1.,0.,-2.84380897701116E-16));
#5750=DIRECTION('',(0.,-1.,0.));
#5751=DIRECTION('',(-0.707106781186548,0.,0.707106781186547));
#5752=DIRECTION('',(0.707106781186547,0.,0.707106781186548));
#5753=DIRECTION('',(-0.707106781186547,0.,-0.707106781186548));
#5754=DIRECTION('',(0.,-1.,0.));
#5755=DIRECTION('',(-0.707106781186547,0.,-0.707106781186548));
#5756=DIRECTION('',(0.,0.,1.));
#5757=DIRECTION('',(1.,0.,0.));
#5758=DIRECTION('',(-1.,0.,0.));
#5759=DIRECTION('',(0.,-1.,0.));
#5760=DIRECTION('',(-1.,0.,0.));
#5761=DIRECTION('',(0.707106781186548,0.,0.707106781186547));
#5762=DIRECTION('',(0.707106781186547,0.,-0.707106781186548));
#5763=DIRECTION('',(-0.707106781186547,0.,0.707106781186548));
#5764=DIRECTION('',(0.,-1.,0.));
#5765=DIRECTION('',(-0.707106781186547,0.,0.707106781186548));
#5766=DIRECTION('',(2.84380897701116E-16,0.,1.));
#5767=DIRECTION('',(1.,0.,-2.84380897701116E-16));
#5768=DIRECTION('',(-1.,0.,2.84380897701116E-16));
#5769=DIRECTION('',(0.,1.,0.));
#5770=DIRECTION('',(-1.,0.,2.84380897701116E-16));
#5771=DIRECTION('',(0.,1.,0.));
#5772=DIRECTION('',(0.,0.,1.));
#5773=DIRECTION('',(0.,-1.,0.));
#5774=DIRECTION('',(0.,0.,-1.));
#5775=DIRECTION('',(0.,0.,-1.));
#5776=DIRECTION('',(-1.,0.,0.));
#5777=DIRECTION('',(0.,0.,-1.));
#5778=DIRECTION('',(0.,0.,-1.));
#5779=DIRECTION('',(-1.,0.,0.));
#5780=DIRECTION('',(0.,0.,-1.));
#5781=DIRECTION('',(0.,0.,1.));
#5782=DIRECTION('',(-1.,0.,0.));
#5783=DIRECTION('',(0.,0.,1.));
#5784=DIRECTION('',(0.,0.,1.));
#5785=DIRECTION('',(-1.,0.,0.));
#5786=DIRECTION('',(0.,0.,1.));
#5787=DIRECTION('',(0.,1.,0.));
#5788=DIRECTION('',(0.,0.,1.));
#5789=DIRECTION('',(0.,1.,0.));
#5790=DIRECTION('',(0.,0.,1.));
#5791=DIRECTION('',(-1.,0.,2.84380897701116E-16));
#5792=DIRECTION('',(-1.,0.,-2.84380897701116E-16));
#5793=DIRECTION('',(1.,0.,0.));
#5794=DIRECTION('',(1.,0.,0.));
#5795=DIRECTION('',(0.,0.,1.));
#5796=DIRECTION('',(1.,0.,0.));
#5797=DIRECTION('',(0.,-1.,0.));
#5798=DIRECTION('',(0.,1.,0.));
#5799=DIRECTION('',(-1.,0.,0.));
#5800=DIRECTION('',(0.,1.,0.));
#5801=DIRECTION('',(0.341880341880341,0.93974349257432,0.));
#5802=DIRECTION('',(0.,0.,1.));
#5803=DIRECTION('',(1.,0.,0.));
#5804=DIRECTION('',(-0.941914707685338,-0.335852174990791,0.));
#5805=DIRECTION('',(0.,0.,1.));
#5806=DIRECTION('',(1.,0.,0.));
#5807=DIRECTION('',(-0.941914707685342,0.335852174990777,0.));
#5808=DIRECTION('',(0.,0.,1.));
#5809=DIRECTION('',(1.,0.,0.));
#5810=DIRECTION('',(0.341880341880333,-0.939743492574323,0.));
#5811=DIRECTION('',(0.,-1.,0.));
#5812=DIRECTION('',(-1.,0.,0.));
#5813=DIRECTION('',(0.,-1.,0.));
#5814=DIRECTION('',(0.,1.,0.));
#5815=DIRECTION('',(0.325657048768035,0.945487962159061,0.));
#5816=DIRECTION('',(0.,0.,1.));
#5817=DIRECTION('',(1.,0.,0.));
#5818=DIRECTION('',(0.939775282027724,-0.341792947981247,0.));
#5819=DIRECTION('',(0.,0.,1.));
#5820=DIRECTION('',(1.,0.,0.));
#5821=DIRECTION('',(0.939775282027723,0.341792947981249,0.));
#5822=DIRECTION('',(0.,0.,1.));
#5823=DIRECTION('',(1.,0.,0.));
#5824=DIRECTION('',(0.325657048768042,-0.945487962159058,0.));
#5825=DIRECTION('',(1.,0.,0.));
#5826=DIRECTION('',(0.,0.,-1.));
#5827=DIRECTION('',(0.,0.,-1.));
#5828=DIRECTION('',(0.,-1.,0.));
#5829=DIRECTION('',(0.945487962159059,0.325657048768042,0.));
#5830=DIRECTION('',(-0.325657048768042,0.945487962159059,0.));
#5831=DIRECTION('',(0.,0.,-1.));
#5832=DIRECTION('',(0.325657048768042,-0.945487962159058,0.));
#5833=DIRECTION('',(0.,0.,-1.));
#5834=DIRECTION('',(-1.,0.,0.));
#5835=DIRECTION('',(0.,0.,-1.));
#5836=DIRECTION('',(0.,0.,1.));
#5837=DIRECTION('',(1.,0.,0.));
#5838=DIRECTION('',(-0.341792947981249,0.939775282027723,0.));
#5839=DIRECTION('',(-0.939775282027724,-0.341792947981249,0.));
#5840=DIRECTION('',(0.,0.,-1.));
#5841=DIRECTION('',(0.939775282027723,0.341792947981249,0.));
#5842=DIRECTION('',(0.,0.,-1.));
#5843=DIRECTION('',(-1.,0.,0.));
#5844=DIRECTION('',(0.,0.,-1.));
#5845=DIRECTION('',(0.,0.,1.));
#5846=DIRECTION('',(1.,0.,0.));
#5847=DIRECTION('',(0.341792947981247,0.939775282027724,0.));
#5848=DIRECTION('',(-0.939775282027724,0.341792947981247,0.));
#5849=DIRECTION('',(0.,0.,-1.));
#5850=DIRECTION('',(0.939775282027724,-0.341792947981247,0.));
#5851=DIRECTION('',(0.,0.,-1.));
#5852=DIRECTION('',(-1.,0.,0.));
#5853=DIRECTION('',(0.,0.,-1.));
#5854=DIRECTION('',(0.,0.,1.));
#5855=DIRECTION('',(1.,0.,0.));
#5856=DIRECTION('',(-0.945487962159061,0.325657048768035,0.));
#5857=DIRECTION('',(-0.325657048768035,-0.945487962159061,0.));
#5858=DIRECTION('',(0.,0.,-1.));
#5859=DIRECTION('',(0.325657048768035,0.945487962159061,0.));
#5860=DIRECTION('',(-1.,0.,0.));
#5861=DIRECTION('',(0.,0.,1.));
#5862=DIRECTION('',(0.,1.,0.));
#5863=DIRECTION('',(1.,0.,0.));
#5864=DIRECTION('',(0.,0.,-1.));
#5865=DIRECTION('',(0.,0.,-1.));
#5866=DIRECTION('',(0.,-1.,0.));
#5867=DIRECTION('',(0.,-1.,0.));
#5868=DIRECTION('',(0.,0.,-1.));
#5869=DIRECTION('',(0.,0.,-1.));
#5870=DIRECTION('',(-1.,0.,0.));
#5871=DIRECTION('',(1.,0.,0.));
#5872=DIRECTION('',(0.,0.,-1.));
#5873=DIRECTION('',(0.,0.,-1.));
#5874=DIRECTION('',(0.,-1.,0.));
#5875=DIRECTION('',(0.939743492574323,0.341880341880333,0.));
#5876=DIRECTION('',(-0.341880341880333,0.939743492574323,0.));
#5877=DIRECTION('',(0.,0.,-1.));
#5878=DIRECTION('',(0.341880341880333,-0.939743492574323,0.));
#5879=DIRECTION('',(0.,0.,-1.));
#5880=DIRECTION('',(-1.,0.,0.));
#5881=DIRECTION('',(0.,0.,-1.));
#5882=DIRECTION('',(0.,0.,1.));
#5883=DIRECTION('',(1.,0.,0.));
#5884=DIRECTION('',(-0.335852174990777,-0.941914707685342,0.));
#5885=DIRECTION('',(0.941914707685343,-0.335852174990778,0.));
#5886=DIRECTION('',(0.,0.,-1.));
#5887=DIRECTION('',(-0.941914707685342,0.335852174990777,0.));
#5888=DIRECTION('',(0.,0.,-1.));
#5889=DIRECTION('',(-1.,0.,0.));
#5890=DIRECTION('',(0.,0.,-1.));
#5891=DIRECTION('',(0.,0.,1.));
#5892=DIRECTION('',(1.,0.,0.));
#5893=DIRECTION('',(0.335852174990791,-0.941914707685338,0.));
#5894=DIRECTION('',(0.941914707685338,0.335852174990791,0.));
#5895=DIRECTION('',(0.,0.,-1.));
#5896=DIRECTION('',(-0.941914707685338,-0.335852174990791,0.));
#5897=DIRECTION('',(0.,0.,-1.));
#5898=DIRECTION('',(-1.,0.,0.));
#5899=DIRECTION('',(0.,0.,-1.));
#5900=DIRECTION('',(0.,0.,1.));
#5901=DIRECTION('',(1.,0.,0.));
#5902=DIRECTION('',(-0.93974349257432,0.341880341880341,0.));
#5903=DIRECTION('',(-0.341880341880341,-0.93974349257432,0.));
#5904=DIRECTION('',(0.,0.,-1.));
#5905=DIRECTION('',(0.341880341880341,0.93974349257432,0.));
#5906=DIRECTION('',(-1.,0.,0.));
#5907=DIRECTION('',(0.,0.,1.));
#5908=DIRECTION('',(0.,0.,-1.));
#5909=DIRECTION('',(0.,1.,0.));
#5910=DIRECTION('',(0.,-1.,0.));
#5911=DIRECTION('',(0.,0.,-1.));
#5912=DIRECTION('',(0.,0.,-1.));
#5913=DIRECTION('',(-1.,0.,0.));
#5914=DIRECTION('',(-1.,0.,0.));
#5915=DIRECTION('',(0.,0.,1.));
#5916=DIRECTION('',(0.,1.,0.));
#5917=DIRECTION('',(0.,0.,1.));
#5918=DIRECTION('',(1.,0.,0.));
#5919=DIRECTION('',(0.,0.,1.));
#5920=DIRECTION('',(1.,0.,0.));
#5921=DIRECTION('',(0.,-1.,0.));
#5922=DIRECTION('',(0.325657048768042,-0.945487962159058,0.));
#5923=DIRECTION('',(0.,0.,1.));
#5924=DIRECTION('',(1.,0.,0.));
#5925=DIRECTION('',(0.939775282027723,0.341792947981249,0.));
#5926=DIRECTION('',(0.,0.,1.));
#5927=DIRECTION('',(1.,0.,0.));
#5928=DIRECTION('',(0.939775282027724,-0.341792947981247,0.));
#5929=DIRECTION('',(0.,0.,1.));
#5930=DIRECTION('',(1.,0.,0.));
#5931=DIRECTION('',(0.325657048768035,0.945487962159061,0.));
#5932=DIRECTION('',(0.,1.,0.));
#5933=DIRECTION('',(0.,-1.,0.));
#5934=DIRECTION('',(-1.,0.,0.));
#5935=DIRECTION('',(0.,-1.,0.));
#5936=DIRECTION('',(0.341880341880333,-0.939743492574323,0.));
#5937=DIRECTION('',(0.,0.,1.));
#5938=DIRECTION('',(1.,0.,0.));
#5939=DIRECTION('',(-0.941914707685342,0.335852174990777,0.));
#5940=DIRECTION('',(0.,0.,1.));
#5941=DIRECTION('',(1.,0.,0.));
#5942=DIRECTION('',(-0.941914707685338,-0.335852174990791,0.));
#5943=DIRECTION('',(0.,0.,1.));
#5944=DIRECTION('',(1.,0.,0.));
#5945=DIRECTION('',(0.341880341880341,0.93974349257432,0.));
#5946=DIRECTION('',(0.,1.,0.));
#5947=DIRECTION('',(-1.,0.,0.));
#5948=DIRECTION('',(0.,1.,0.));
#5949=DIRECTION('',(-1.,0.,0.));
#5950=DIRECTION('',(0.,0.,1.));
#5951=DIRECTION('',(0.,-1.,0.));
#5952=DIRECTION('',(0.,0.,1.));
#5953=DIRECTION('',(-0.945487962159059,-0.325657048768042,0.));
#5954=DIRECTION('',(0.325657048768042,-0.945487962159059,0.));
#5955=DIRECTION('',(0.325657048768042,-0.945487962159058,0.));
#5956=DIRECTION('',(0.,0.,1.));
#5957=DIRECTION('',(0.,0.,1.));
#5958=DIRECTION('',(1.,0.,0.));
#5959=DIRECTION('',(0.,0.,1.));
#5960=DIRECTION('',(1.,0.,0.));
#5961=DIRECTION('',(0.,0.,1.));
#5962=DIRECTION('',(0.341792947981249,-0.939775282027723,0.));
#5963=DIRECTION('',(0.939775282027724,0.341792947981249,0.));
#5964=DIRECTION('',(0.939775282027723,0.341792947981249,0.));
#5965=DIRECTION('',(0.,0.,1.));
#5966=DIRECTION('',(0.,0.,1.));
#5967=DIRECTION('',(1.,0.,0.));
#5968=DIRECTION('',(0.,0.,1.));
#5969=DIRECTION('',(1.,0.,0.));
#5970=DIRECTION('',(0.,0.,1.));
#5971=DIRECTION('',(-0.341792947981247,-0.939775282027724,0.));
#5972=DIRECTION('',(0.939775282027724,-0.341792947981247,0.));
#5973=DIRECTION('',(0.939775282027724,-0.341792947981247,0.));
#5974=DIRECTION('',(0.,0.,1.));
#5975=DIRECTION('',(0.,0.,1.));
#5976=DIRECTION('',(1.,0.,0.));
#5977=DIRECTION('',(0.,0.,1.));
#5978=DIRECTION('',(1.,0.,0.));
#5979=DIRECTION('',(0.,0.,1.));
#5980=DIRECTION('',(0.945487962159061,-0.325657048768035,0.));
#5981=DIRECTION('',(0.325657048768035,0.945487962159061,0.));
#5982=DIRECTION('',(0.325657048768035,0.945487962159061,0.));
#5983=DIRECTION('',(0.,0.,1.));
#5984=DIRECTION('',(1.,0.,0.));
#5985=DIRECTION('',(0.,0.,-1.));
#5986=DIRECTION('',(0.,1.,0.));
#5987=DIRECTION('',(-1.,0.,0.));
#5988=DIRECTION('',(0.,0.,1.));
#5989=DIRECTION('',(0.,-1.,0.));
#5990=DIRECTION('',(0.,0.,1.));
#5991=DIRECTION('',(0.,1.,0.));
#5992=DIRECTION('',(0.,0.,1.));
#5993=DIRECTION('',(-1.,0.,0.));
#5994=DIRECTION('',(0.,0.,1.));
#5995=DIRECTION('',(-1.,0.,0.));
#5996=DIRECTION('',(0.,0.,1.));
#5997=DIRECTION('',(0.,-1.,0.));
#5998=DIRECTION('',(0.,0.,1.));
#5999=DIRECTION('',(-0.939743492574323,-0.341880341880333,0.));
#6000=DIRECTION('',(0.341880341880333,-0.939743492574323,0.));
#6001=DIRECTION('',(0.341880341880333,-0.939743492574323,0.));
#6002=DIRECTION('',(0.,0.,1.));
#6003=DIRECTION('',(0.,0.,1.));
#6004=DIRECTION('',(1.,0.,0.));
#6005=DIRECTION('',(0.,0.,1.));
#6006=DIRECTION('',(1.,0.,0.));
#6007=DIRECTION('',(0.,0.,1.));
#6008=DIRECTION('',(0.335852174990777,0.941914707685342,0.));
#6009=DIRECTION('',(-0.941914707685343,0.335852174990778,0.));
#6010=DIRECTION('',(-0.941914707685342,0.335852174990777,0.));
#6011=DIRECTION('',(0.,0.,1.));
#6012=DIRECTION('',(0.,0.,1.));
#6013=DIRECTION('',(1.,0.,0.));
#6014=DIRECTION('',(0.,0.,1.));
#6015=DIRECTION('',(1.,0.,0.));
#6016=DIRECTION('',(0.,0.,1.));
#6017=DIRECTION('',(-0.335852174990791,0.941914707685338,0.));
#6018=DIRECTION('',(-0.941914707685338,-0.335852174990791,0.));
#6019=DIRECTION('',(-0.941914707685338,-0.335852174990791,0.));
#6020=DIRECTION('',(0.,0.,1.));
#6021=DIRECTION('',(0.,0.,1.));
#6022=DIRECTION('',(1.,0.,0.));
#6023=DIRECTION('',(0.,0.,1.));
#6024=DIRECTION('',(1.,0.,0.));
#6025=DIRECTION('',(0.,0.,1.));
#6026=DIRECTION('',(0.93974349257432,-0.341880341880341,0.));
#6027=DIRECTION('',(0.341880341880341,0.93974349257432,0.));
#6028=DIRECTION('',(0.341880341880341,0.93974349257432,0.));
#6029=DIRECTION('',(0.,0.,1.));
#6030=DIRECTION('',(1.,0.,0.));
#6031=DIRECTION('',(0.,0.,-1.));
#6032=DIRECTION('',(0.,1.,0.));
#6033=DIRECTION('',(0.,0.,1.));
#6034=DIRECTION('',(0.,1.,0.));
#6035=DIRECTION('',(0.,0.,1.));
#6036=DIRECTION('',(-1.,0.,0.));
#6037=DIRECTION('',(0.,0.,1.));
#6038=DIRECTION('',(1.,0.,0.));
#6039=DIRECTION('',(0.,0.,-1.));
#6040=DIRECTION('',(0.,1.,0.));
#6041=DIRECTION('',(0.,0.,1.));
#6042=DIRECTION('',(1.,0.,0.));
#6043=DIRECTION('',(0.,-1.,0.));
#6044=DIRECTION('',(0.,0.,-1.));
#6045=DIRECTION('',(0.,-1.,0.));
#6046=DIRECTION('',(0.,0.,-1.));
#6047=DIRECTION('',(0.,-1.,0.));
#6048=DIRECTION('',(0.,0.,-1.));
#6049=DIRECTION('',(0.,-1.,0.));
#6050=DIRECTION('',(0.,0.,-1.));
#6051=DIRECTION('',(0.,-1.,0.));
#6052=DIRECTION('',(0.,0.,-1.));
#6053=DIRECTION('',(0.,0.,-1.));
#6054=DIRECTION('',(-1.,0.,0.));
#6055=DIRECTION('',(0.,0.,-1.));
#6056=DIRECTION('',(-1.,0.,0.));
#6057=DIRECTION('',(-0.707106781186548,0.707106781186548,0.));
#6058=DIRECTION('',(0.,0.,-1.));
#6059=DIRECTION('',(-1.,0.,0.));
#6060=DIRECTION('',(0.,1.,0.));
#6061=DIRECTION('',(0.,0.,-1.));
#6062=DIRECTION('',(-1.,0.,0.));
#6063=DIRECTION('',(0.,1.,0.));
#6064=DIRECTION('',(1.,6.12323399573677E-17,0.));
#6065=DIRECTION('',(0.,1.,0.));
#6066=DIRECTION('',(0.,0.,-1.));
#6067=DIRECTION('',(-1.,0.,0.));
#6068=DIRECTION('',(0.,0.,1.));
#6069=DIRECTION('',(1.,0.,0.));
#6070=DIRECTION('',(-0.707106781186548,0.707106781186548,0.));
#6071=DIRECTION('',(0.,0.,-1.));
#6072=DIRECTION('',(-1.,0.,0.));
#6073=DIRECTION('',(0.,1.,0.));
#6074=DIRECTION('',(-1.,-6.12323399573677E-17,0.));
#6075=DIRECTION('',(0.,-1.,0.));
#6076=DIRECTION('',(0.,0.,-1.));
#6077=DIRECTION('',(-1.,0.,0.));
#6078=DIRECTION('',(0.,1.,0.));
#6079=DIRECTION('',(0.,0.,-1.));
#6080=DIRECTION('',(-1.,0.,0.));
#6081=DIRECTION('',(0.,0.,-1.));
#6082=DIRECTION('',(-1.,0.,0.));
#6083=DIRECTION('',(0.,0.,1.));
#6084=DIRECTION('',(0.,0.,1.));
#6085=DIRECTION('',(1.,0.,0.));
#6086=DIRECTION('',(0.,0.,1.));
#6087=DIRECTION('',(0.,0.,-1.));
#6088=DIRECTION('',(-1.,0.,0.));
#6089=DIRECTION('',(0.,0.,-1.));
#6090=DIRECTION('',(-1.,0.,0.));
#6091=DIRECTION('',(0.,0.,-1.));
#6092=DIRECTION('',(-1.,0.,0.));
#6093=DIRECTION('',(0.,0.,-1.));
#6094=DIRECTION('',(0.,0.,1.));
#6095=DIRECTION('',(1.,0.,0.));
#6096=DIRECTION('',(0.,0.,-1.));
#6097=DIRECTION('',(0.0523359562429436,0.998629534754574,0.));
#6098=DIRECTION('',(-0.998629534754574,0.0523359562429436,0.));
#6099=DIRECTION('',(-0.998629534754574,0.0523359562429436,0.));
#6100=DIRECTION('',(0.998629534754574,-0.0523359562429436,0.));
#6101=DIRECTION('',(0.,0.,1.));
#6102=DIRECTION('',(-0.0523359562429436,-0.998629534754574,0.));
#6103=DIRECTION('',(0.998629534754574,-0.0523359562429436,0.));
#6104=DIRECTION('',(0.998629534754574,-0.0523359562429436,0.));
#6105=DIRECTION('',(0.,0.,-1.));
#6106=DIRECTION('',(-0.998629534754574,0.0523359562429436,0.));
#6107=DIRECTION('',(-0.998629534754574,0.0523359562429439,0.));
#6108=DIRECTION('',(-0.0523359562429439,-0.998629534754574,0.));
#6109=DIRECTION('',(-0.0523359562429439,-0.998629534754574,0.));
#6110=DIRECTION('',(0.0523359562429439,0.998629534754574,0.));
#6111=DIRECTION('',(-6.12323399573677E-17,1.,0.));
#6112=DIRECTION('',(0.,0.,1.));
#6113=DIRECTION('',(0.,0.,-1.));
#6114=DIRECTION('',(0.,0.,1.));
#6115=DIRECTION('',(0.,0.,-1.));
#6116=DIRECTION('',(-1.,0.,0.));
#6117=DIRECTION('',(0.,0.,-1.));
#6118=DIRECTION('',(0.,0.,-1.));
#6119=DIRECTION('',(-1.,0.,0.));
#6120=DIRECTION('',(0.,0.,1.));
#6121=DIRECTION('',(-1.,0.,0.));
#6122=DIRECTION('',(0.,0.,1.));
#6123=DIRECTION('',(1.,0.,0.));
#6124=DIRECTION('',(0.,0.,-1.));
#6125=DIRECTION('',(0.,0.,1.));
#6126=DIRECTION('',(1.,0.,0.));
#6127=DIRECTION('',(-0.707106781186548,0.707106781186548,0.));
#6128=DIRECTION('',(-0.707106781186548,0.707106781186548,0.));
#6129=DIRECTION('',(-0.707106781186548,-0.707106781186548,0.));
#6130=DIRECTION('',(-0.707106781186548,0.707106781186548,0.));
#6131=DIRECTION('',(-0.707106781186548,0.707106781186548,0.));
#6132=DIRECTION('',(-0.707106781186548,-0.707106781186548,0.));
#6133=DIRECTION('',(-0.707106781186548,0.707106781186548,0.));
#6134=DIRECTION('',(-0.707106781186548,-0.707106781186548,0.));
#6135=DIRECTION('',(-0.707106781186548,0.707106781186548,0.));
#6136=DIRECTION('',(-0.707106781186548,0.707106781186548,0.));
#6137=DIRECTION('',(-0.707106781186548,-0.707106781186548,0.));
#6138=DIRECTION('',(-0.707106781186548,0.707106781186548,0.));
#6139=DIRECTION('',(0.,0.,-1.));
#6140=DIRECTION('',(-1.,0.,0.));
#6141=DIRECTION('',(0.,0.,1.));
#6142=DIRECTION('',(1.,0.,0.));
#6143=DIRECTION('',(0.,0.,1.));
#6144=DIRECTION('',(1.,0.,0.));
#6145=DIRECTION('',(0.,0.,-1.));
#6146=DIRECTION('',(-1.,0.,0.));
#6147=DIRECTION('',(0.,0.,-1.));
#6148=DIRECTION('',(-1.,0.,0.));
#6149=CARTESIAN_POINT('',(0.,0.,0.));
#6150=CARTESIAN_POINT('',(0.,-1.9,0.));
#6151=CARTESIAN_POINT('',(0.,-1.9,0.));
#6152=CARTESIAN_POINT('',(0.,-1.9,-0.75));
#6153=CARTESIAN_POINT('',(-2.,-1.9,0.));
#6154=CARTESIAN_POINT('',(-2.,-1.9,-0.915));
#6155=CARTESIAN_POINT('',(2.,-1.9,0.));
#6156=CARTESIAN_POINT('',(2.,-1.9,-0.765));
#6157=CARTESIAN_POINT('',(3.05,-1.9,0.5));
#6158=CARTESIAN_POINT('',(3.05,-1.9,0.5));
#6159=CARTESIAN_POINT('',(3.05,-1.9,-0.5));
#6160=CARTESIAN_POINT('',(3.05,-1.9,0.5));
#6161=CARTESIAN_POINT('',(3.15,-1.9,0.5));
#6162=CARTESIAN_POINT('',(3.15,-1.9,2.8));
#6163=CARTESIAN_POINT('',(3.15,-1.9,1.435));
#6164=CARTESIAN_POINT('',(0.,-1.9,1.435));
#6165=CARTESIAN_POINT('',(1.725,-1.9,1.435));
#6166=CARTESIAN_POINT('',(1.725,-1.9,1.975));
#6167=CARTESIAN_POINT('',(1.725,-1.9,2.515));
#6168=CARTESIAN_POINT('',(1.725,-1.9,2.515));
#6169=CARTESIAN_POINT('',(2.55,-1.9,2.515));
#6170=CARTESIAN_POINT('',(2.55,-1.9,3.435));
#6171=CARTESIAN_POINT('',(2.55,-1.9,2.8));
#6172=CARTESIAN_POINT('',(-3.15,-1.9,2.8));
#6173=CARTESIAN_POINT('',(-2.55,-1.9,2.8));
#6174=CARTESIAN_POINT('',(-2.55,-1.9,3.435));
#6175=CARTESIAN_POINT('',(-2.55,-1.9,2.515));
#6176=CARTESIAN_POINT('',(-4.,-1.9,2.515));
#6177=CARTESIAN_POINT('',(-1.725,-1.9,2.515));
#6178=CARTESIAN_POINT('',(-1.725,-1.9,1.975));
#6179=CARTESIAN_POINT('',(-1.725,-1.9,1.435));
#6180=CARTESIAN_POINT('',(0.,-1.9,1.435));
#6181=CARTESIAN_POINT('',(-3.15,-1.9,1.435));
#6182=CARTESIAN_POINT('',(-3.15,-1.9,-2.8));
#6183=CARTESIAN_POINT('',(-3.15,-1.9,-1.435));
#6184=CARTESIAN_POINT('',(0.,-1.9,-1.435));
#6185=CARTESIAN_POINT('',(-1.725,-1.9,-1.435));
#6186=CARTESIAN_POINT('',(-1.725,-1.9,-1.975));
#6187=CARTESIAN_POINT('',(-1.725,-1.9,-2.515));
#6188=CARTESIAN_POINT('',(-1.725,-1.9,-2.515));
#6189=CARTESIAN_POINT('',(-2.55,-1.9,-2.515));
#6190=CARTESIAN_POINT('',(-2.55,-1.9,-3.435));
#6191=CARTESIAN_POINT('',(-2.55,-1.9,-2.8));
#6192=CARTESIAN_POINT('',(-1.8,-1.9,-2.8));
#6193=CARTESIAN_POINT('',(2.55,-1.9,-2.8));
#6194=CARTESIAN_POINT('',(2.55,-1.9,-3.435));
#6195=CARTESIAN_POINT('',(2.55,-1.9,-2.515));
#6196=CARTESIAN_POINT('',(4.,-1.9,-2.515));
#6197=CARTESIAN_POINT('',(1.725,-1.9,-2.515));
#6198=CARTESIAN_POINT('',(1.725,-1.9,-1.975));
#6199=CARTESIAN_POINT('',(1.725,-1.9,-1.435));
#6200=CARTESIAN_POINT('',(0.,-1.9,-1.435));
#6201=CARTESIAN_POINT('',(3.15,-1.9,-1.435));
#6202=CARTESIAN_POINT('',(3.15,-1.9,2.8));
#6203=CARTESIAN_POINT('',(3.15,-1.9,-0.5));
#6204=CARTESIAN_POINT('',(3.05,-1.9,-0.5));
#6205=CARTESIAN_POINT('',(2.55,-1.7,3.435));
#6206=CARTESIAN_POINT('',(2.55,-1.7,2.515));
#6207=CARTESIAN_POINT('',(2.55,-1.7,2.515));
#6208=CARTESIAN_POINT('',(2.55,-1.7,3.435));
#6209=CARTESIAN_POINT('',(2.55,-1.7,2.8));
#6210=CARTESIAN_POINT('',(2.55,-1.9,2.8));
#6211=CARTESIAN_POINT('',(2.55,-1.7,-3.435));
#6212=CARTESIAN_POINT('',(2.55,-1.7,-2.515));
#6213=CARTESIAN_POINT('',(2.55,-1.7,-2.515));
#6214=CARTESIAN_POINT('',(2.55,-1.9,-2.8));
#6215=CARTESIAN_POINT('',(2.55,-1.7,-2.8));
#6216=CARTESIAN_POINT('',(2.55,-1.7,-3.435));
#6217=CARTESIAN_POINT('',(-2.55,-1.9,3.435));
#6218=CARTESIAN_POINT('',(-2.55,-1.7,3.435));
#6219=CARTESIAN_POINT('',(-2.55,-1.7,2.8));
#6220=CARTESIAN_POINT('',(-2.55,-1.7,2.515));
#6221=CARTESIAN_POINT('',(-2.55,-1.9,2.515));
#6222=CARTESIAN_POINT('',(-2.55,-1.9,2.8));
#6223=CARTESIAN_POINT('',(-2.55,-1.9,-3.435));
#6224=CARTESIAN_POINT('',(-2.55,-1.9,-2.515));
#6225=CARTESIAN_POINT('',(-2.55,-1.7,-2.515));
#6226=CARTESIAN_POINT('',(-2.55,-1.7,-3.435));
#6227=CARTESIAN_POINT('',(-2.55,-1.7,-2.8));
#6228=CARTESIAN_POINT('',(-2.55,-1.9,-2.8));
#6229=CARTESIAN_POINT('',(3.15,-1.9,-2.8));
#6230=CARTESIAN_POINT('',(3.15,-1.9,-2.8));
#6231=CARTESIAN_POINT('',(3.15,-1.1,-2.8));
#6232=CARTESIAN_POINT('',(3.15,0.,-2.8));
#6233=CARTESIAN_POINT('',(2.55,-1.1,-2.8));
#6234=CARTESIAN_POINT('',(-2.55,-1.1,-2.8));
#6235=CARTESIAN_POINT('',(-3.15,-1.1,-2.8));
#6236=CARTESIAN_POINT('',(-3.15,-1.9,-2.8));
#6237=CARTESIAN_POINT('',(-3.15,0.,-2.8));
#6238=CARTESIAN_POINT('',(-1.8,0.,-2.8));
#6239=CARTESIAN_POINT('',(-1.8,0.,-2.8));
#6240=CARTESIAN_POINT('',(-1.8,-1.9,-2.8));
#6241=CARTESIAN_POINT('',(-1.8,-1.05,-2.8));
#6242=CARTESIAN_POINT('',(-1.1,-1.05,-2.8));
#6243=CARTESIAN_POINT('',(-1.1,-1.05,-2.8));
#6244=CARTESIAN_POINT('',(-0.641583886263437,-0.256,-2.8));
#6245=CARTESIAN_POINT('',(-0.641583886263437,-0.256,-2.8));
#6246=CARTESIAN_POINT('',(0.641583886263437,-0.256,-2.8));
#6247=CARTESIAN_POINT('',(0.641583886263437,-0.256,-2.8));
#6248=CARTESIAN_POINT('',(1.1,-1.05,-2.8));
#6249=CARTESIAN_POINT('',(1.1,-1.05,-2.8));
#6250=CARTESIAN_POINT('',(4.,-1.05,-2.8));
#6251=CARTESIAN_POINT('',(1.8,-1.05,-2.8));
#6252=CARTESIAN_POINT('',(1.8,-1.9,-2.8));
#6253=CARTESIAN_POINT('',(1.8,0.,-2.8));
#6254=CARTESIAN_POINT('',(3.15,0.,-2.8));
#6255=CARTESIAN_POINT('',(-3.15,-1.9,-2.8));
#6256=CARTESIAN_POINT('',(-3.15,-1.9,-1.435));
#6257=CARTESIAN_POINT('',(-3.15,-1.1,-1.435));
#6258=CARTESIAN_POINT('',(-3.15,-1.9,1.435));
#6259=CARTESIAN_POINT('',(-3.15,-1.1,1.435));
#6260=CARTESIAN_POINT('',(-3.15,-1.1,3.435));
#6261=CARTESIAN_POINT('',(-3.15,-1.1,2.8));
#6262=CARTESIAN_POINT('',(-3.15,-1.9,2.8));
#6263=CARTESIAN_POINT('',(-3.15,0.,2.8));
#6264=CARTESIAN_POINT('',(-3.15,0.,-2.8));
#6265=CARTESIAN_POINT('',(-3.15,0.,2.49208111519042));
#6266=CARTESIAN_POINT('',(-3.15,-2.74770716050086,2.00758620770827));
#6267=CARTESIAN_POINT('',(-3.15,-0.664,2.375));
#6268=CARTESIAN_POINT('',(-3.15,-1.9,2.375));
#6269=CARTESIAN_POINT('',(-3.15,-0.964,2.375));
#6270=CARTESIAN_POINT('',(-3.15,-0.964,-2.8));
#6271=CARTESIAN_POINT('',(-3.15,-0.964,1.625));
#6272=CARTESIAN_POINT('',(-3.15,-1.9,1.625));
#6273=CARTESIAN_POINT('',(-3.15,-0.664,1.625));
#6274=CARTESIAN_POINT('',(-3.15,-1.10601047253765,1.70293837206408));
#6275=CARTESIAN_POINT('',(-3.15,2.16840434497101E-16,1.50791888480958));
#6276=CARTESIAN_POINT('',(-3.15,0.,-2.8));
#6277=CARTESIAN_POINT('',(-3.15,4.33680868994202E-16,-1.50791888480958));
#6278=CARTESIAN_POINT('',(-3.15,-2.06366687384952,-1.87179903386354));
#6279=CARTESIAN_POINT('',(-3.15,-0.664000000000017,-1.625));
#6280=CARTESIAN_POINT('',(-3.15,-1.9,-1.625));
#6281=CARTESIAN_POINT('',(-3.15,-0.963999999999983,-1.625));
#6282=CARTESIAN_POINT('',(-3.15,-0.963999999999983,-2.8));
#6283=CARTESIAN_POINT('',(-3.15,-0.963999999999983,-2.375));
#6284=CARTESIAN_POINT('',(-3.15,-1.9,-2.375));
#6285=CARTESIAN_POINT('',(-3.15,-0.664000000000017,-2.375));
#6286=CARTESIAN_POINT('',(-3.15,-1.79005075918899,-2.17644686950774));
#6287=CARTESIAN_POINT('',(-3.15,1.0842021724855E-16,-2.49208111519042));
#6288=CARTESIAN_POINT('',(-3.15,0.,-2.8));
#6289=CARTESIAN_POINT('',(-3.15,-1.1,-3.435));
#6290=CARTESIAN_POINT('',(1.8,-1.9,2.8));
#6291=CARTESIAN_POINT('',(2.55,-1.1,2.8));
#6292=CARTESIAN_POINT('',(3.15,-1.1,2.8));
#6293=CARTESIAN_POINT('',(3.15,-1.9,2.8));
#6294=CARTESIAN_POINT('',(3.15,0.,2.8));
#6295=CARTESIAN_POINT('',(1.8,0.,2.8));
#6296=CARTESIAN_POINT('',(1.8,0.,2.8));
#6297=CARTESIAN_POINT('',(1.8,-1.9,2.8));
#6298=CARTESIAN_POINT('',(1.8,-1.05,2.8));
#6299=CARTESIAN_POINT('',(4.,-1.05,2.8));
#6300=CARTESIAN_POINT('',(1.1,-1.05,2.8));
#6301=CARTESIAN_POINT('',(1.1,-1.05,2.8));
#6302=CARTESIAN_POINT('',(0.641583886263437,-0.256,2.8));
#6303=CARTESIAN_POINT('',(0.641583886263437,-0.256,2.8));
#6304=CARTESIAN_POINT('',(-0.641583886263437,-0.256,2.8));
#6305=CARTESIAN_POINT('',(-0.641583886263437,-0.256,2.8));
#6306=CARTESIAN_POINT('',(-1.1,-1.05,2.8));
#6307=CARTESIAN_POINT('',(-1.1,-1.05,2.8));
#6308=CARTESIAN_POINT('',(-1.8,-1.05,2.8));
#6309=CARTESIAN_POINT('',(-1.8,-1.9,2.8));
#6310=CARTESIAN_POINT('',(-1.8,0.,2.8));
#6311=CARTESIAN_POINT('',(-3.15,0.,2.8));
#6312=CARTESIAN_POINT('',(-2.55,-1.1,2.8));
#6313=CARTESIAN_POINT('',(-1.8,-1.9,2.8));
#6314=CARTESIAN_POINT('',(-1.8,-1.05,2.8));
#6315=CARTESIAN_POINT('',(-1.8,-1.05,3.15));
#6316=CARTESIAN_POINT('',(-1.8,-1.9,3.15));
#6317=CARTESIAN_POINT('',(-1.8,0.,3.15));
#6318=CARTESIAN_POINT('',(-1.8,0.,2.8));
#6319=CARTESIAN_POINT('',(-1.8,-1.9,3.15));
#6320=CARTESIAN_POINT('',(0.743060796608387,-0.431763164512564,3.15));
#6321=CARTESIAN_POINT('',(0.641583886263437,-0.256,3.15));
#6322=CARTESIAN_POINT('',(1.1,-1.05,3.15));
#6323=CARTESIAN_POINT('',(-1.8,-1.05,3.15));
#6324=CARTESIAN_POINT('',(1.8,-1.05,3.15));
#6325=CARTESIAN_POINT('',(1.8,-1.9,3.15));
#6326=CARTESIAN_POINT('',(1.8,0.,3.15));
#6327=CARTESIAN_POINT('',(-1.8,0.,3.15));
#6328=CARTESIAN_POINT('',(-1.8,-1.05,3.15));
#6329=CARTESIAN_POINT('',(-1.1,-1.05,3.15));
#6330=CARTESIAN_POINT('',(-1.64306079660839,-1.99060889132455,3.15));
#6331=CARTESIAN_POINT('',(-0.641583886263437,-0.256,3.15));
#6332=CARTESIAN_POINT('',(-1.8,-0.256,3.15));
#6333=CARTESIAN_POINT('',(1.8,-1.9,3.15));
#6334=CARTESIAN_POINT('',(1.8,-1.05,3.15));
#6335=CARTESIAN_POINT('',(1.8,0.,3.15));
#6336=CARTESIAN_POINT('',(3.15,-1.9,2.8));
#6337=CARTESIAN_POINT('',(3.15,-1.9,0.5));
#6338=CARTESIAN_POINT('',(3.15,-0.301642533340428,0.5));
#6339=CARTESIAN_POINT('',(3.15,-0.301642533340428,0.5));
#6340=CARTESIAN_POINT('',(3.15,-0.301642533340428,-0.5));
#6341=CARTESIAN_POINT('',(3.15,-1.9,-0.5));
#6342=CARTESIAN_POINT('',(3.15,-1.9,-1.435));
#6343=CARTESIAN_POINT('',(3.15,-1.1,-1.435));
#6344=CARTESIAN_POINT('',(3.15,-1.1,-3.435));
#6345=CARTESIAN_POINT('',(3.15,0.,2.8));
#6346=CARTESIAN_POINT('',(3.15,0.,-2.49208111519042));
#6347=CARTESIAN_POINT('',(3.15,-2.74770716050085,-2.00758620770828));
#6348=CARTESIAN_POINT('',(3.15,-0.664000000000017,-2.375));
#6349=CARTESIAN_POINT('',(3.15,-1.9,-2.375));
#6350=CARTESIAN_POINT('',(3.15,-0.963999999999983,-2.375));
#6351=CARTESIAN_POINT('',(3.15,-0.963999999999983,2.8));
#6352=CARTESIAN_POINT('',(3.15,-0.963999999999983,-1.625));
#6353=CARTESIAN_POINT('',(3.15,-1.9,-1.625));
#6354=CARTESIAN_POINT('',(3.15,-0.664000000000017,-1.625));
#6355=CARTESIAN_POINT('',(3.15,-1.10601047253766,-1.70293837206408));
#6356=CARTESIAN_POINT('',(3.15,0.,-1.50791888480958));
#6357=CARTESIAN_POINT('',(3.15,0.,2.8));
#6358=CARTESIAN_POINT('',(3.15,0.,1.50791888480958));
#6359=CARTESIAN_POINT('',(3.15,-2.06366687384952,1.87179903386354));
#6360=CARTESIAN_POINT('',(3.15,-0.664,1.625));
#6361=CARTESIAN_POINT('',(3.15,-1.9,1.625));
#6362=CARTESIAN_POINT('',(3.15,-0.964,1.625));
#6363=CARTESIAN_POINT('',(3.15,-0.964,2.8));
#6364=CARTESIAN_POINT('',(3.15,-0.964,2.375));
#6365=CARTESIAN_POINT('',(3.15,-1.9,2.375));
#6366=CARTESIAN_POINT('',(3.15,-0.664,2.375));
#6367=CARTESIAN_POINT('',(3.15,-1.79005075918899,2.17644686950773));
#6368=CARTESIAN_POINT('',(3.15,0.,2.49208111519042));
#6369=CARTESIAN_POINT('',(3.15,0.,2.8));
#6370=CARTESIAN_POINT('',(3.15,-1.1,3.435));
#6371=CARTESIAN_POINT('',(3.15,-1.1,1.435));
#6372=CARTESIAN_POINT('',(3.15,-1.9,1.435));
#6373=CARTESIAN_POINT('',(0.,0.,0.));
#6374=CARTESIAN_POINT('',(0.,0.,2.49208111519042));
#6375=CARTESIAN_POINT('',(-3.1,0.,2.49208111519042));
#6376=CARTESIAN_POINT('',(0.,0.,2.49208111519042));
#6377=CARTESIAN_POINT('',(3.1,0.,2.49208111519042));
#6378=CARTESIAN_POINT('',(3.1,0.,0.));
#6379=CARTESIAN_POINT('',(3.1,5.42101086242752E-17,1.50791888480958));
#6380=CARTESIAN_POINT('',(0.,0.,1.50791888480958));
#6381=CARTESIAN_POINT('',(0.,0.,-1.50791888480958));
#6382=CARTESIAN_POINT('',(3.1,0.,-1.50791888480958));
#6383=CARTESIAN_POINT('',(3.1,0.,0.));
#6384=CARTESIAN_POINT('',(3.1,5.42101086242752E-17,-2.49208111519042));
#6385=CARTESIAN_POINT('',(0.,0.,-2.49208111519042));
#6386=CARTESIAN_POINT('',(1.8,0.,-2.8));
#6387=CARTESIAN_POINT('',(1.8,0.,-3.15));
#6388=CARTESIAN_POINT('',(1.8,0.,-3.15));
#6389=CARTESIAN_POINT('',(-1.8,0.,-3.15));
#6390=CARTESIAN_POINT('',(-1.8,0.,-3.15));
#6391=CARTESIAN_POINT('',(0.,0.,-2.49208111519042));
#6392=CARTESIAN_POINT('',(-3.1,-5.42101086242752E-17,-2.49208111519042));
#6393=CARTESIAN_POINT('',(-3.1,0.,0.));
#6394=CARTESIAN_POINT('',(-3.1,0.,-1.50791888480958));
#6395=CARTESIAN_POINT('',(0.,0.,-1.50791888480958));
#6396=CARTESIAN_POINT('',(0.,0.,1.50791888480958));
#6397=CARTESIAN_POINT('',(-3.1,5.42101086242752E-17,1.50791888480958));
#6398=CARTESIAN_POINT('',(-3.1,0.,0.));
#6399=CARTESIAN_POINT('',(1.8,-1.9,-2.8));
#6400=CARTESIAN_POINT('',(1.8,-1.05,-2.8));
#6401=CARTESIAN_POINT('',(1.8,-1.05,-3.15));
#6402=CARTESIAN_POINT('',(1.8,-1.9,-3.15));
#6403=CARTESIAN_POINT('',(1.8,-1.9,-3.15));
#6404=CARTESIAN_POINT('',(1.8,-1.05,-3.15));
#6405=CARTESIAN_POINT('',(1.1,-1.05,-3.15));
#6406=CARTESIAN_POINT('',(1.64306079660839,-1.99060889132455,-3.15));
#6407=CARTESIAN_POINT('',(0.641583886263437,-0.256,-3.15));
#6408=CARTESIAN_POINT('',(1.8,-0.256,-3.15));
#6409=CARTESIAN_POINT('',(-0.641583886263437,-0.256,-3.15));
#6410=CARTESIAN_POINT('',(-0.743060796608387,-0.431763164512565,-3.15));
#6411=CARTESIAN_POINT('',(-1.1,-1.05,-3.15));
#6412=CARTESIAN_POINT('',(1.8,-1.05,-3.15));
#6413=CARTESIAN_POINT('',(-1.8,-1.05,-3.15));
#6414=CARTESIAN_POINT('',(-1.8,-1.9,-3.15));
#6415=CARTESIAN_POINT('',(-1.8,-1.9,-3.15));
#6416=CARTESIAN_POINT('',(-1.8,-1.05,-3.15));
#6417=CARTESIAN_POINT('',(3.1,0.,0.));
#6418=CARTESIAN_POINT('',(3.1,1.,-1.33159190410111));
#6419=CARTESIAN_POINT('',(3.1,-0.664000000000017,-1.625));
#6420=CARTESIAN_POINT('',(3.1,-0.664000000000017,-1.625));
#6421=CARTESIAN_POINT('',(3.1,-0.963999999999983,-1.625));
#6422=CARTESIAN_POINT('',(3.1,-0.963999999999983,-1.625));
#6423=CARTESIAN_POINT('',(3.1,-0.963999999999983,-2.375));
#6424=CARTESIAN_POINT('',(3.1,-0.963999999999983,-2.375));
#6425=CARTESIAN_POINT('',(3.1,-0.664000000000017,-2.375));
#6426=CARTESIAN_POINT('',(3.1,-0.664000000000017,-2.375));
#6427=CARTESIAN_POINT('',(5.1,-0.664000000000017,-2.375));
#6428=CARTESIAN_POINT('',(5.1,-0.664000000000017,-2.375));
#6429=CARTESIAN_POINT('',(5.1,1.,-1.33159190410111));
#6430=CARTESIAN_POINT('',(5.1,-0.664000000000017,-1.625));
#6431=CARTESIAN_POINT('',(5.1,-0.963999999999983,-2.375));
#6432=CARTESIAN_POINT('',(5.1,-0.963999999999983,-2.375));
#6433=CARTESIAN_POINT('',(5.1,-0.963999999999983,-1.625));
#6434=CARTESIAN_POINT('',(5.1,-0.963999999999983,-1.625));
#6435=CARTESIAN_POINT('',(5.1,-0.664000000000017,-1.625));
#6436=CARTESIAN_POINT('',(3.1,0.,0.));
#6437=CARTESIAN_POINT('',(3.1,2.,2.84473507660735));
#6438=CARTESIAN_POINT('',(3.1,-0.664,2.375));
#6439=CARTESIAN_POINT('',(3.1,-0.664,2.375));
#6440=CARTESIAN_POINT('',(3.1,-0.964,2.375));
#6441=CARTESIAN_POINT('',(3.1,-0.964,2.375));
#6442=CARTESIAN_POINT('',(3.1,-0.964,1.625));
#6443=CARTESIAN_POINT('',(3.1,-0.964,1.625));
#6444=CARTESIAN_POINT('',(3.1,-0.664,1.625));
#6445=CARTESIAN_POINT('',(3.1,-0.664,1.625));
#6446=CARTESIAN_POINT('',(5.1,2.,2.84473507660735));
#6447=CARTESIAN_POINT('',(5.1,-0.664,2.375));
#6448=CARTESIAN_POINT('',(5.1,-0.664,2.375));
#6449=CARTESIAN_POINT('',(5.1,-0.964,2.375));
#6450=CARTESIAN_POINT('',(5.1,-0.964,2.375));
#6451=CARTESIAN_POINT('',(5.1,-0.964,1.625));
#6452=CARTESIAN_POINT('',(5.1,-0.964,1.625));
#6453=CARTESIAN_POINT('',(5.1,-0.664,1.625));
#6454=CARTESIAN_POINT('',(5.1,-0.664,1.625));
#6455=CARTESIAN_POINT('',(-5.1,-0.664000000000017,-2.375));
#6456=CARTESIAN_POINT('',(-5.1,-0.664000000000017,-2.375));
#6457=CARTESIAN_POINT('',(-3.1,-0.664000000000017,-2.375));
#6458=CARTESIAN_POINT('',(-3.1,-0.664000000000017,-2.375));
#6459=CARTESIAN_POINT('',(-5.1,-0.963999999999983,-2.375));
#6460=CARTESIAN_POINT('',(-5.1,-0.963999999999983,-2.375));
#6461=CARTESIAN_POINT('',(-3.1,-0.963999999999983,-2.375));
#6462=CARTESIAN_POINT('',(-3.1,-0.963999999999983,-2.375));
#6463=CARTESIAN_POINT('',(-5.1,-0.963999999999983,-1.625));
#6464=CARTESIAN_POINT('',(-5.1,-0.963999999999983,-1.625));
#6465=CARTESIAN_POINT('',(-3.1,-0.963999999999983,-1.625));
#6466=CARTESIAN_POINT('',(-3.1,-0.963999999999983,-1.625));
#6467=CARTESIAN_POINT('',(-5.1,-0.664000000000017,-1.625));
#6468=CARTESIAN_POINT('',(-5.1,-0.664000000000017,-1.625));
#6469=CARTESIAN_POINT('',(-3.1,-0.664000000000017,-1.625));
#6470=CARTESIAN_POINT('',(-3.1,-0.664000000000017,-1.625));
#6471=CARTESIAN_POINT('',(-5.1,1.,-1.33159190410111));
#6472=CARTESIAN_POINT('',(-3.1,1.,-1.33159190410111));
#6473=CARTESIAN_POINT('',(-3.1,0.,0.));
#6474=CARTESIAN_POINT('',(-3.1,0.,0.));
#6475=CARTESIAN_POINT('',(-3.1,-0.664,1.625));
#6476=CARTESIAN_POINT('',(-3.1,-0.664,1.625));
#6477=CARTESIAN_POINT('',(-3.1,-0.964,1.625));
#6478=CARTESIAN_POINT('',(-3.1,-0.964,1.625));
#6479=CARTESIAN_POINT('',(-3.1,-0.964,2.375));
#6480=CARTESIAN_POINT('',(-3.1,-0.964,2.375));
#6481=CARTESIAN_POINT('',(-3.1,-0.664,2.375));
#6482=CARTESIAN_POINT('',(-3.1,-0.664,2.375));
#6483=CARTESIAN_POINT('',(-3.1,2.,2.84473507660735));
#6484=CARTESIAN_POINT('',(-5.1,2.,2.84473507660735));
#6485=CARTESIAN_POINT('',(-5.1,-0.664,2.375));
#6486=CARTESIAN_POINT('',(-5.1,-0.664,2.375));
#6487=CARTESIAN_POINT('',(-5.1,-0.964,2.375));
#6488=CARTESIAN_POINT('',(-5.1,-0.964,2.375));
#6489=CARTESIAN_POINT('',(-5.1,-0.964,1.625));
#6490=CARTESIAN_POINT('',(-5.1,-0.964,1.625));
#6491=CARTESIAN_POINT('',(-5.1,-0.664,1.625));
#6492=CARTESIAN_POINT('',(-5.1,-0.664,1.625));
#6493=CARTESIAN_POINT('',(4.,-1.05,4.8));
#6494=CARTESIAN_POINT('',(1.1,-1.05,4.8));
#6495=CARTESIAN_POINT('',(1.1,-1.05,4.8));
#6496=CARTESIAN_POINT('',(0.641583886263437,-0.256,4.8));
#6497=CARTESIAN_POINT('',(0.641583886263437,-0.256,4.8));
#6498=CARTESIAN_POINT('',(-0.641583886263437,-0.256,4.8));
#6499=CARTESIAN_POINT('',(-0.641583886263437,-0.256,4.8));
#6500=CARTESIAN_POINT('',(-1.1,-1.05,4.8));
#6501=CARTESIAN_POINT('',(-1.1,-1.05,4.8));
#6502=CARTESIAN_POINT('',(4.,-1.05,-4.8));
#6503=CARTESIAN_POINT('',(1.1,-1.05,-4.8));
#6504=CARTESIAN_POINT('',(1.1,-1.05,-4.8));
#6505=CARTESIAN_POINT('',(0.641583886263437,-0.256,-4.8));
#6506=CARTESIAN_POINT('',(0.641583886263437,-0.256,-4.8));
#6507=CARTESIAN_POINT('',(-0.641583886263437,-0.256,-4.8));
#6508=CARTESIAN_POINT('',(-0.641583886263437,-0.256,-4.8));
#6509=CARTESIAN_POINT('',(-1.1,-1.05,-4.8));
#6510=CARTESIAN_POINT('',(-1.1,-1.05,-4.8));
#6511=CARTESIAN_POINT('',(-2.55,-1.1,3.435));
#6512=CARTESIAN_POINT('',(-2.55,-1.1,1.435));
#6513=CARTESIAN_POINT('',(-2.55,-1.7,1.435));
#6514=CARTESIAN_POINT('',(-2.55,-1.7,3.435));
#6515=CARTESIAN_POINT('',(2.55,-1.1,1.435));
#6516=CARTESIAN_POINT('',(-1.725,-1.7,1.435));
#6517=CARTESIAN_POINT('',(-1.725,-1.7,1.435));
#6518=CARTESIAN_POINT('',(-1.725,-1.7,1.435));
#6519=CARTESIAN_POINT('',(2.55,-1.1,1.435));
#6520=CARTESIAN_POINT('',(2.55,-1.1,1.435));
#6521=CARTESIAN_POINT('',(2.55,-1.7,1.435));
#6522=CARTESIAN_POINT('',(3.725,-1.7,1.435));
#6523=CARTESIAN_POINT('',(1.725,-1.7,1.435));
#6524=CARTESIAN_POINT('',(1.725,-1.7,1.435));
#6525=CARTESIAN_POINT('',(2.55,-1.1,3.435));
#6526=CARTESIAN_POINT('',(2.55,-1.7,3.435));
#6527=CARTESIAN_POINT('',(-2.55,-1.1,-3.435));
#6528=CARTESIAN_POINT('',(-2.55,-1.7,-3.435));
#6529=CARTESIAN_POINT('',(-2.55,-1.7,-1.435));
#6530=CARTESIAN_POINT('',(-2.55,-1.1,-1.435));
#6531=CARTESIAN_POINT('',(2.55,-1.1,-1.435));
#6532=CARTESIAN_POINT('',(-3.725,-1.7,-1.435));
#6533=CARTESIAN_POINT('',(-1.725,-1.7,-1.435));
#6534=CARTESIAN_POINT('',(-1.725,-1.7,-1.435));
#6535=CARTESIAN_POINT('',(2.55,-1.1,-1.435));
#6536=CARTESIAN_POINT('',(1.725,-1.7,-1.435));
#6537=CARTESIAN_POINT('',(1.725,-1.7,-1.435));
#6538=CARTESIAN_POINT('',(1.725,-1.7,-1.435));
#6539=CARTESIAN_POINT('',(2.55,-1.7,-1.435));
#6540=CARTESIAN_POINT('',(2.55,-1.1,-1.435));
#6541=CARTESIAN_POINT('',(2.55,-1.1,-3.435));
#6542=CARTESIAN_POINT('',(2.55,-1.7,-3.435));
#6543=CARTESIAN_POINT('',(-1.725,-1.7,1.975));
#6544=CARTESIAN_POINT('',(-1.725,-1.7,-2.515));
#6545=CARTESIAN_POINT('',(-1.725,-1.7,-2.515));
#6546=CARTESIAN_POINT('',(-1.725,-1.7,-1.975));
#6547=CARTESIAN_POINT('',(-1.725,-1.7,-2.515));
#6548=CARTESIAN_POINT('',(-1.725,-1.7,-2.515));
#6549=CARTESIAN_POINT('',(-1.725,-1.7,-1.975));
#6550=CARTESIAN_POINT('',(-4.,-1.7,2.515));
#6551=CARTESIAN_POINT('',(-4.,-1.7,2.515));
#6552=CARTESIAN_POINT('',(-1.725,-1.7,2.515));
#6553=CARTESIAN_POINT('',(-1.725,-1.7,2.515));
#6554=CARTESIAN_POINT('',(-1.725,-1.7,1.975));
#6555=CARTESIAN_POINT('',(-1.725,-1.7,1.975));
#6556=CARTESIAN_POINT('',(-1.725,-1.7,1.975));
#6557=CARTESIAN_POINT('',(1.725,-1.7,-1.975));
#6558=CARTESIAN_POINT('',(1.725,-1.7,-1.975));
#6559=CARTESIAN_POINT('',(1.725,-1.7,-2.515));
#6560=CARTESIAN_POINT('',(4.,-1.7,-2.515));
#6561=CARTESIAN_POINT('',(4.,-1.7,-2.515));
#6562=CARTESIAN_POINT('',(1.725,-1.7,-2.515));
#6563=CARTESIAN_POINT('',(1.725,-1.7,-1.975));
#6564=CARTESIAN_POINT('',(1.725,-1.7,1.975));
#6565=CARTESIAN_POINT('',(1.725,-1.7,1.975));
#6566=CARTESIAN_POINT('',(1.725,-1.7,2.515));
#6567=CARTESIAN_POINT('',(1.725,-1.7,2.515));
#6568=CARTESIAN_POINT('',(1.725,-1.7,2.515));
#6569=CARTESIAN_POINT('',(1.725,-1.7,2.515));
#6570=CARTESIAN_POINT('',(1.725,-1.7,-1.975));
#6571=CARTESIAN_POINT('',(2.,-1.3,0.));
#6572=CARTESIAN_POINT('',(2.,-1.3,0.));
#6573=CARTESIAN_POINT('',(2.,-1.3,-0.355));
#6574=CARTESIAN_POINT('',(2.,-1.3,0.));
#6575=CARTESIAN_POINT('',(2.,-1.7,0.));
#6576=CARTESIAN_POINT('',(2.,-1.7,-0.5));
#6577=CARTESIAN_POINT('',(2.5,-1.7,0.));
#6578=CARTESIAN_POINT('',(2.,-1.7,0.));
#6579=CARTESIAN_POINT('',(2.,-1.7,-0.65));
#6580=CARTESIAN_POINT('',(2.,-1.7,0.));
#6581=CARTESIAN_POINT('',(-2.,-1.7,0.));
#6582=CARTESIAN_POINT('',(-2.,-1.7,0.));
#6583=CARTESIAN_POINT('',(-2.,-1.7,-0.8));
#6584=CARTESIAN_POINT('',(-2.,-1.7,0.));
#6585=CARTESIAN_POINT('',(0.,-1.7,0.));
#6586=CARTESIAN_POINT('',(0.,-1.7,0.));
#6587=CARTESIAN_POINT('',(0.,-1.7,-0.75));
#6588=CARTESIAN_POINT('',(0.,-1.9,0.));
#6589=CARTESIAN_POINT('',(3.15,-0.301642533340428,0.5));
#6590=CARTESIAN_POINT('',(3.15,-0.301642533340428,-0.5));
#6591=CARTESIAN_POINT('',(3.15,-0.301642533340428,0.5));
#6592=CARTESIAN_POINT('',(0.,0.,0.5));
#6593=CARTESIAN_POINT('',(0.,0.,-0.5));
#6594=CARTESIAN_POINT('',(0.,0.,0.));
#6595=CARTESIAN_POINT('',(-3.135,0.5,-1.965));
#6596=CARTESIAN_POINT('',(-3.135,0.,-1.965));
#6597=CARTESIAN_POINT('',(-3.135,0.,-1.965));
#6598=CARTESIAN_POINT('',(-3.135,0.,1.965));
#6599=CARTESIAN_POINT('',(-3.135,0.5,1.965));
#6600=CARTESIAN_POINT('',(-3.135,0.5,1.965));
#6601=CARTESIAN_POINT('',(-3.135,0.5,-1.965));
#6602=CARTESIAN_POINT('',(-3.135,0.5,-1.965));
#6603=CARTESIAN_POINT('',(-3.135,0.5,-1.965));
#6604=CARTESIAN_POINT('',(-2.985,0.5,1.965));
#6605=CARTESIAN_POINT('',(-2.985,0.,1.965));
#6606=CARTESIAN_POINT('',(-2.985,0.,2.115));
#6607=CARTESIAN_POINT('',(-2.985,0.5,2.115));
#6608=CARTESIAN_POINT('',(-2.985,0.5,2.115));
#6609=CARTESIAN_POINT('',(-2.985,0.5,1.965));
#6610=CARTESIAN_POINT('',(-2.985,0.5,2.115));
#6611=CARTESIAN_POINT('',(-2.985,0.,2.115));
#6612=CARTESIAN_POINT('',(-2.935,0.,2.115));
#6613=CARTESIAN_POINT('',(-2.935,0.5,2.115));
#6614=CARTESIAN_POINT('',(-2.935,0.5,2.115));
#6615=CARTESIAN_POINT('',(-2.985,0.5,2.115));
#6616=CARTESIAN_POINT('',(-2.935,0.5,2.265));
#6617=CARTESIAN_POINT('',(-2.935,0.,2.265));
#6618=CARTESIAN_POINT('',(-2.785,0.,2.265));
#6619=CARTESIAN_POINT('',(-2.785,0.5,2.265));
#6620=CARTESIAN_POINT('',(-2.785,0.5,2.265));
#6621=CARTESIAN_POINT('',(-2.935,0.5,2.265));
#6622=CARTESIAN_POINT('',(-2.785,0.5,2.265));
#6623=CARTESIAN_POINT('',(-2.785,0.,2.265));
#6624=CARTESIAN_POINT('',(-2.785,0.,2.635));
#6625=CARTESIAN_POINT('',(-2.785,0.5,2.635));
#6626=CARTESIAN_POINT('',(-2.785,0.5,2.635));
#6627=CARTESIAN_POINT('',(-2.785,0.5,2.265));
#6628=CARTESIAN_POINT('',(-2.635,0.5,2.635));
#6629=CARTESIAN_POINT('',(-2.635,0.,2.635));
#6630=CARTESIAN_POINT('',(-2.635,0.,2.785));
#6631=CARTESIAN_POINT('',(-2.635,0.5,2.785));
#6632=CARTESIAN_POINT('',(-2.635,0.5,2.785));
#6633=CARTESIAN_POINT('',(-2.635,0.5,2.635));
#6634=CARTESIAN_POINT('',(-2.635,0.5,2.785));
#6635=CARTESIAN_POINT('',(-2.635,0.,2.785));
#6636=CARTESIAN_POINT('',(-2.05,0.,2.785));
#6637=CARTESIAN_POINT('',(-2.05,0.5,2.785));
#6638=CARTESIAN_POINT('',(-2.05,0.5,2.785));
#6639=CARTESIAN_POINT('',(-2.635,0.5,2.785));
#6640=CARTESIAN_POINT('',(-2.05,0.5,2.785));
#6641=CARTESIAN_POINT('',(-2.05,0.,2.785));
#6642=CARTESIAN_POINT('',(-2.05,0.,2.95));
#6643=CARTESIAN_POINT('',(-2.05,0.5,2.95));
#6644=CARTESIAN_POINT('',(-2.05,0.5,2.95));
#6645=CARTESIAN_POINT('',(-2.05,0.5,2.785));
#6646=CARTESIAN_POINT('',(-1.9,0.5,2.95));
#6647=CARTESIAN_POINT('',(-1.9,0.,2.95));
#6648=CARTESIAN_POINT('',(-1.9,0.,3.1));
#6649=CARTESIAN_POINT('',(-1.9,0.5,3.1));
#6650=CARTESIAN_POINT('',(-1.9,0.5,3.1));
#6651=CARTESIAN_POINT('',(-1.9,0.5,2.95));
#6652=CARTESIAN_POINT('',(-1.9,0.5,3.1));
#6653=CARTESIAN_POINT('',(-1.9,0.,3.1));
#6654=CARTESIAN_POINT('',(1.9,0.,3.1));
#6655=CARTESIAN_POINT('',(1.9,0.5,3.1));
#6656=CARTESIAN_POINT('',(1.9,0.5,3.1));
#6657=CARTESIAN_POINT('',(-1.9,0.5,3.1));
#6658=CARTESIAN_POINT('',(1.9,0.5,2.95));
#6659=CARTESIAN_POINT('',(1.9,0.,2.95));
#6660=CARTESIAN_POINT('',(2.05,0.,2.95));
#6661=CARTESIAN_POINT('',(2.05,0.5,2.95));
#6662=CARTESIAN_POINT('',(2.05,0.5,2.95));
#6663=CARTESIAN_POINT('',(1.9,0.5,2.95));
#6664=CARTESIAN_POINT('',(2.05,0.5,2.95));
#6665=CARTESIAN_POINT('',(2.05,0.,2.95));
#6666=CARTESIAN_POINT('',(2.05,0.,2.785));
#6667=CARTESIAN_POINT('',(2.05,0.5,2.785));
#6668=CARTESIAN_POINT('',(2.05,0.5,2.785));
#6669=CARTESIAN_POINT('',(2.05,0.5,2.95));
#6670=CARTESIAN_POINT('',(2.05,0.5,2.785));
#6671=CARTESIAN_POINT('',(2.05,0.,2.785));
#6672=CARTESIAN_POINT('',(2.635,0.,2.785));
#6673=CARTESIAN_POINT('',(2.635,0.5,2.785));
#6674=CARTESIAN_POINT('',(2.635,0.5,2.785));
#6675=CARTESIAN_POINT('',(2.05,0.5,2.785));
#6676=CARTESIAN_POINT('',(2.635,0.5,2.635));
#6677=CARTESIAN_POINT('',(2.635,0.,2.635));
#6678=CARTESIAN_POINT('',(2.785,0.,2.635));
#6679=CARTESIAN_POINT('',(2.785,0.5,2.635));
#6680=CARTESIAN_POINT('',(2.785,0.5,2.635));
#6681=CARTESIAN_POINT('',(2.635,0.5,2.635));
#6682=CARTESIAN_POINT('',(2.785,0.5,2.635));
#6683=CARTESIAN_POINT('',(2.785,0.,2.635));
#6684=CARTESIAN_POINT('',(2.785,0.,2.265));
#6685=CARTESIAN_POINT('',(2.785,0.5,2.265));
#6686=CARTESIAN_POINT('',(2.785,0.5,2.265));
#6687=CARTESIAN_POINT('',(2.785,0.5,2.635));
#6688=CARTESIAN_POINT('',(2.935,0.5,2.265));
#6689=CARTESIAN_POINT('',(2.935,0.,2.265));
#6690=CARTESIAN_POINT('',(2.935,0.,2.115));
#6691=CARTESIAN_POINT('',(2.935,0.5,2.115));
#6692=CARTESIAN_POINT('',(2.935,0.5,2.115));
#6693=CARTESIAN_POINT('',(2.935,0.5,2.265));
#6694=CARTESIAN_POINT('',(2.935,0.5,2.115));
#6695=CARTESIAN_POINT('',(2.935,0.,2.115));
#6696=CARTESIAN_POINT('',(2.985,0.,2.115));
#6697=CARTESIAN_POINT('',(2.985,0.5,2.115));
#6698=CARTESIAN_POINT('',(2.985,0.5,2.115));
#6699=CARTESIAN_POINT('',(2.935,0.5,2.115));
#6700=CARTESIAN_POINT('',(2.985,0.5,1.965));
#6701=CARTESIAN_POINT('',(2.985,0.,1.965));
#6702=CARTESIAN_POINT('',(3.135,0.,1.965));
#6703=CARTESIAN_POINT('',(3.135,0.5,1.965));
#6704=CARTESIAN_POINT('',(3.135,0.5,1.965));
#6705=CARTESIAN_POINT('',(2.985,0.5,1.965));
#6706=CARTESIAN_POINT('',(3.135,0.5,1.965));
#6707=CARTESIAN_POINT('',(3.135,0.,1.965));
#6708=CARTESIAN_POINT('',(3.135,0.,-1.965));
#6709=CARTESIAN_POINT('',(3.135,0.5,-1.965));
#6710=CARTESIAN_POINT('',(3.135,0.5,-1.965));
#6711=CARTESIAN_POINT('',(3.135,0.5,1.965));
#6712=CARTESIAN_POINT('',(2.985,0.5,-1.965));
#6713=CARTESIAN_POINT('',(2.985,0.,-1.965));
#6714=CARTESIAN_POINT('',(2.985,0.,-2.115));
#6715=CARTESIAN_POINT('',(2.985,0.5,-2.115));
#6716=CARTESIAN_POINT('',(2.985,0.5,-2.115));
#6717=CARTESIAN_POINT('',(2.985,0.5,-1.965));
#6718=CARTESIAN_POINT('',(2.985,0.5,-2.115));
#6719=CARTESIAN_POINT('',(2.985,0.,-2.115));
#6720=CARTESIAN_POINT('',(2.935,0.,-2.115));
#6721=CARTESIAN_POINT('',(2.935,0.5,-2.115));
#6722=CARTESIAN_POINT('',(2.935,0.5,-2.115));
#6723=CARTESIAN_POINT('',(2.985,0.5,-2.115));
#6724=CARTESIAN_POINT('',(2.935,0.5,-2.265));
#6725=CARTESIAN_POINT('',(2.935,0.,-2.265));
#6726=CARTESIAN_POINT('',(2.785,0.,-2.265));
#6727=CARTESIAN_POINT('',(2.785,0.5,-2.265));
#6728=CARTESIAN_POINT('',(2.785,0.5,-2.265));
#6729=CARTESIAN_POINT('',(2.935,0.5,-2.265));
#6730=CARTESIAN_POINT('',(2.785,0.5,-2.265));
#6731=CARTESIAN_POINT('',(2.785,0.,-2.265));
#6732=CARTESIAN_POINT('',(2.785,0.,-2.635));
#6733=CARTESIAN_POINT('',(2.785,0.5,-2.635));
#6734=CARTESIAN_POINT('',(2.785,0.5,-2.635));
#6735=CARTESIAN_POINT('',(2.785,0.5,-2.265));
#6736=CARTESIAN_POINT('',(2.635,0.5,-2.635));
#6737=CARTESIAN_POINT('',(2.635,0.,-2.635));
#6738=CARTESIAN_POINT('',(2.635,0.,-2.785));
#6739=CARTESIAN_POINT('',(2.635,0.5,-2.785));
#6740=CARTESIAN_POINT('',(2.635,0.5,-2.785));
#6741=CARTESIAN_POINT('',(2.635,0.5,-2.635));
#6742=CARTESIAN_POINT('',(2.635,0.5,-2.785));
#6743=CARTESIAN_POINT('',(2.635,0.,-2.785));
#6744=CARTESIAN_POINT('',(2.05,0.,-2.785));
#6745=CARTESIAN_POINT('',(2.05,0.5,-2.785));
#6746=CARTESIAN_POINT('',(2.05,0.5,-2.785));
#6747=CARTESIAN_POINT('',(2.635,0.5,-2.785));
#6748=CARTESIAN_POINT('',(2.05,0.5,-2.785));
#6749=CARTESIAN_POINT('',(2.05,0.,-2.785));
#6750=CARTESIAN_POINT('',(2.05,0.,-2.95));
#6751=CARTESIAN_POINT('',(2.05,0.5,-2.95));
#6752=CARTESIAN_POINT('',(2.05,0.5,-2.95));
#6753=CARTESIAN_POINT('',(2.05,0.5,-2.785));
#6754=CARTESIAN_POINT('',(1.9,0.5,-2.95));
#6755=CARTESIAN_POINT('',(1.9,0.,-2.95));
#6756=CARTESIAN_POINT('',(1.9,0.,-3.1));
#6757=CARTESIAN_POINT('',(1.9,0.5,-3.1));
#6758=CARTESIAN_POINT('',(1.9,0.5,-3.1));
#6759=CARTESIAN_POINT('',(1.9,0.5,-2.95));
#6760=CARTESIAN_POINT('',(1.9,0.5,-3.1));
#6761=CARTESIAN_POINT('',(1.9,0.,-3.1));
#6762=CARTESIAN_POINT('',(-1.9,0.,-3.1));
#6763=CARTESIAN_POINT('',(-1.9,0.5,-3.1));
#6764=CARTESIAN_POINT('',(-1.9,0.5,-3.1));
#6765=CARTESIAN_POINT('',(1.9,0.5,-3.1));
#6766=CARTESIAN_POINT('',(-1.9,0.5,-2.95));
#6767=CARTESIAN_POINT('',(-1.9,0.,-2.95));
#6768=CARTESIAN_POINT('',(-2.05,0.,-2.95));
#6769=CARTESIAN_POINT('',(-2.05,0.5,-2.95));
#6770=CARTESIAN_POINT('',(-2.05,0.5,-2.95));
#6771=CARTESIAN_POINT('',(-1.9,0.5,-2.95));
#6772=CARTESIAN_POINT('',(-2.05,0.5,-2.95));
#6773=CARTESIAN_POINT('',(-2.05,0.,-2.95));
#6774=CARTESIAN_POINT('',(-2.05,0.,-2.785));
#6775=CARTESIAN_POINT('',(-2.05,0.5,-2.785));
#6776=CARTESIAN_POINT('',(-2.05,0.5,-2.785));
#6777=CARTESIAN_POINT('',(-2.05,0.5,-2.95));
#6778=CARTESIAN_POINT('',(-2.05,0.5,-2.785));
#6779=CARTESIAN_POINT('',(-2.05,0.,-2.785));
#6780=CARTESIAN_POINT('',(-2.635,0.,-2.785));
#6781=CARTESIAN_POINT('',(-2.635,0.5,-2.785));
#6782=CARTESIAN_POINT('',(-2.635,0.5,-2.785));
#6783=CARTESIAN_POINT('',(-2.05,0.5,-2.785));
#6784=CARTESIAN_POINT('',(-2.635,0.5,-2.635));
#6785=CARTESIAN_POINT('',(-2.635,0.,-2.635));
#6786=CARTESIAN_POINT('',(-2.785,0.,-2.635));
#6787=CARTESIAN_POINT('',(-2.785,0.5,-2.635));
#6788=CARTESIAN_POINT('',(-2.785,0.5,-2.635));
#6789=CARTESIAN_POINT('',(-2.635,0.5,-2.635));
#6790=CARTESIAN_POINT('',(-2.785,0.5,-2.635));
#6791=CARTESIAN_POINT('',(-2.785,0.,-2.635));
#6792=CARTESIAN_POINT('',(-2.785,0.,-2.265));
#6793=CARTESIAN_POINT('',(-2.785,0.5,-2.265));
#6794=CARTESIAN_POINT('',(-2.785,0.5,-2.265));
#6795=CARTESIAN_POINT('',(-2.785,0.5,-2.635));
#6796=CARTESIAN_POINT('',(-2.935,0.5,-2.265));
#6797=CARTESIAN_POINT('',(-2.935,0.,-2.265));
#6798=CARTESIAN_POINT('',(-2.935,0.,-2.115));
#6799=CARTESIAN_POINT('',(-2.935,0.5,-2.115));
#6800=CARTESIAN_POINT('',(-2.935,0.5,-2.115));
#6801=CARTESIAN_POINT('',(-2.935,0.5,-2.265));
#6802=CARTESIAN_POINT('',(-2.935,0.5,-2.115));
#6803=CARTESIAN_POINT('',(-2.935,0.,-2.115));
#6804=CARTESIAN_POINT('',(-2.985,0.,-2.115));
#6805=CARTESIAN_POINT('',(-2.985,0.5,-2.115));
#6806=CARTESIAN_POINT('',(-2.985,0.5,-2.115));
#6807=CARTESIAN_POINT('',(-2.935,0.5,-2.115));
#6808=CARTESIAN_POINT('',(-2.985,0.5,-1.965));
#6809=CARTESIAN_POINT('',(-2.985,0.,-1.965));
#6810=CARTESIAN_POINT('',(-2.985,0.5,-1.965));
#6811=CARTESIAN_POINT('',(-2.985,0.5,1.965));
#6812=CARTESIAN_POINT('',(0.,0.5,0.));
#6813=CARTESIAN_POINT('',(0.,0.5,1.41673094635678));
#6814=CARTESIAN_POINT('',(-2.985,0.,1.965));
#6815=CARTESIAN_POINT('',(0.,1.46,0.));
#6816=CARTESIAN_POINT('',(0.,1.46,0.));
#6817=CARTESIAN_POINT('',(0.,1.46,-1.275));
#6818=CARTESIAN_POINT('',(0.,1.38,0.));
#6819=CARTESIAN_POINT('',(0.,1.38558051789953,0.));
#6820=CARTESIAN_POINT('',(0.,1.38558051789953,-1.35480512402079));
#6821=CARTESIAN_POINT('',(0.,1.38558051789953,0.));
#6822=CARTESIAN_POINT('',(0.,0.,0.));
#6823=CARTESIAN_POINT('',(3.125,0.2,-2.8125));
#6824=CARTESIAN_POINT('',(3.125,0.,-2.8125));
#6825=CARTESIAN_POINT('',(3.125,0.,-2.8125));
#6826=CARTESIAN_POINT('',(2.705,0.,-2.8125));
#6827=CARTESIAN_POINT('',(2.705,-0.738999999999994,-2.8125));
#6828=CARTESIAN_POINT('',(2.705,0.2,-2.8125));
#6829=CARTESIAN_POINT('',(3.125,0.2,-2.8125));
#6830=CARTESIAN_POINT('',(3.125,0.2,-2.8125));
#6831=CARTESIAN_POINT('',(3.125,0.2,-2.8125));
#6832=CARTESIAN_POINT('',(-1.6,0.2,-2.8125));
#6833=CARTESIAN_POINT('',(-1.6,0.2,-2.8125));
#6834=CARTESIAN_POINT('',(-2.705,0.2,-2.8125));
#6835=CARTESIAN_POINT('',(-3.125,0.2,-2.8125));
#6836=CARTESIAN_POINT('',(-2.705,0.2,-2.8125));
#6837=CARTESIAN_POINT('',(-2.705,5.42101086242752E-17,-2.8125));
#6838=CARTESIAN_POINT('',(-1.6,0.,-2.8125));
#6839=CARTESIAN_POINT('',(-3.125,0.,-2.8125));
#6840=CARTESIAN_POINT('',(-3.125,0.2,-2.8125));
#6841=CARTESIAN_POINT('',(-3.025,0.2,2.8125));
#6842=CARTESIAN_POINT('',(-2.705,0.2,2.8125));
#6843=CARTESIAN_POINT('',(-2.705,0.2,2.8125));
#6844=CARTESIAN_POINT('',(-2.705,0.,2.8125));
#6845=CARTESIAN_POINT('',(-3.025,0.2,2.8125));
#6846=CARTESIAN_POINT('',(-3.025,0.2,2.8125));
#6847=CARTESIAN_POINT('',(-3.025,0.2,2.8125));
#6848=CARTESIAN_POINT('',(-3.025,0.,2.8125));
#6849=CARTESIAN_POINT('',(-3.025,0.,2.8125));
#6850=CARTESIAN_POINT('',(-3.025,0.2,2.8125));
#6851=CARTESIAN_POINT('',(-2.05,-0.739,2.8125));
#6852=CARTESIAN_POINT('',(-2.05,-2.16840434497101E-16,2.8125));
#6853=CARTESIAN_POINT('',(-2.05,0.2,2.8125));
#6854=CARTESIAN_POINT('',(-3.025,0.,2.8125));
#6855=CARTESIAN_POINT('',(-1.6,0.,2.8125));
#6856=CARTESIAN_POINT('',(-1.6,0.2,2.8125));
#6857=CARTESIAN_POINT('',(-1.6,0.2,2.8125));
#6858=CARTESIAN_POINT('',(-3.025,0.2,2.8125));
#6859=CARTESIAN_POINT('',(1.6,0.2,2.8125));
#6860=CARTESIAN_POINT('',(2.705,-0.738999999999994,2.8125));
#6861=CARTESIAN_POINT('',(2.705,-2.16840434497101E-16,2.8125));
#6862=CARTESIAN_POINT('',(2.705,0.2,2.8125));
#6863=CARTESIAN_POINT('',(1.6,0.,2.8125));
#6864=CARTESIAN_POINT('',(3.025,0.,2.8125));
#6865=CARTESIAN_POINT('',(3.025,0.2,2.8125));
#6866=CARTESIAN_POINT('',(3.025,0.2,2.8125));
#6867=CARTESIAN_POINT('',(1.6,0.2,2.8125));
#6868=CARTESIAN_POINT('',(1.6,0.2,2.8125));
#6869=CARTESIAN_POINT('',(2.05,0.200000000000006,2.8125));
#6870=CARTESIAN_POINT('',(2.05,0.2,2.8125));
#6871=CARTESIAN_POINT('',(2.05,0.,2.8125));
#6872=CARTESIAN_POINT('',(1.6,0.2,2.8125));
#6873=CARTESIAN_POINT('',(1.6,0.2,2.8125));
#6874=CARTESIAN_POINT('',(1.6,0.2,2.8125));
#6875=CARTESIAN_POINT('',(1.6,0.,2.8125));
#6876=CARTESIAN_POINT('',(1.6,0.,2.8125));
#6877=CARTESIAN_POINT('',(-3.125,0.2,-2.8125));
#6878=CARTESIAN_POINT('',(-3.125,0.,-2.8125));
#6879=CARTESIAN_POINT('',(-3.125,0.,1.2125));
#6880=CARTESIAN_POINT('',(-3.125,0.2,1.2125));
#6881=CARTESIAN_POINT('',(-3.125,0.2,1.2125));
#6882=CARTESIAN_POINT('',(-3.125,0.2,-2.8125));
#6883=CARTESIAN_POINT('',(-3.125,0.2,1.2125));
#6884=CARTESIAN_POINT('',(-3.125,0.,1.2125));
#6885=CARTESIAN_POINT('',(-3.025,0.,1.2125));
#6886=CARTESIAN_POINT('',(-3.025,0.2,1.2125));
#6887=CARTESIAN_POINT('',(-3.025,0.2,1.2125));
#6888=CARTESIAN_POINT('',(-3.125,0.2,1.2125));
#6889=CARTESIAN_POINT('',(-3.025,0.2,1.2125));
#6890=CARTESIAN_POINT('',(-3.025,0.,1.2125));
#6891=CARTESIAN_POINT('',(-3.025,0.,2.2125));
#6892=CARTESIAN_POINT('',(-3.025,0.2,2.2125));
#6893=CARTESIAN_POINT('',(-3.025,0.2,2.2125));
#6894=CARTESIAN_POINT('',(-3.025,0.2,1.2125));
#6895=CARTESIAN_POINT('',(-3.025,0.2,2.2125));
#6896=CARTESIAN_POINT('',(-3.025,0.,2.2125));
#6897=CARTESIAN_POINT('',(-3.05,0.,2.2125));
#6898=CARTESIAN_POINT('',(-3.05,0.2,2.2125));
#6899=CARTESIAN_POINT('',(-3.05,0.2,2.2125));
#6900=CARTESIAN_POINT('',(-3.025,0.2,2.2125));
#6901=CARTESIAN_POINT('',(-3.05,0.2,2.2125));
#6902=CARTESIAN_POINT('',(-3.05,0.,2.2125));
#6903=CARTESIAN_POINT('',(-3.05,0.,2.6625));
#6904=CARTESIAN_POINT('',(-3.05,0.2,2.6625));
#6905=CARTESIAN_POINT('',(-3.05,0.2,2.6625));
#6906=CARTESIAN_POINT('',(-3.05,0.2,2.2125));
#6907=CARTESIAN_POINT('',(-3.05,0.2,2.6625));
#6908=CARTESIAN_POINT('',(-3.05,0.,2.6625));
#6909=CARTESIAN_POINT('',(-3.025,0.,2.6625));
#6910=CARTESIAN_POINT('',(-3.025,0.2,2.6625));
#6911=CARTESIAN_POINT('',(-3.025,0.2,2.6625));
#6912=CARTESIAN_POINT('',(-3.05,0.2,2.6625));
#6913=CARTESIAN_POINT('',(-3.025,0.2,2.6625));
#6914=CARTESIAN_POINT('',(-3.025,0.,2.6625));
#6915=CARTESIAN_POINT('',(-3.025,0.2,2.6625));
#6916=CARTESIAN_POINT('',(-1.6,0.2,2.8125));
#6917=CARTESIAN_POINT('',(-1.6,0.,2.8125));
#6918=CARTESIAN_POINT('',(-1.2875,0.,3.125));
#6919=CARTESIAN_POINT('',(-1.2875,0.2,3.125));
#6920=CARTESIAN_POINT('',(-1.2875,0.2,3.125));
#6921=CARTESIAN_POINT('',(-1.6,0.2,2.8125));
#6922=CARTESIAN_POINT('',(-1.2875,0.2,3.125));
#6923=CARTESIAN_POINT('',(-1.2875,0.,3.125));
#6924=CARTESIAN_POINT('',(1.2875,0.,3.125));
#6925=CARTESIAN_POINT('',(1.2875,0.2,3.125));
#6926=CARTESIAN_POINT('',(1.2875,0.2,3.125));
#6927=CARTESIAN_POINT('',(-1.2875,0.2,3.125));
#6928=CARTESIAN_POINT('',(1.2875,0.2,3.125));
#6929=CARTESIAN_POINT('',(1.2875,0.,3.125));
#6930=CARTESIAN_POINT('',(1.2875,0.2,3.125));
#6931=CARTESIAN_POINT('',(3.025,0.2,2.8125));
#6932=CARTESIAN_POINT('',(3.025,0.,2.8125));
#6933=CARTESIAN_POINT('',(3.025,0.,2.6625));
#6934=CARTESIAN_POINT('',(3.025,0.2,2.6625));
#6935=CARTESIAN_POINT('',(3.025,0.2,2.6625));
#6936=CARTESIAN_POINT('',(3.025,0.2,2.8125));
#6937=CARTESIAN_POINT('',(3.025,0.2,2.6625));
#6938=CARTESIAN_POINT('',(3.025,0.,2.6625));
#6939=CARTESIAN_POINT('',(3.05,0.,2.6625));
#6940=CARTESIAN_POINT('',(3.05,0.2,2.6625));
#6941=CARTESIAN_POINT('',(3.05,0.2,2.6625));
#6942=CARTESIAN_POINT('',(3.025,0.2,2.6625));
#6943=CARTESIAN_POINT('',(3.05,0.2,2.6625));
#6944=CARTESIAN_POINT('',(3.05,0.,2.6625));
#6945=CARTESIAN_POINT('',(3.05,0.,2.2125));
#6946=CARTESIAN_POINT('',(3.05,0.2,2.2125));
#6947=CARTESIAN_POINT('',(3.05,0.2,2.2125));
#6948=CARTESIAN_POINT('',(3.05,0.2,2.6625));
#6949=CARTESIAN_POINT('',(3.05,0.2,2.2125));
#6950=CARTESIAN_POINT('',(3.05,0.,2.2125));
#6951=CARTESIAN_POINT('',(3.025,0.,2.2125));
#6952=CARTESIAN_POINT('',(3.025,0.2,2.2125));
#6953=CARTESIAN_POINT('',(3.025,0.2,2.2125));
#6954=CARTESIAN_POINT('',(3.05,0.2,2.2125));
#6955=CARTESIAN_POINT('',(3.025,0.2,2.2125));
#6956=CARTESIAN_POINT('',(3.025,0.,2.2125));
#6957=CARTESIAN_POINT('',(3.025,0.,1.2125));
#6958=CARTESIAN_POINT('',(3.025,0.2,1.2125));
#6959=CARTESIAN_POINT('',(3.025,0.2,1.2125));
#6960=CARTESIAN_POINT('',(3.025,0.2,2.2125));
#6961=CARTESIAN_POINT('',(3.025,0.2,1.2125));
#6962=CARTESIAN_POINT('',(3.025,0.,1.2125));
#6963=CARTESIAN_POINT('',(3.125,0.,1.2125));
#6964=CARTESIAN_POINT('',(3.125,0.2,1.2125));
#6965=CARTESIAN_POINT('',(3.125,0.2,1.2125));
#6966=CARTESIAN_POINT('',(3.025,0.2,1.2125));
#6967=CARTESIAN_POINT('',(3.125,0.2,1.2125));
#6968=CARTESIAN_POINT('',(3.125,0.,1.2125));
#6969=CARTESIAN_POINT('',(3.125,0.2,1.2125));
#6970=CARTESIAN_POINT('',(3.125,0.2,-2.8125));
#6971=CARTESIAN_POINT('',(3.125,0.2,-2.8125));
#6972=CARTESIAN_POINT('',(2.05,0.2,-2.8125));
#6973=CARTESIAN_POINT('',(1.6,0.2,-2.8125));
#6974=CARTESIAN_POINT('',(2.05,0.200000000000006,-2.8125));
#6975=CARTESIAN_POINT('',(2.05,5.42101086242752E-17,-2.8125));
#6976=CARTESIAN_POINT('',(3.125,0.,-2.8125));
#6977=CARTESIAN_POINT('',(1.6,0.,-2.8125));
#6978=CARTESIAN_POINT('',(1.6,0.2,-2.8125));
#6979=CARTESIAN_POINT('',(1.6,0.2,-2.8125));
#6980=CARTESIAN_POINT('',(1.6,0.,-2.8125));
#6981=CARTESIAN_POINT('',(1.2875,0.,-3.125));
#6982=CARTESIAN_POINT('',(1.2875,0.2,-3.125));
#6983=CARTESIAN_POINT('',(1.2875,0.2,-3.125));
#6984=CARTESIAN_POINT('',(1.6,0.2,-2.8125));
#6985=CARTESIAN_POINT('',(1.2875,0.2,-3.125));
#6986=CARTESIAN_POINT('',(1.2875,0.,-3.125));
#6987=CARTESIAN_POINT('',(-1.2875,0.,-3.125));
#6988=CARTESIAN_POINT('',(-1.2875,0.2,-3.125));
#6989=CARTESIAN_POINT('',(-1.2875,0.2,-3.125));
#6990=CARTESIAN_POINT('',(1.2875,0.2,-3.125));
#6991=CARTESIAN_POINT('',(-1.2875,0.2,-3.125));
#6992=CARTESIAN_POINT('',(-1.2875,0.,-3.125));
#6993=CARTESIAN_POINT('',(-1.6,0.,-2.8125));
#6994=CARTESIAN_POINT('',(-1.6,0.2,-2.8125));
#6995=CARTESIAN_POINT('',(-1.6,0.2,-2.8125));
#6996=CARTESIAN_POINT('',(-1.2875,0.2,-3.125));
#6997=CARTESIAN_POINT('',(-1.6,0.2,-2.8125));
#6998=CARTESIAN_POINT('',(-1.6,0.,-2.8125));
#6999=CARTESIAN_POINT('',(-2.05,0.,-2.8125));
#7000=CARTESIAN_POINT('',(-2.05,-0.739,-2.8125));
#7001=CARTESIAN_POINT('',(-2.05,0.2,-2.8125));
#7002=CARTESIAN_POINT('',(-1.6,0.2,-2.8125));
#7003=CARTESIAN_POINT('',(0.,0.2,0.));
#7004=CARTESIAN_POINT('',(0.,0.2,0.));
#7005=CARTESIAN_POINT('',(0.,0.2,-2.015));
#7006=CARTESIAN_POINT('',(-2.705,0.2,3.0125));
#7007=CARTESIAN_POINT('',(-2.705,0.2,3.0125));
#7008=CARTESIAN_POINT('',(-2.05,0.2,3.0125));
#7009=CARTESIAN_POINT('',(-2.05,0.2,3.0125));
#7010=CARTESIAN_POINT('',(-2.05,0.2,3.0125));
#7011=CARTESIAN_POINT('',(2.05,0.200000000000006,3.0125));
#7012=CARTESIAN_POINT('',(2.05,0.200000000000006,3.0125));
#7013=CARTESIAN_POINT('',(2.705,0.200000000000006,3.0125));
#7014=CARTESIAN_POINT('',(2.705,0.200000000000006,3.0125));
#7015=CARTESIAN_POINT('',(2.705,0.200000000000006,3.0125));
#7016=CARTESIAN_POINT('',(2.705,0.200000000000006,-3.0125));
#7017=CARTESIAN_POINT('',(2.705,0.200000000000006,-3.0125));
#7018=CARTESIAN_POINT('',(2.705,0.200000000000006,-3.0125));
#7019=CARTESIAN_POINT('',(2.05,0.200000000000006,-3.0125));
#7020=CARTESIAN_POINT('',(2.05,0.200000000000006,-3.0125));
#7021=CARTESIAN_POINT('',(-2.05,0.2,-3.0125));
#7022=CARTESIAN_POINT('',(-2.05,0.2,-3.0125));
#7023=CARTESIAN_POINT('',(-2.05,0.2,-3.0125));
#7024=CARTESIAN_POINT('',(-2.705,0.2,-3.0125));
#7025=CARTESIAN_POINT('',(-2.705,0.2,-3.0125));
#7026=CARTESIAN_POINT('',(0.,0.,0.));
#7027=CARTESIAN_POINT('',(0.,0.,0.));
#7028=CARTESIAN_POINT('',(0.,0.,1.41743021447622));
#7029=CARTESIAN_POINT('',(-1.6,0.,-2.8125));
#7030=CARTESIAN_POINT('',(3.125,0.,-2.8125));
#7031=CARTESIAN_POINT('',(1.6,0.,2.8125));
#7032=CARTESIAN_POINT('',(-3.025,0.,2.8125));
#7033=CARTESIAN_POINT('',(-1.8475,-1.509,2.8125));
#7034=CARTESIAN_POINT('',(-2.705,0.2,2.8125));
#7035=CARTESIAN_POINT('',(-2.705,-0.739,2.8125));
#7036=CARTESIAN_POINT('',(-2.05,-0.739,2.8125));
#7037=CARTESIAN_POINT('',(-2.05,-0.739,2.8125));
#7038=CARTESIAN_POINT('',(-1.8475,-0.739,2.8125));
#7039=CARTESIAN_POINT('',(-1.8475,-0.739,2.8125));
#7040=CARTESIAN_POINT('',(-1.8475,-0.923999999999999,2.8125));
#7041=CARTESIAN_POINT('',(-1.8475,-0.923999999999999,2.8125));
#7042=CARTESIAN_POINT('',(-2.03544869851486,-1.44062393162393,2.8125));
#7043=CARTESIAN_POINT('',(-2.03544869851486,-1.44062393162393,2.8125));
#7044=CARTESIAN_POINT('',(-1.8475,-1.509,2.8125));
#7045=CARTESIAN_POINT('',(-1.78032956500184,-1.69738294153707,2.8125));
#7046=CARTESIAN_POINT('',(-0.285474348742172,-1.16437249846746,2.8125));
#7047=CARTESIAN_POINT('',(-0.285474348742172,-1.16437249846746,2.8125));
#7048=CARTESIAN_POINT('',(-4.52654407012698E-15,-1.96500000000001,2.8125));
#7049=CARTESIAN_POINT('',(0.28547434874216,-1.16437249846746,2.8125));
#7050=CARTESIAN_POINT('',(1.78032956500185,-1.69738294153705,2.8125));
#7051=CARTESIAN_POINT('',(1.78032956500185,-1.69738294153705,2.8125));
#7052=CARTESIAN_POINT('',(1.84749999999999,-1.50899999999998,2.8125));
#7053=CARTESIAN_POINT('',(2.03544869851486,-1.44062393162392,2.8125));
#7054=CARTESIAN_POINT('',(1.8475,-0.923999999999985,2.8125));
#7055=CARTESIAN_POINT('',(1.8475,-0.923999999999985,2.8125));
#7056=CARTESIAN_POINT('',(1.8475,-0.738999999999994,2.8125));
#7057=CARTESIAN_POINT('',(1.8475,-0.738999999999994,2.8125));
#7058=CARTESIAN_POINT('',(2.05,-0.738999999999994,2.8125));
#7059=CARTESIAN_POINT('',(2.05,-0.738999999999994,2.8125));
#7060=CARTESIAN_POINT('',(2.05,0.200000000000006,2.8125));
#7061=CARTESIAN_POINT('',(2.705,-0.738999999999994,2.8125));
#7062=CARTESIAN_POINT('',(2.705,-0.738999999999994,2.8125));
#7063=CARTESIAN_POINT('',(2.37697325880908,-1.69136794731009,2.8125));
#7064=CARTESIAN_POINT('',(2.37697325880908,-1.69136794731009,2.8125));
#7065=CARTESIAN_POINT('',(1.84750000000001,-1.509,2.8125));
#7066=CARTESIAN_POINT('',(1.6560959491305,-2.03527415793552,2.8125));
#7067=CARTESIAN_POINT('',(0.170896473990622,-1.49511235898614,2.8125));
#7068=CARTESIAN_POINT('',(0.170896473990622,-1.49511235898614,2.8125));
#7069=CARTESIAN_POINT('',(-7.46744246299391E-15,-1.965,2.8125));
#7070=CARTESIAN_POINT('',(-0.170896473990625,-1.49511235898614,2.8125));
#7071=CARTESIAN_POINT('',(-1.6560959491305,-2.03527415793552,2.8125));
#7072=CARTESIAN_POINT('',(-1.6560959491305,-2.03527415793552,2.8125));
#7073=CARTESIAN_POINT('',(-1.8475,-1.509,2.8125));
#7074=CARTESIAN_POINT('',(-2.37697325880907,-1.6913679473101,2.8125));
#7075=CARTESIAN_POINT('',(-2.705,-0.739,2.8125));
#7076=CARTESIAN_POINT('',(-2.705,0.2,3.0125));
#7077=CARTESIAN_POINT('',(-2.705,-0.739,3.0125));
#7078=CARTESIAN_POINT('',(-2.705,-0.739,3.0125));
#7079=CARTESIAN_POINT('',(-2.705,0.2,3.0125));
#7080=CARTESIAN_POINT('',(-2.705,-0.739,3.0125));
#7081=CARTESIAN_POINT('',(-2.37697325880907,-1.6913679473101,3.0125));
#7082=CARTESIAN_POINT('',(-2.37697325880907,-1.6913679473101,3.0125));
#7083=CARTESIAN_POINT('',(-2.705,-0.739,3.0125));
#7084=CARTESIAN_POINT('',(-1.8475,-1.509,3.0125));
#7085=CARTESIAN_POINT('',(-1.6560959491305,-2.03527415793552,3.0125));
#7086=CARTESIAN_POINT('',(-1.6560959491305,-2.03527415793552,3.0125));
#7087=CARTESIAN_POINT('',(-1.8475,-1.509,3.0125));
#7088=CARTESIAN_POINT('',(-1.6560959491305,-2.03527415793552,3.0125));
#7089=CARTESIAN_POINT('',(-0.170896473990625,-1.49511235898614,3.0125));
#7090=CARTESIAN_POINT('',(-0.170896473990625,-1.49511235898614,3.0125));
#7091=CARTESIAN_POINT('',(-1.6560959491305,-2.03527415793552,3.0125));
#7092=CARTESIAN_POINT('',(-7.46744246299391E-15,-1.965,3.0125));
#7093=CARTESIAN_POINT('',(0.170896473990622,-1.49511235898614,3.0125));
#7094=CARTESIAN_POINT('',(0.170896473990622,-1.49511235898614,3.0125));
#7095=CARTESIAN_POINT('',(-7.46744246299391E-15,-1.965,3.0125));
#7096=CARTESIAN_POINT('',(0.170896473990622,-1.49511235898614,3.0125));
#7097=CARTESIAN_POINT('',(1.6560959491305,-2.03527415793552,3.0125));
#7098=CARTESIAN_POINT('',(1.6560959491305,-2.03527415793552,3.0125));
#7099=CARTESIAN_POINT('',(0.170896473990622,-1.49511235898614,3.0125));
#7100=CARTESIAN_POINT('',(1.84750000000001,-1.509,3.0125));
#7101=CARTESIAN_POINT('',(2.37697325880908,-1.69136794731009,3.0125));
#7102=CARTESIAN_POINT('',(2.37697325880908,-1.69136794731009,3.0125));
#7103=CARTESIAN_POINT('',(1.84750000000001,-1.509,3.0125));
#7104=CARTESIAN_POINT('',(2.37697325880908,-1.69136794731009,3.0125));
#7105=CARTESIAN_POINT('',(2.705,-0.738999999999994,3.0125));
#7106=CARTESIAN_POINT('',(2.705,-0.738999999999994,3.0125));
#7107=CARTESIAN_POINT('',(2.37697325880908,-1.69136794731009,3.0125));
#7108=CARTESIAN_POINT('',(2.705,-0.738999999999994,3.0125));
#7109=CARTESIAN_POINT('',(2.705,-0.738999999999994,3.0125));
#7110=CARTESIAN_POINT('',(2.05,0.200000000000006,3.0125));
#7111=CARTESIAN_POINT('',(2.05,-0.738999999999994,3.0125));
#7112=CARTESIAN_POINT('',(2.05,-0.738999999999994,3.0125));
#7113=CARTESIAN_POINT('',(2.05,0.200000000000006,3.0125));
#7114=CARTESIAN_POINT('',(2.05,-0.738999999999994,3.0125));
#7115=CARTESIAN_POINT('',(1.8475,-0.738999999999994,3.0125));
#7116=CARTESIAN_POINT('',(1.8475,-0.738999999999994,3.0125));
#7117=CARTESIAN_POINT('',(2.05,-0.738999999999994,3.0125));
#7118=CARTESIAN_POINT('',(1.8475,-0.738999999999994,3.0125));
#7119=CARTESIAN_POINT('',(1.8475,-0.923999999999985,3.0125));
#7120=CARTESIAN_POINT('',(1.8475,-0.923999999999985,3.0125));
#7121=CARTESIAN_POINT('',(1.8475,-0.738999999999994,3.0125));
#7122=CARTESIAN_POINT('',(1.8475,-0.923999999999985,3.0125));
#7123=CARTESIAN_POINT('',(2.03544869851486,-1.44062393162392,3.0125));
#7124=CARTESIAN_POINT('',(2.03544869851486,-1.44062393162392,3.0125));
#7125=CARTESIAN_POINT('',(1.8475,-0.923999999999985,3.0125));
#7126=CARTESIAN_POINT('',(1.84749999999999,-1.50899999999998,3.0125));
#7127=CARTESIAN_POINT('',(1.78032956500185,-1.69738294153705,3.0125));
#7128=CARTESIAN_POINT('',(1.78032956500185,-1.69738294153705,3.0125));
#7129=CARTESIAN_POINT('',(1.84749999999999,-1.50899999999998,3.0125));
#7130=CARTESIAN_POINT('',(1.78032956500185,-1.69738294153705,3.0125));
#7131=CARTESIAN_POINT('',(0.28547434874216,-1.16437249846746,3.0125));
#7132=CARTESIAN_POINT('',(0.28547434874216,-1.16437249846746,3.0125));
#7133=CARTESIAN_POINT('',(1.78032956500185,-1.69738294153705,3.0125));
#7134=CARTESIAN_POINT('',(-4.52654407012698E-15,-1.96500000000001,3.0125));
#7135=CARTESIAN_POINT('',(-0.285474348742172,-1.16437249846746,3.0125));
#7136=CARTESIAN_POINT('',(-0.285474348742172,-1.16437249846746,3.0125));
#7137=CARTESIAN_POINT('',(-4.52654407012698E-15,-1.96500000000001,3.0125));
#7138=CARTESIAN_POINT('',(-0.285474348742172,-1.16437249846746,3.0125));
#7139=CARTESIAN_POINT('',(-1.78032956500184,-1.69738294153707,3.0125));
#7140=CARTESIAN_POINT('',(-1.78032956500184,-1.69738294153707,3.0125));
#7141=CARTESIAN_POINT('',(-0.285474348742172,-1.16437249846746,3.0125));
#7142=CARTESIAN_POINT('',(-1.8475,-1.509,3.0125));
#7143=CARTESIAN_POINT('',(-2.03544869851486,-1.44062393162393,3.0125));
#7144=CARTESIAN_POINT('',(-2.03544869851486,-1.44062393162393,3.0125));
#7145=CARTESIAN_POINT('',(-1.8475,-1.509,3.0125));
#7146=CARTESIAN_POINT('',(-2.03544869851486,-1.44062393162393,3.0125));
#7147=CARTESIAN_POINT('',(-1.8475,-0.923999999999999,3.0125));
#7148=CARTESIAN_POINT('',(-1.8475,-0.923999999999999,3.0125));
#7149=CARTESIAN_POINT('',(-2.03544869851486,-1.44062393162393,3.0125));
#7150=CARTESIAN_POINT('',(-1.8475,-0.923999999999999,3.0125));
#7151=CARTESIAN_POINT('',(-1.8475,-0.739,3.0125));
#7152=CARTESIAN_POINT('',(-1.8475,-0.739,3.0125));
#7153=CARTESIAN_POINT('',(-1.8475,-0.923999999999999,3.0125));
#7154=CARTESIAN_POINT('',(-1.8475,-0.739,3.0125));
#7155=CARTESIAN_POINT('',(-2.05,-0.739,3.0125));
#7156=CARTESIAN_POINT('',(-2.05,-0.739,3.0125));
#7157=CARTESIAN_POINT('',(-1.8475,-0.739,3.0125));
#7158=CARTESIAN_POINT('',(-2.05,-0.739,3.0125));
#7159=CARTESIAN_POINT('',(-2.05,-0.739,3.0125));
#7160=CARTESIAN_POINT('',(-1.8475,-1.509,3.0125));
#7161=CARTESIAN_POINT('',(-1.8475,-1.509,-2.8125));
#7162=CARTESIAN_POINT('',(-2.705,0.2,-2.8125));
#7163=CARTESIAN_POINT('',(-2.705,-0.739,-2.8125));
#7164=CARTESIAN_POINT('',(-2.705,-0.739,-2.8125));
#7165=CARTESIAN_POINT('',(-2.37697325880907,-1.6913679473101,-2.8125));
#7166=CARTESIAN_POINT('',(-1.8475,-1.509,-2.8125));
#7167=CARTESIAN_POINT('',(-1.6560959491305,-2.03527415793552,-2.8125));
#7168=CARTESIAN_POINT('',(-1.6560959491305,-2.03527415793552,-2.8125));
#7169=CARTESIAN_POINT('',(-0.170896473990625,-1.49511235898614,-2.8125));
#7170=CARTESIAN_POINT('',(-7.46744246299391E-15,-1.965,-2.8125));
#7171=CARTESIAN_POINT('',(0.170896473990622,-1.49511235898614,-2.8125));
#7172=CARTESIAN_POINT('',(0.170896473990622,-1.49511235898614,-2.8125));
#7173=CARTESIAN_POINT('',(1.6560959491305,-2.03527415793552,-2.8125));
#7174=CARTESIAN_POINT('',(1.84750000000001,-1.509,-2.8125));
#7175=CARTESIAN_POINT('',(2.37697325880908,-1.69136794731009,-2.8125));
#7176=CARTESIAN_POINT('',(2.37697325880908,-1.69136794731009,-2.8125));
#7177=CARTESIAN_POINT('',(2.705,-0.738999999999994,-2.8125));
#7178=CARTESIAN_POINT('',(2.705,-0.738999999999994,-2.8125));
#7179=CARTESIAN_POINT('',(2.05,0.200000000000006,-2.8125));
#7180=CARTESIAN_POINT('',(2.05,-0.738999999999994,-2.8125));
#7181=CARTESIAN_POINT('',(2.05,-0.738999999999994,-2.8125));
#7182=CARTESIAN_POINT('',(1.8475,-0.738999999999994,-2.8125));
#7183=CARTESIAN_POINT('',(1.8475,-0.738999999999994,-2.8125));
#7184=CARTESIAN_POINT('',(1.8475,-0.923999999999985,-2.8125));
#7185=CARTESIAN_POINT('',(1.8475,-0.923999999999985,-2.8125));
#7186=CARTESIAN_POINT('',(2.03544869851486,-1.44062393162392,-2.8125));
#7187=CARTESIAN_POINT('',(1.84749999999999,-1.50899999999998,-2.8125));
#7188=CARTESIAN_POINT('',(1.78032956500185,-1.69738294153705,-2.8125));
#7189=CARTESIAN_POINT('',(1.78032956500185,-1.69738294153705,-2.8125));
#7190=CARTESIAN_POINT('',(0.28547434874216,-1.16437249846746,-2.8125));
#7191=CARTESIAN_POINT('',(-4.52654407012698E-15,-1.96500000000001,-2.8125));
#7192=CARTESIAN_POINT('',(-0.285474348742172,-1.16437249846746,-2.8125));
#7193=CARTESIAN_POINT('',(-0.285474348742172,-1.16437249846746,-2.8125));
#7194=CARTESIAN_POINT('',(-1.78032956500184,-1.69738294153707,-2.8125));
#7195=CARTESIAN_POINT('',(-1.8475,-1.509,-2.8125));
#7196=CARTESIAN_POINT('',(-2.03544869851486,-1.44062393162393,-2.8125));
#7197=CARTESIAN_POINT('',(-2.03544869851486,-1.44062393162393,-2.8125));
#7198=CARTESIAN_POINT('',(-1.8475,-0.923999999999999,-2.8125));
#7199=CARTESIAN_POINT('',(-1.8475,-0.923999999999999,-2.8125));
#7200=CARTESIAN_POINT('',(-1.8475,-0.739,-2.8125));
#7201=CARTESIAN_POINT('',(-1.8475,-0.739,-2.8125));
#7202=CARTESIAN_POINT('',(-2.05,-0.739,-2.8125));
#7203=CARTESIAN_POINT('',(-2.05,-0.739,-2.8125));
#7204=CARTESIAN_POINT('',(-2.705,0.2,-3.0125));
#7205=CARTESIAN_POINT('',(-2.705,0.2,-3.0125));
#7206=CARTESIAN_POINT('',(-2.705,-0.739,-3.0125));
#7207=CARTESIAN_POINT('',(-2.705,-0.739,-3.0125));
#7208=CARTESIAN_POINT('',(-2.705,-0.739,-3.0125));
#7209=CARTESIAN_POINT('',(-2.705,-0.739,-3.0125));
#7210=CARTESIAN_POINT('',(-2.37697325880907,-1.6913679473101,-3.0125));
#7211=CARTESIAN_POINT('',(-2.37697325880907,-1.6913679473101,-3.0125));
#7212=CARTESIAN_POINT('',(-1.8475,-1.509,-3.0125));
#7213=CARTESIAN_POINT('',(-1.8475,-1.509,-3.0125));
#7214=CARTESIAN_POINT('',(-1.6560959491305,-2.03527415793552,-3.0125));
#7215=CARTESIAN_POINT('',(-1.6560959491305,-2.03527415793552,-3.0125));
#7216=CARTESIAN_POINT('',(-1.6560959491305,-2.03527415793552,-3.0125));
#7217=CARTESIAN_POINT('',(-1.6560959491305,-2.03527415793552,-3.0125));
#7218=CARTESIAN_POINT('',(-0.170896473990625,-1.49511235898614,-3.0125));
#7219=CARTESIAN_POINT('',(-0.170896473990625,-1.49511235898614,-3.0125));
#7220=CARTESIAN_POINT('',(-7.46744246299391E-15,-1.965,-3.0125));
#7221=CARTESIAN_POINT('',(-7.46744246299391E-15,-1.965,-3.0125));
#7222=CARTESIAN_POINT('',(0.170896473990622,-1.49511235898614,-3.0125));
#7223=CARTESIAN_POINT('',(0.170896473990622,-1.49511235898614,-3.0125));
#7224=CARTESIAN_POINT('',(0.170896473990622,-1.49511235898614,-3.0125));
#7225=CARTESIAN_POINT('',(0.170896473990622,-1.49511235898614,-3.0125));
#7226=CARTESIAN_POINT('',(1.6560959491305,-2.03527415793552,-3.0125));
#7227=CARTESIAN_POINT('',(1.6560959491305,-2.03527415793552,-3.0125));
#7228=CARTESIAN_POINT('',(1.84750000000001,-1.509,-3.0125));
#7229=CARTESIAN_POINT('',(1.84750000000001,-1.509,-3.0125));
#7230=CARTESIAN_POINT('',(2.37697325880908,-1.69136794731009,-3.0125));
#7231=CARTESIAN_POINT('',(2.37697325880908,-1.69136794731009,-3.0125));
#7232=CARTESIAN_POINT('',(2.37697325880908,-1.69136794731009,-3.0125));
#7233=CARTESIAN_POINT('',(2.37697325880908,-1.69136794731009,-3.0125));
#7234=CARTESIAN_POINT('',(2.705,-0.738999999999994,-3.0125));
#7235=CARTESIAN_POINT('',(2.705,-0.738999999999994,-3.0125));
#7236=CARTESIAN_POINT('',(2.705,-0.738999999999994,-3.0125));
#7237=CARTESIAN_POINT('',(2.705,-0.738999999999994,-3.0125));
#7238=CARTESIAN_POINT('',(2.05,0.200000000000006,-3.0125));
#7239=CARTESIAN_POINT('',(2.05,0.200000000000006,-3.0125));
#7240=CARTESIAN_POINT('',(2.05,-0.738999999999994,-3.0125));
#7241=CARTESIAN_POINT('',(2.05,-0.738999999999994,-3.0125));
#7242=CARTESIAN_POINT('',(2.05,-0.738999999999994,-3.0125));
#7243=CARTESIAN_POINT('',(2.05,-0.738999999999994,-3.0125));
#7244=CARTESIAN_POINT('',(1.8475,-0.738999999999994,-3.0125));
#7245=CARTESIAN_POINT('',(1.8475,-0.738999999999994,-3.0125));
#7246=CARTESIAN_POINT('',(1.8475,-0.738999999999994,-3.0125));
#7247=CARTESIAN_POINT('',(1.8475,-0.738999999999994,-3.0125));
#7248=CARTESIAN_POINT('',(1.8475,-0.923999999999985,-3.0125));
#7249=CARTESIAN_POINT('',(1.8475,-0.923999999999985,-3.0125));
#7250=CARTESIAN_POINT('',(1.8475,-0.923999999999985,-3.0125));
#7251=CARTESIAN_POINT('',(1.8475,-0.923999999999985,-3.0125));
#7252=CARTESIAN_POINT('',(2.03544869851486,-1.44062393162392,-3.0125));
#7253=CARTESIAN_POINT('',(2.03544869851486,-1.44062393162392,-3.0125));
#7254=CARTESIAN_POINT('',(1.84749999999999,-1.50899999999998,-3.0125));
#7255=CARTESIAN_POINT('',(1.84749999999999,-1.50899999999998,-3.0125));
#7256=CARTESIAN_POINT('',(1.78032956500185,-1.69738294153705,-3.0125));
#7257=CARTESIAN_POINT('',(1.78032956500185,-1.69738294153705,-3.0125));
#7258=CARTESIAN_POINT('',(1.78032956500185,-1.69738294153705,-3.0125));
#7259=CARTESIAN_POINT('',(1.78032956500185,-1.69738294153705,-3.0125));
#7260=CARTESIAN_POINT('',(0.28547434874216,-1.16437249846746,-3.0125));
#7261=CARTESIAN_POINT('',(0.28547434874216,-1.16437249846746,-3.0125));
#7262=CARTESIAN_POINT('',(-4.52654407012698E-15,-1.96500000000001,-3.0125));
#7263=CARTESIAN_POINT('',(-4.52654407012698E-15,-1.96500000000001,-3.0125));
#7264=CARTESIAN_POINT('',(-0.285474348742172,-1.16437249846746,-3.0125));
#7265=CARTESIAN_POINT('',(-0.285474348742172,-1.16437249846746,-3.0125));
#7266=CARTESIAN_POINT('',(-0.285474348742172,-1.16437249846746,-3.0125));
#7267=CARTESIAN_POINT('',(-0.285474348742172,-1.16437249846746,-3.0125));
#7268=CARTESIAN_POINT('',(-1.78032956500184,-1.69738294153707,-3.0125));
#7269=CARTESIAN_POINT('',(-1.78032956500184,-1.69738294153707,-3.0125));
#7270=CARTESIAN_POINT('',(-1.8475,-1.509,-3.0125));
#7271=CARTESIAN_POINT('',(-1.8475,-1.509,-3.0125));
#7272=CARTESIAN_POINT('',(-2.03544869851486,-1.44062393162393,-3.0125));
#7273=CARTESIAN_POINT('',(-2.03544869851486,-1.44062393162393,-3.0125));
#7274=CARTESIAN_POINT('',(-2.03544869851486,-1.44062393162393,-3.0125));
#7275=CARTESIAN_POINT('',(-2.03544869851486,-1.44062393162393,-3.0125));
#7276=CARTESIAN_POINT('',(-1.8475,-0.923999999999999,-3.0125));
#7277=CARTESIAN_POINT('',(-1.8475,-0.923999999999999,-3.0125));
#7278=CARTESIAN_POINT('',(-1.8475,-0.923999999999999,-3.0125));
#7279=CARTESIAN_POINT('',(-1.8475,-0.923999999999999,-3.0125));
#7280=CARTESIAN_POINT('',(-1.8475,-0.739,-3.0125));
#7281=CARTESIAN_POINT('',(-1.8475,-0.739,-3.0125));
#7282=CARTESIAN_POINT('',(-1.8475,-0.739,-3.0125));
#7283=CARTESIAN_POINT('',(-1.8475,-0.739,-3.0125));
#7284=CARTESIAN_POINT('',(-2.05,-0.739,-3.0125));
#7285=CARTESIAN_POINT('',(-2.05,-0.739,-3.0125));
#7286=CARTESIAN_POINT('',(-2.05,-0.739,-3.0125));
#7287=CARTESIAN_POINT('',(-2.05,-0.739,-3.0125));
#7288=CARTESIAN_POINT('',(-1.8475,-1.509,-3.0125));
#7289=CARTESIAN_POINT('',(0.,0.605,0.));
#7290=CARTESIAN_POINT('',(0.,0.605,0.));
#7291=CARTESIAN_POINT('',(0.,0.605,-1.94358757281307));
#7292=CARTESIAN_POINT('',(0.,0.605,0.));
#7293=CARTESIAN_POINT('',(0.,0.605,-1.37512449325039));
#7294=CARTESIAN_POINT('',(0.,0.605,0.));
#7295=CARTESIAN_POINT('',(0.,0.89558051789953,0.));
#7296=CARTESIAN_POINT('',(0.,0.49,0.));
#7297=CARTESIAN_POINT('',(0.,0.,0.375));
#7298=CARTESIAN_POINT('',(3.15153390593274,-3.92153390593274,0.375));
#7299=CARTESIAN_POINT('',(0.0923049096188722,-0.862304909618872,0.375));
#7300=CARTESIAN_POINT('',(-0.0846686344027639,-0.685331365597236,0.375));
#7301=CARTESIAN_POINT('',(-0.35,-0.386,0.375));
#7302=CARTESIAN_POINT('',(0.3,-0.386,0.375));
#7303=CARTESIAN_POINT('',(0.3,-0.386,0.375));
#7304=CARTESIAN_POINT('',(0.3,1.83697019872103E-17,0.375));
#7305=CARTESIAN_POINT('',(0.,0.,0.375));
#7306=CARTESIAN_POINT('',(0.,0.3,0.375));
#7307=CARTESIAN_POINT('',(0.,0.,0.375));
#7308=CARTESIAN_POINT('',(0.,0.,0.375));
#7309=CARTESIAN_POINT('',(0.,0.,0.375));
#7310=CARTESIAN_POINT('',(0.05,3.06161699786838E-18,0.375));
#7311=CARTESIAN_POINT('',(0.05,-0.386,0.375));
#7312=CARTESIAN_POINT('',(0.05,-0.386,0.375));
#7313=CARTESIAN_POINT('',(-0.35,-0.386,0.375));
#7314=CARTESIAN_POINT('',(0.,0.3,-0.375));
#7315=CARTESIAN_POINT('',(3.15153390593274,-3.92153390593274,-0.375));
#7316=CARTESIAN_POINT('',(0.0923049096188722,-0.862304909618872,-0.375));
#7317=CARTESIAN_POINT('',(-0.0846686344027639,-0.685331365597236,-0.375));
#7318=CARTESIAN_POINT('',(-0.35,-0.386,-0.375));
#7319=CARTESIAN_POINT('',(0.0499999999999999,-0.386,-0.375));
#7320=CARTESIAN_POINT('',(0.05,-0.386,-0.375));
#7321=CARTESIAN_POINT('',(0.05,1.83697019872103E-17,-0.375));
#7322=CARTESIAN_POINT('',(0.3,1.83697019872103E-17,-0.375));
#7323=CARTESIAN_POINT('',(0.,0.,-0.375));
#7324=CARTESIAN_POINT('',(0.,0.3,-0.375));
#7325=CARTESIAN_POINT('',(0.,0.3,-0.375));
#7326=CARTESIAN_POINT('',(0.,0.,-0.375));
#7327=CARTESIAN_POINT('',(0.3,1.83697019872103E-17,-0.375));
#7328=CARTESIAN_POINT('',(0.3,-0.386,-0.375));
#7329=CARTESIAN_POINT('',(0.3,-0.386,-0.375));
#7330=CARTESIAN_POINT('',(-0.35,-0.386,-0.375));
#7331=CARTESIAN_POINT('',(-0.35,-0.386,-49.625));
#7332=CARTESIAN_POINT('',(0.0923049096188722,-0.862304909618872,-0.375));
#7333=CARTESIAN_POINT('',(0.0774708368363685,-0.876080084068775,-0.375));
#7334=CARTESIAN_POINT('',(0.0623273878526212,-0.888758720210909,-0.368878207665226));
#7335=CARTESIAN_POINT('',(0.0491152306876073,-0.899037067505453,-0.357500000004054));
#7336=CARTESIAN_POINT('',(0.0491152306880221,-0.899037067503751,-0.3575));
#7337=CARTESIAN_POINT('',(0.3,-0.386,-0.375));
#7338=CARTESIAN_POINT('',(0.0491152306880212,-0.89903706750375,0.3575));
#7339=CARTESIAN_POINT('',(0.0623267811162337,-0.888759192217743,0.368877685144406));
#7340=CARTESIAN_POINT('',(0.0774714821690711,-0.876079484803039,0.375000000006371));
#7341=CARTESIAN_POINT('',(0.092304909618185,-0.862304909620871,0.375000000006755));
#7342=CARTESIAN_POINT('',(0.0491152306880221,-0.899037067503751,0.3575));
#7343=CARTESIAN_POINT('',(0.0491152306880217,-0.89903706750375,0.3575));
#7344=CARTESIAN_POINT('',(0.0357665286688035,-0.909421639347084,0.346004200965177));
#7345=CARTESIAN_POINT('',(0.0195415424313162,-0.921123350621595,0.339999999997937));
#7346=CARTESIAN_POINT('',(0.00236221314483114,-0.932205886775616,0.339999999997842));
#7347=CARTESIAN_POINT('',(0.0023622131440546,-0.932205886775512,0.34));
#7348=CARTESIAN_POINT('',(-0.35,-0.386,0.34));
#7349=CARTESIAN_POINT('',(-0.384018371557914,-1.03510919759047,0.34));
#7350=CARTESIAN_POINT('',(-0.384018371557913,-1.03510919759047,-0.375));
#7351=CARTESIAN_POINT('',(-0.384018371557914,-1.03510919759047,-0.34));
#7352=CARTESIAN_POINT('',(-0.35,-0.386,-0.34));
#7353=CARTESIAN_POINT('',(0.00236221314405487,-0.932205886775512,-0.34));
#7354=CARTESIAN_POINT('',(0.00236221314405455,-0.932205886775513,-0.34));
#7355=CARTESIAN_POINT('',(0.0195399026558937,-0.921124408454535,-0.34));
#7356=CARTESIAN_POINT('',(0.0357671268953139,-0.909421173959051,-0.346004716153225));
#7357=CARTESIAN_POINT('',(0.0491152306880215,-0.89903706750375,-0.3575));
#7358=CARTESIAN_POINT('',(-0.35,-0.386,-49.625));
#7359=CARTESIAN_POINT('',(-0.129913172028053,-0.720008664787677,-0.3575));
#7360=CARTESIAN_POINT('',(-0.115808760335474,-0.710714908196651,-0.368833482347571));
#7361=CARTESIAN_POINT('',(-0.0998971582505478,-0.698830134830792,-0.375));
#7362=CARTESIAN_POINT('',(-0.0846686344027642,-0.685331365597236,-0.375));
#7363=CARTESIAN_POINT('',(-0.129913172028052,-0.720008664787677,-0.3575));
#7364=CARTESIAN_POINT('',(-0.129913172028052,-0.720008664787677,-0.3575));
#7365=CARTESIAN_POINT('',(-0.144422090794779,-0.729568961406633,-0.345841479367654));
#7366=CARTESIAN_POINT('',(-0.162247453057123,-0.739816579020088,-0.33999999999993));
#7367=CARTESIAN_POINT('',(-0.181203644837147,-0.748640028794436,-0.339999999999948));
#7368=CARTESIAN_POINT('',(-0.181203644837337,-0.74864002879412,-0.34));
#7369=CARTESIAN_POINT('',(-0.35,-0.386,-0.34));
#7370=CARTESIAN_POINT('',(-0.370934382497178,-0.78545181390183,-0.34));
#7371=CARTESIAN_POINT('',(-0.370934382497178,-0.78545181390183,0.375));
#7372=CARTESIAN_POINT('',(-0.370934382497178,-0.78545181390183,0.34));
#7373=CARTESIAN_POINT('',(-0.35,-0.386,0.34));
#7374=CARTESIAN_POINT('',(-0.181203644837338,-0.74864002879412,0.34));
#7375=CARTESIAN_POINT('',(-0.181203644837338,-0.74864002879412,0.34));
#7376=CARTESIAN_POINT('',(-0.162251682104214,-0.73981854749442,0.34));
#7377=CARTESIAN_POINT('',(-0.144420600712914,-0.729567979553687,0.345842676710505));
#7378=CARTESIAN_POINT('',(-0.129913172028052,-0.720008664787676,0.3575));
#7379=CARTESIAN_POINT('',(-0.129913172028052,-0.720008664787677,0.3575));
#7380=CARTESIAN_POINT('',(-0.0846686344027639,-0.685331365597236,0.375));
#7381=CARTESIAN_POINT('',(-0.0998987887584319,-0.698831580135005,0.375));
#7382=CARTESIAN_POINT('',(-0.11580714298435,-0.710713842484392,0.368834781959156));
#7383=CARTESIAN_POINT('',(-0.129913172028044,-0.720008664789273,0.357500000002766));
#7384=CARTESIAN_POINT('',(0.05,-0.386,0.375));
#7385=CARTESIAN_POINT('',(-1.41460405142463,-0.981098490747756,-0.375));
#7386=CARTESIAN_POINT('',(-1.41460405142463,-0.981098490747756,-0.34));
#7387=CARTESIAN_POINT('',(-1.41460405142463,-0.981098490747756,-0.34));
#7388=CARTESIAN_POINT('',(-1.41460405142463,-0.981098490747756,0.34));
#7389=CARTESIAN_POINT('',(-1.41460405142463,-0.981098490747756,0.34));
#7390=CARTESIAN_POINT('',(-1.41460405142463,-0.981098490747756,-0.375));
#7391=CARTESIAN_POINT('',(-1.4015200623639,-0.731441107059112,0.375));
#7392=CARTESIAN_POINT('',(-1.4015200623639,-0.731441107059112,-0.34));
#7393=CARTESIAN_POINT('',(-1.4015200623639,-0.731441107059112,-0.34));
#7394=CARTESIAN_POINT('',(-1.4015200623639,-0.731441107059112,0.375));
#7395=CARTESIAN_POINT('',(-1.4015200623639,-0.731441107059112,0.34));
#7396=CARTESIAN_POINT('',(-1.4015200623639,-0.731441107059112,0.34));
#7397=CARTESIAN_POINT('',(-1.35945301814551,0.071245913720634,0.));
#7398=CARTESIAN_POINT('',(-1.35945301814551,0.071245913720634,-0.34));
#7399=CARTESIAN_POINT('',(-1.35945301814551,0.071245913720634,0.34));
#7400=CARTESIAN_POINT('',(0.,0.,0.));
#7401=CARTESIAN_POINT('',(0.05,1.83697019872103E-17,0.375));
#7402=CARTESIAN_POINT('',(0.,0.,-0.375));
#7403=CARTESIAN_POINT('',(0.,0.,-0.375));
#7404=CARTESIAN_POINT('',(0.,0.3,0.375));
#7405=CARTESIAN_POINT('',(0.3,1.83697019872103E-17,0.375));
#7406=CARTESIAN_POINT('',(0.,0.,0.));
#7407=CARTESIAN_POINT('',(0.3,-0.386,-0.375));
#7408=CARTESIAN_POINT('',(0.05,-0.386,0.375));
#7409=CARTESIAN_POINT('',(1.73732034355964,-5.33574746830583,0.34));
#7410=CARTESIAN_POINT('',(3.07161206911701,-4.00145574274847,0.34));
#7411=CARTESIAN_POINT('',(3.15153390593274,-3.92153390593274,0.274999999999999));
#7412=CARTESIAN_POINT('',(3.11157298752487,-3.9614948243406,0.3575));
#7413=CARTESIAN_POINT('',(3.07161206911701,-4.00145574274847,0.44));
#7414=CARTESIAN_POINT('',(3.15153390593274,-3.92153390593274,-0.274999999999998));
#7415=CARTESIAN_POINT('',(3.11157298752487,-3.9614948243406,-0.3575));
#7416=CARTESIAN_POINT('',(3.07161206911701,-4.00145574274847,-0.440000000000001));
#7417=CARTESIAN_POINT('',(3.07161206911701,-4.00145574274847,-0.34));
#7418=CARTESIAN_POINT('',(3.07161206911701,-4.00145574274847,-0.34));
#7419=CARTESIAN_POINT('',(3.1,-0.964,2.));
#7420=CARTESIAN_POINT('',(3.1,-0.964,-2.));
#7421=CARTESIAN_POINT('',(-3.1,-0.964,2.));
#7422=CARTESIAN_POINT('',(-3.1,-0.964,-2.));
#7423=MECHANICAL_DESIGN_GEOMETRIC_PRESENTATION_REPRESENTATION('',(#4341,
#4342,#4343,#4344,#4345,#4346,#4347,#4348,#4349,#4350,#4351,#4352,#4353,
#4354,#4355,#4356,#4357,#4358,#4359,#4360,#4361,#4362,#4363,#4364,#4365,
#4366,#4367,#4368,#4369,#4370,#4371,#4372,#4373,#4374,#4375,#4376,#4377,
#4378,#4379,#4380,#4381,#4382,#4383,#4384),#7424);
#7424=(
GEOMETRIC_REPRESENTATION_CONTEXT(3)
GLOBAL_UNCERTAINTY_ASSIGNED_CONTEXT((#7429))
GLOBAL_UNIT_ASSIGNED_CONTEXT((#7436,#7435,#7434))
REPRESENTATION_CONTEXT('KSC321JLFS','TOP_LEVEL_ASSEMBLY_PART')
);
#7425=(
GEOMETRIC_REPRESENTATION_CONTEXT(3)
GLOBAL_UNCERTAINTY_ASSIGNED_CONTEXT((#7430))
GLOBAL_UNIT_ASSIGNED_CONTEXT((#7436,#7435,#7434))
REPRESENTATION_CONTEXT('KSC3_body','COMPONENT_PART')
);
#7426=(
GEOMETRIC_REPRESENTATION_CONTEXT(3)
GLOBAL_UNCERTAINTY_ASSIGNED_CONTEXT((#7431))
GLOBAL_UNIT_ASSIGNED_CONTEXT((#7436,#7435,#7434))
REPRESENTATION_CONTEXT('KSC3_button','COMPONENT_PART')
);
#7427=(
GEOMETRIC_REPRESENTATION_CONTEXT(3)
GLOBAL_UNCERTAINTY_ASSIGNED_CONTEXT((#7432))
GLOBAL_UNIT_ASSIGNED_CONTEXT((#7436,#7435,#7434))
REPRESENTATION_CONTEXT('KSC3_cover','COMPONENT_PART')
);
#7428=(
GEOMETRIC_REPRESENTATION_CONTEXT(3)
GLOBAL_UNCERTAINTY_ASSIGNED_CONTEXT((#7433))
GLOBAL_UNIT_ASSIGNED_CONTEXT((#7436,#7435,#7434))
REPRESENTATION_CONTEXT('KSC31J_pin','COMPONENT_PART')
);
#7429=UNCERTAINTY_MEASURE_WITH_UNIT(LENGTH_MEASURE(0.005),#7436,
'DISTANCE_ACCURACY_VALUE','Maximum Tolerance applied to model');
#7430=UNCERTAINTY_MEASURE_WITH_UNIT(LENGTH_MEASURE(0.005),#7436,
'DISTANCE_ACCURACY_VALUE','Maximum Tolerance applied to model');
#7431=UNCERTAINTY_MEASURE_WITH_UNIT(LENGTH_MEASURE(0.005),#7436,
'DISTANCE_ACCURACY_VALUE','Maximum Tolerance applied to model');
#7432=UNCERTAINTY_MEASURE_WITH_UNIT(LENGTH_MEASURE(0.005),#7436,
'DISTANCE_ACCURACY_VALUE','Maximum Tolerance applied to model');
#7433=UNCERTAINTY_MEASURE_WITH_UNIT(LENGTH_MEASURE(0.005),#7436,
'DISTANCE_ACCURACY_VALUE','Maximum Tolerance applied to model');
#7434=(
NAMED_UNIT(*)
SI_UNIT($,.STERADIAN.)
SOLID_ANGLE_UNIT()
);
#7435=(
NAMED_UNIT(*)
PLANE_ANGLE_UNIT()
SI_UNIT($,.RADIAN.)
);
#7436=(
LENGTH_UNIT()
NAMED_UNIT(*)
SI_UNIT(.MILLI.,.METRE.)
);
#7437=PRODUCT_DEFINITION_SHAPE('','',#7449);
#7438=PRODUCT_DEFINITION_SHAPE('','',#7450);
#7439=PRODUCT_DEFINITION_SHAPE(' ','NAUO PRDDFN',#37);
#7440=PRODUCT_DEFINITION_SHAPE('','',#7451);
#7441=PRODUCT_DEFINITION_SHAPE(' ','NAUO PRDDFN',#38);
#7442=PRODUCT_DEFINITION_SHAPE('','',#7452);
#7443=PRODUCT_DEFINITION_SHAPE(' ','NAUO PRDDFN',#39);
#7444=PRODUCT_DEFINITION_SHAPE('','',#7453);
#7445=PRODUCT_DEFINITION_SHAPE(' ','NAUO PRDDFN',#40);
#7446=PRODUCT_DEFINITION_SHAPE(' ','NAUO PRDDFN',#41);
#7447=PRODUCT_DEFINITION_SHAPE(' ','NAUO PRDDFN',#42);
#7448=PRODUCT_DEFINITION_SHAPE(' ','NAUO PRDDFN',#43);
#7449=PRODUCT_DEFINITION('','',#7459,#7454);
#7450=PRODUCT_DEFINITION('','',#7460,#7455);
#7451=PRODUCT_DEFINITION('','',#7461,#7456);
#7452=PRODUCT_DEFINITION('','',#7462,#7457);
#7453=PRODUCT_DEFINITION('','',#7463,#7458);
#7454=PRODUCT_DEFINITION_CONTEXT('',#7485,'design');
#7455=PRODUCT_DEFINITION_CONTEXT('',#7485,'design');
#7456=PRODUCT_DEFINITION_CONTEXT('',#7485,'design');
#7457=PRODUCT_DEFINITION_CONTEXT('',#7485,'design');
#7458=PRODUCT_DEFINITION_CONTEXT('',#7485,'design');
#7459=PRODUCT_DEFINITION_FORMATION_WITH_SPECIFIED_SOURCE('','',#7469,
 .NOT_KNOWN.);
#7460=PRODUCT_DEFINITION_FORMATION_WITH_SPECIFIED_SOURCE('','',#7470,
 .NOT_KNOWN.);
#7461=PRODUCT_DEFINITION_FORMATION_WITH_SPECIFIED_SOURCE('','',#7471,
 .NOT_KNOWN.);
#7462=PRODUCT_DEFINITION_FORMATION_WITH_SPECIFIED_SOURCE('','',#7472,
 .NOT_KNOWN.);
#7463=PRODUCT_DEFINITION_FORMATION_WITH_SPECIFIED_SOURCE('','',#7473,
 .NOT_KNOWN.);
#7464=PRODUCT_RELATED_PRODUCT_CATEGORY('','',(#7469));
#7465=PRODUCT_RELATED_PRODUCT_CATEGORY('','',(#7470));
#7466=PRODUCT_RELATED_PRODUCT_CATEGORY('','',(#7471));
#7467=PRODUCT_RELATED_PRODUCT_CATEGORY('','',(#7472));
#7468=PRODUCT_RELATED_PRODUCT_CATEGORY('','',(#7473));
#7469=PRODUCT('KSC321JLFS','KSC321JLFS','KSC321JLFS',(#7479));
#7470=PRODUCT('KSC3_body','KSC3_body','KSC3_body',(#7480));
#7471=PRODUCT('KSC3_button','KSC3_button','KSC3_button',(#7481));
#7472=PRODUCT('KSC3_cover','KSC3_cover','KSC3_cover',(#7482));
#7473=PRODUCT('KSC31J_pin','KSC31J_pin','KSC31J_pin',(#7483));
#7474=PRODUCT_CATEGORY('','');
#7475=PRODUCT_CATEGORY('','');
#7476=PRODUCT_CATEGORY('','');
#7477=PRODUCT_CATEGORY('','');
#7478=PRODUCT_CATEGORY('','');
#7479=PRODUCT_CONTEXT('',#7485,'mechanical');
#7480=PRODUCT_CONTEXT('',#7485,'mechanical');
#7481=PRODUCT_CONTEXT('',#7485,'mechanical');
#7482=PRODUCT_CONTEXT('',#7485,'mechanical');
#7483=PRODUCT_CONTEXT('',#7485,'mechanical');
#7484=APPLICATION_PROTOCOL_DEFINITION('international standard',
'automotive_design',2010,#7485);
#7485=APPLICATION_CONTEXT(
'core data for automotive mechanical design processes');
ENDSEC;
END-ISO-10303-21;
