ISO-10303-21;
HEADER;
FILE_DESCRIPTION (( 'STEP AP214' ),
    '1' );
FILE_NAME ('FA-20H 48.0000MF10Y-AG0.STEP',
    '2022-12-22T04:52:29',
    ( '' ),
    ( '' ),
    'SwSTEP 2.0',
    'SolidWorks 2021',
    '' );
FILE_SCHEMA (( 'AUTOMOTIVE_DESIGN' ));
ENDSEC;

DATA;
#1 = DIRECTION ( 'NONE',  ( 1.000000000000000000, 0.000000000000000000, -8.673617379884003918E-15 ) ) ;
#2 = CARTESIAN_POINT ( 'NONE',  ( -1.000000000000000000, 1.391537451385998825, 1.249999999999999556 ) ) ;
#3 = LINE ( 'NONE', #2398, #3194 ) ;
#4 = DIRECTION ( 'NONE',  ( 0.000000000000000000, 0.000000000000000000, 1.000000000000000000 ) ) ;
#5 = PLANE ( 'NONE',  #1799 ) ;
#6 = EDGE_CURVE ( 'NONE', #559, #3124, #1136, .T. ) ;
#7 = EDGE_LOOP ( 'NONE', ( #2723, #320, #2090, #2716, #2464, #787, #2654, #950 ) ) ;
#8 = CARTESIAN_POINT ( 'NONE',  ( 0.6666666666666666297, 0.4949999999999999956, -0.9166666666666662966 ) ) ;
#9 = ORIENTED_EDGE ( 'NONE', *, *, #1277, .F. ) ;
#10 = ORIENTED_EDGE ( 'NONE', *, *, #3650, .T. ) ;
#11 = CARTESIAN_POINT ( 'NONE',  ( -0.8000000000000000444, 0.4399999999999999467, -1.249999999999999556 ) ) ;
#12 = EDGE_CURVE ( 'NONE', #1400, #589, #833, .T. ) ;
#13 = EDGE_CURVE ( 'NONE', #1875, #1307, #2040, .T. ) ;
#14 = PLANE ( 'NONE',  #842 ) ;
#15 = LINE ( 'NONE', #1207, #29 ) ;
#16 = FACE_OUTER_BOUND ( 'NONE', #3503, .T. ) ;
#17 = ORIENTED_EDGE ( 'NONE', *, *, #306, .F. ) ;
#18 = VECTOR ( 'NONE', #453, 1000.000000000000000 ) ;
#19 = ORIENTED_EDGE ( 'NONE', *, *, #121, .T. ) ;
#20 = CARTESIAN_POINT ( 'NONE',  ( -1.000000000000000000, 1.391537451385998825, -1.249999999999999556 ) ) ;
#21 = LINE ( 'NONE', #2324, #3626 ) ;
#22 = EDGE_LOOP ( 'NONE', ( #3557, #605, #2860, #3386 ) ) ;
#23 = PRESENTATION_STYLE_ASSIGNMENT (( #2663 ) ) ;
#24 = CARTESIAN_POINT ( 'NONE',  ( 0.2500000000000000000, 0.2199999999999999178, 1.149999999999999911 ) ) ;
#25 = FACE_OUTER_BOUND ( 'NONE', #700, .T. ) ;
#26 = UNCERTAINTY_MEASURE_WITH_UNIT (LENGTH_MEASURE( 1.000000000000000082E-05 ), #359, 'distance_accuracy_value', 'NONE');
#27 = CARTESIAN_POINT ( 'NONE',  ( -0.8391666666666665053, 0.4674999999999999711, 0.9166666666666671848 ) ) ;
#28 = EDGE_LOOP ( 'NONE', ( #2511, #2258 ) ) ;
#29 = VECTOR ( 'NONE', #1857, 1000.000000000000000 ) ;
#30 = CARTESIAN_POINT ( 'NONE',  ( 0.9000000000000000222, 1.391537451385998825, 0.9671572875253802160 ) ) ;
#31 = VERTEX_POINT ( 'NONE', #2856 ) ;
#32 = VECTOR ( 'NONE', #2027, 1000.000000000000000 ) ;
#33 = DIRECTION ( 'NONE',  ( 0.000000000000000000, 0.000000000000000000, -1.000000000000000000 ) ) ;
#34 = CARTESIAN_POINT ( 'NONE',  ( -1.000000000000000000, 0.000000000000000000, -1.249999999999999556 ) ) ;
#35 = VECTOR ( 'NONE', #2729, 1000.000000000000000 ) ;
#36 = VECTOR ( 'NONE', #1667, 1000.000000000000000 ) ;
#37 = EDGE_CURVE ( 'NONE', #840, #3560, #1678, .T. ) ;
#38 = ORIENTED_EDGE ( 'NONE', *, *, #2724, .T. ) ;
#39 = ORIENTED_EDGE ( 'NONE', *, *, #2438, .F. ) ;
#40 =( GEOMETRIC_REPRESENTATION_CONTEXT ( 3 ) GLOBAL_UNCERTAINTY_ASSIGNED_CONTEXT ( ( #26 ) ) GLOBAL_UNIT_ASSIGNED_CONTEXT ( ( #359, #2718, #3572 ) ) REPRESENTATION_CONTEXT ( 'NONE', 'WORKASPACE' ) );
#41 = AXIS2_PLACEMENT_3D ( 'NONE', #3274, #879, #3288 ) ;
#42 = FACE_OUTER_BOUND ( 'NONE', #2873, .T. ) ;
#43 = CYLINDRICAL_SURFACE ( 'NONE', #2851, 0.04999999999999991257 ) ;
#44 = ADVANCED_FACE ( 'NONE', ( #2881 ), #1363, .F. ) ;
#45 = AXIS2_PLACEMENT_3D ( 'NONE', #2550, #820, #3512 ) ;
#46 = SURFACE_SIDE_STYLE ('',( #2142 ) ) ;
#47 = CARTESIAN_POINT ( 'NONE',  ( -0.6666666666666665186, 0.5500000000000000444, 0.9166666666666671848 ) ) ;
#48 = CARTESIAN_POINT ( 'NONE',  ( -1.000000000000000000, 0.2199999999999999178, -0.9499999999999992895 ) ) ;
#49 = AXIS2_PLACEMENT_3D ( 'NONE', #2532, #416, #1315 ) ;
#50 = AXIS2_PLACEMENT_3D ( 'NONE', #3683, #117, #2456 ) ;
#51 = DIRECTION ( 'NONE',  ( 0.000000000000000000, 0.000000000000000000, -1.000000000000000000 ) ) ;
#52 = FACE_OUTER_BOUND ( 'NONE', #185, .T. ) ;
#53 = ORIENTED_EDGE ( 'NONE', *, *, #2730, .F. ) ;
#54 = DIRECTION ( 'NONE',  ( 0.000000000000000000, -1.000000000000000000, 0.000000000000000000 ) ) ;
#55 = ORIENTED_EDGE ( 'NONE', *, *, #1634, .T. ) ;
#56 = DIRECTION ( 'NONE',  ( -0.000000000000000000, -0.000000000000000000, 1.000000000000000000 ) ) ;
#57 = DIRECTION ( 'NONE',  ( -1.000000000000000000, 0.000000000000000000, 1.626303258728256651E-16 ) ) ;
#58 = ORIENTED_EDGE ( 'NONE', *, *, #3328, .F. ) ;
#59 = CARTESIAN_POINT ( 'NONE',  ( -0.8000000000000000444, 0.4399999999999999467, -1.249999999999999556 ) ) ;
#60 = ADVANCED_FACE ( 'NONE', ( #1184 ), #2717, .F. ) ;
#61 = DIRECTION ( 'NONE',  ( 0.000000000000000000, 1.000000000000000000, 0.000000000000000000 ) ) ;
#62 = LINE ( 'NONE', #1251, #1689 ) ;
#63 = FACE_OUTER_BOUND ( 'NONE', #815, .T. ) ;
#64 = EDGE_CURVE ( 'NONE', #427, #1316, #2514, .T. ) ;
#65 = UNCERTAINTY_MEASURE_WITH_UNIT (LENGTH_MEASURE( 1.000000000000000082E-05 ), #336, 'distance_accuracy_value', 'NONE');
#66 = EDGE_CURVE ( 'NONE', #2955, #275, #3152, .T. ) ;
#67 = CARTESIAN_POINT ( 'NONE',  ( -0.7171572875253804380, 1.391537451385998825, 1.149999999999999911 ) ) ;
#68 = LINE ( 'NONE', #1258, #1917 ) ;
#69 = ORIENTED_EDGE ( 'NONE', *, *, #3720, .F. ) ;
#70 = DIRECTION ( 'NONE',  ( -0.000000000000000000, -1.000000000000000000, -0.000000000000000000 ) ) ;
#71 = FACE_OUTER_BOUND ( 'NONE', #125, .T. ) ;
#72 = ORIENTED_EDGE ( 'NONE', *, *, #3263, .T. ) ;
#73 = CARTESIAN_POINT ( 'NONE',  ( -0.8941666666666665542, 0.4400000000000000022, -0.9166666666666657415 ) ) ;
#74 = ORIENTED_EDGE ( 'NONE', *, *, #2385, .T. ) ;
#75 = ORIENTED_EDGE ( 'NONE', *, *, #1525, .T. ) ;
#76 = DIRECTION ( 'NONE',  ( 0.000000000000000000, 0.000000000000000000, -1.000000000000000000 ) ) ;
#77 = DIRECTION ( 'NONE',  ( 0.000000000000000000, 0.000000000000000000, 1.000000000000000000 ) ) ;
#78 = EDGE_CURVE ( 'NONE', #3080, #939, #3482, .T. ) ;
#79 = PLANE ( 'NONE',  #1604 ) ;
#80 = TOROIDAL_SURFACE ( 'NONE', #2834, 0.08333333333333339810, 0.04999999999999999584 ) ;
#81 = VERTEX_POINT ( 'NONE', #1399 ) ;
#82 = DIRECTION ( 'NONE',  ( 1.000000000000000000, 0.000000000000000000, 0.000000000000000000 ) ) ;
#83 = ORIENTED_EDGE ( 'NONE', *, *, #3865, .T. ) ;
#84 = CYLINDRICAL_SURFACE ( 'NONE', #1742, 0.2000000000000000944 ) ;
#85 = EDGE_CURVE ( 'NONE', #840, #1482, #1753, .T. ) ;
#86 = ORIENTED_EDGE ( 'NONE', *, *, #1171, .F. ) ;
#87 = LINE ( 'NONE', #3691, #3339 ) ;
#88 = EDGE_LOOP ( 'NONE', ( #3632, #850, #3893, #211 ) ) ;
#89 = DIRECTION ( 'NONE',  ( 0.000000000000000000, 0.000000000000000000, 1.000000000000000000 ) ) ;
#90 = DIRECTION ( 'NONE',  ( 0.000000000000000000, -1.000000000000000000, 0.000000000000000000 ) ) ;
#91 = ORIENTED_EDGE ( 'NONE', *, *, #802, .T. ) ;
#92 = VECTOR ( 'NONE', #2820, 1000.000000000000000 ) ;
#93 = LINE ( 'NONE', #3090, #3662 ) ;
#94 = DIRECTION ( 'NONE',  ( 0.000000000000000000, 0.000000000000000000, 1.000000000000000000 ) ) ;
#95 = ORIENTED_EDGE ( 'NONE', *, *, #1541, .T. ) ;
#96 = DIRECTION ( 'NONE',  ( 0.000000000000000000, 0.000000000000000000, -1.000000000000000000 ) ) ;
#97 = VECTOR ( 'NONE', #3506, 1000.000000000000000 ) ;
#98 = DIRECTION ( 'NONE',  ( 0.000000000000000000, 0.000000000000000000, 1.000000000000000000 ) ) ;
#99 = DIRECTION ( 'NONE',  ( 0.000000000000000000, 1.000000000000000000, 0.000000000000000000 ) ) ;
#100 = FACE_OUTER_BOUND ( 'NONE', #573, .T. ) ;
#101 = COLOUR_RGB ( '',0.7921568627450980005, 0.8196078431372548767, 0.9333333333333333481 ) ;
#102 = CIRCLE ( 'NONE', #2687, 0.02749999999999996197 ) ;
#103 = VECTOR ( 'NONE', #628, 1000.000000000000000 ) ;
#104 = EDGE_LOOP ( 'NONE', ( #2278, #3733, #438, #2559 ) ) ;
#105 = EDGE_CURVE ( 'NONE', #1482, #3885, #3161, .T. ) ;
#106 = TOROIDAL_SURFACE ( 'NONE', #613, 0.08333333333333362014, 0.04999999999999999584 ) ;
#107 = ADVANCED_FACE ( 'NONE', ( #2950 ), #487, .T. ) ;
#108 = EDGE_CURVE ( 'NONE', #2335, #298, #258, .T. ) ;
#109 = CARTESIAN_POINT ( 'NONE',  ( -0.7999999999999999334, 1.391537451385998825, 1.250000000000000444 ) ) ;
#110 = CARTESIAN_POINT ( 'NONE',  ( -1.000000000000000000, 1.391537451385998825, 1.249999999999999556 ) ) ;
#111 = CARTESIAN_POINT ( 'NONE',  ( -0.6666666666666665186, 0.4675000000000000266, 0.9166666666666671848 ) ) ;
#112 = CARTESIAN_POINT ( 'NONE',  ( 0.8666666666666665853, 0.4674999999999999711, 0.9166666666666669627 ) ) ;
#113 = EDGE_LOOP ( 'NONE', ( #2329, #3176, #1375, #3285 ) ) ;
#114 = VERTEX_POINT ( 'NONE', #1124 ) ;
#115 = LINE ( 'NONE', #2212, #1730 ) ;
#116 = LINE ( 'NONE', #1310, #2073 ) ;
#117 = DIRECTION ( 'NONE',  ( 0.000000000000000000, 1.000000000000000000, 0.000000000000000000 ) ) ;
#118 = ORIENTED_EDGE ( 'NONE', *, *, #2408, .T. ) ;
#119 = CARTESIAN_POINT ( 'NONE',  ( -0.8000000000000000444, 0.2199999999999999178, 1.250000000000000444 ) ) ;
#120 = ORIENTED_EDGE ( 'NONE', *, *, #3191, .F. ) ;
#121 = EDGE_CURVE ( 'NONE', #1414, #3254, #2261, .T. ) ;
#122 = ORIENTED_EDGE ( 'NONE', *, *, #37, .T. ) ;
#123 = VERTEX_POINT ( 'NONE', #1688 ) ;
#124 = DIRECTION ( 'NONE',  ( -0.000000000000000000, -1.000000000000000000, -0.000000000000000000 ) ) ;
#125 = EDGE_LOOP ( 'NONE', ( #2096, #222, #2378, #3726 ) ) ;
#126 = DIRECTION ( 'NONE',  ( 0.000000000000000000, -1.000000000000000000, 0.000000000000000000 ) ) ;
#127 = DIRECTION ( 'NONE',  ( 0.000000000000000000, 0.000000000000000000, -1.000000000000000000 ) ) ;
#128 = EDGE_CURVE ( 'NONE', #1969, #3653, #220, .T. ) ;
#129 = ADVANCED_FACE ( 'NONE', ( #2910 ), #756, .F. ) ;
#130 = CARTESIAN_POINT ( 'NONE',  ( 0.9000000000000000222, 0.000000000000000000, -0.9671572875253802160 ) ) ;
#131 = ORIENTED_EDGE ( 'NONE', *, *, #2415, .F. ) ;
#132 = CARTESIAN_POINT ( 'NONE',  ( 0.6666666666666666297, 0.4674999999999999711, -1.089166666666666394 ) ) ;
#133 = DIRECTION ( 'NONE',  ( 0.000000000000000000, -0.000000000000000000, 1.000000000000000000 ) ) ;
#134 = VERTEX_POINT ( 'NONE', #2864 ) ;
#135 =( GEOMETRIC_REPRESENTATION_CONTEXT ( 3 ) GLOBAL_UNCERTAINTY_ASSIGNED_CONTEXT ( ( #3042 ) ) GLOBAL_UNIT_ASSIGNED_CONTEXT ( ( #268, #868, #3400 ) ) REPRESENTATION_CONTEXT ( 'NONE', 'WORKASPACE' ) );
#136 = DIRECTION ( 'NONE',  ( 0.000000000000000000, 1.000000000000000000, 0.000000000000000000 ) ) ;
#137 = VECTOR ( 'NONE', #3132, 1000.000000000000000 ) ;
#138 = ORIENTED_EDGE ( 'NONE', *, *, #2731, .T. ) ;
#139 = PLANE ( 'NONE',  #1846 ) ;
#140 = CARTESIAN_POINT ( 'NONE',  ( -0.6500000000000001332, 0.5300000000000000266, -0.9000000000000000222 ) ) ;
#141 = ORIENTED_EDGE ( 'NONE', *, *, #3241, .T. ) ;
#142 = DIRECTION ( 'NONE',  ( -0.000000000000000000, -1.000000000000000000, -0.000000000000000000 ) ) ;
#143 = ORIENTED_EDGE ( 'NONE', *, *, #2497, .F. ) ;
#144 = DIRECTION ( 'NONE',  ( -0.000000000000000000, -1.000000000000000000, -0.000000000000000000 ) ) ;
#145 = EDGE_CURVE ( 'NONE', #1404, #196, #3526, .T. ) ;
#146 = AXIS2_PLACEMENT_3D ( 'NONE', #3673, #90, #988 ) ;
#147 = VERTEX_POINT ( 'NONE', #172 ) ;
#148 = CIRCLE ( 'NONE', #343, 0.1724999999999999034 ) ;
#149 = EDGE_CURVE ( 'NONE', #3141, #753, #1373, .T. ) ;
#150 = CARTESIAN_POINT ( 'NONE',  ( 0.9000000000000000222, 1.391537451385998825, -0.3499999999999999778 ) ) ;
#151 = EDGE_CURVE ( 'NONE', #1307, #3302, #823, .T. ) ;
#152 = AXIS2_PLACEMENT_3D ( 'NONE', #2707, #2355, #1158 ) ;
#153 = VECTOR ( 'NONE', #1509, 1000.000000000000000 ) ;
#154 = CARTESIAN_POINT ( 'NONE',  ( -0.6666666666666665186, 0.5000000000000000000, 1.000000000000000666 ) ) ;
#155 = LINE ( 'NONE', #2558, #1486 ) ;
#156 = VECTOR ( 'NONE', #1780, 1000.000000000000000 ) ;
#157 = ORIENTED_EDGE ( 'NONE', *, *, #3151, .F. ) ;
#158 = CIRCLE ( 'NONE', #1802, 0.1333333333333336090 ) ;
#159 = EDGE_LOOP ( 'NONE', ( #2297, #816, #2965, #2005 ) ) ;
#160 = CARTESIAN_POINT ( 'NONE',  ( 1.000000000000000000, 1.391537451385998825, -1.249999999999999556 ) ) ;
#161 = DIRECTION ( 'NONE',  ( 0.000000000000000000, 0.000000000000000000, -1.000000000000000000 ) ) ;
#162 = CARTESIAN_POINT ( 'NONE',  ( 0.2500000000000000000, 0.2199999999999999178, -0.3499999999999999778 ) ) ;
#163 = DIRECTION ( 'NONE',  ( 0.000000000000000000, 0.000000000000000000, -1.000000000000000000 ) ) ;
#164 = DIRECTION ( 'NONE',  ( 0.000000000000000000, -1.000000000000000000, 0.000000000000000000 ) ) ;
#165 = CARTESIAN_POINT ( 'NONE',  ( -0.6999999999999996225, 0.000000000000000000, -1.249999999999999556 ) ) ;
#166 = LINE ( 'NONE', #3155, #3044 ) ;
#167 = VERTEX_POINT ( 'NONE', #1823 ) ;
#168 = DIRECTION ( 'NONE',  ( 0.000000000000000000, -1.000000000000000000, 0.000000000000000000 ) ) ;
#169 = ORIENTED_EDGE ( 'NONE', *, *, #3384, .T. ) ;
#170 = CARTESIAN_POINT ( 'NONE',  ( -0.5499999999999997113, 1.391537451385998825, 0.3499999999999999778 ) ) ;
#171 = LINE ( 'NONE', #2280, #1376 ) ;
#172 = CARTESIAN_POINT ( 'NONE',  ( -1.000000000000000000, 0.000000000000000000, -0.9499999999999992895 ) ) ;
#173 = EDGE_CURVE ( 'NONE', #3857, #147, #1522, .T. ) ;
#174 = ORIENTED_EDGE ( 'NONE', *, *, #992, .T. ) ;
#175 = DIRECTION ( 'NONE',  ( 1.000000000000000000, 0.000000000000000000, -2.168404344971007685E-15 ) ) ;
#176 = DIRECTION ( 'NONE',  ( 0.000000000000000000, 1.000000000000000000, 0.000000000000000000 ) ) ;
#177 = CARTESIAN_POINT ( 'NONE',  ( 0.6666666666666667407, 0.4675000000000000266, 1.144166666666666998 ) ) ;
#178 = ADVANCED_FACE ( 'NONE', ( #2632 ), #3181, .T. ) ;
#179 = EDGE_CURVE ( 'NONE', #3272, #1396, #1831, .T. ) ;
#180 = CARTESIAN_POINT ( 'NONE',  ( 0.6666666666666666297, 0.4949999999999999956, -1.089166666666666394 ) ) ;
#181 = CARTESIAN_POINT ( 'NONE',  ( 0.8941666666666665542, 0.4400000000000000022, 0.9166666666666669627 ) ) ;
#182 = ORIENTED_EDGE ( 'NONE', *, *, #1550, .F. ) ;
#183 = CARTESIAN_POINT ( 'NONE',  ( 0.9000000000000000222, 1.391537451385998825, 0.9671572875253802160 ) ) ;
#184 = VECTOR ( 'NONE', #3755, 1000.000000000000000 ) ;
#185 = EDGE_LOOP ( 'NONE', ( #3614, #1163, #1894, #191 ) ) ;
#186 = CARTESIAN_POINT ( 'NONE',  ( 0.9000000000000000222, 1.391537451385998825, -0.9671572875253802160 ) ) ;
#187 = DIRECTION ( 'NONE',  ( 0.000000000000000000, 1.000000000000000000, 0.000000000000000000 ) ) ;
#188 = CARTESIAN_POINT ( 'NONE',  ( 0.6666666666666667407, 0.5000000000000000000, 1.050000000000000488 ) ) ;
#189 = ORIENTED_EDGE ( 'NONE', *, *, #264, .T. ) ;
#190 = CARTESIAN_POINT ( 'NONE',  ( -0.6666666666666666297, 0.5000000000000000000, -0.9166666666666659635 ) ) ;
#191 = ORIENTED_EDGE ( 'NONE', *, *, #3599, .F. ) ;
#192 = LINE ( 'NONE', #2196, #1651 ) ;
#193 = MANIFOLD_SOLID_BREP ( 'Chamfer3', #1078 ) ;
#194 = CARTESIAN_POINT ( 'NONE',  ( 0.2500000000000000000, 0.000000000000000000, -1.149999999999999911 ) ) ;
#195 =( GEOMETRIC_REPRESENTATION_CONTEXT ( 3 ) GLOBAL_UNCERTAINTY_ASSIGNED_CONTEXT ( ( #3292 ) ) GLOBAL_UNIT_ASSIGNED_CONTEXT ( ( #710, #2827, #3139 ) ) REPRESENTATION_CONTEXT ( 'NONE', 'WORKASPACE' ) );
#196 = VERTEX_POINT ( 'NONE', #1869 ) ;
#197 = DIRECTION ( 'NONE',  ( -0.000000000000000000, 1.000000000000000000, -0.000000000000000000 ) ) ;
#198 = CARTESIAN_POINT ( 'NONE',  ( -0.2500000000000000000, 1.391537451385998825, -1.149999999999999911 ) ) ;
#199 = MANIFOLD_SOLID_BREP ( 'Boss-Extrude5', #3537 ) ;
#200 = ORIENTED_EDGE ( 'NONE', *, *, #1770, .F. ) ;
#201 = CARTESIAN_POINT ( 'NONE',  ( -0.8391666666666665053, 0.4949999999999999956, 0.9166666666666671848 ) ) ;
#202 = CYLINDRICAL_SURFACE ( 'NONE', #2366, 0.3000000000000003775 ) ;
#203 = CARTESIAN_POINT ( 'NONE',  ( 0.2500000000000001110, 0.2199999999999999178, -0.3499999999999999778 ) ) ;
#204 = CARTESIAN_POINT ( 'NONE',  ( -1.000000000000000000, 0.4399999999999998357, -1.249999999999999556 ) ) ;
#205 = PRESENTATION_LAYER_ASSIGNMENT (  '', '', ( #1887 ) ) ;
#206 = EDGE_CURVE ( 'NONE', #1441, #328, #3399, .T. ) ;
#207 = CARTESIAN_POINT ( 'NONE',  ( -5.582285935584738982E-16, 0.4400000000000000022, -1.144166666666666110 ) ) ;
#208 = MANIFOLD_SOLID_BREP ( 'Boss-Extrude4[3]', #324 ) ;
#209 = ORIENTED_EDGE ( 'NONE', *, *, #3384, .F. ) ;
#210 = CIRCLE ( 'NONE', #2855, 0.3000000000000003775 ) ;
#211 = ORIENTED_EDGE ( 'NONE', *, *, #3060, .F. ) ;
#212 = CARTESIAN_POINT ( 'NONE',  ( -0.6500000000000001332, 0.3885786437626904122, -0.9499999999999999556 ) ) ;
#213 = EDGE_CURVE ( 'NONE', #3330, #1554, #829, .T. ) ;
#214 = FACE_OUTER_BOUND ( 'NONE', #743, .T. ) ;
#215 = CARTESIAN_POINT ( 'NONE',  ( -0.7999999999999998224, 0.2199999999999999178, -1.250000000000000444 ) ) ;
#216 = VERTEX_POINT ( 'NONE', #1644 ) ;
#217 = CARTESIAN_POINT ( 'NONE',  ( -0.6999999999999996225, 0.2199999999999999178, 1.249999999999999556 ) ) ;
#218 = ORIENTED_EDGE ( 'NONE', *, *, #1358, .T. ) ;
#219 = CARTESIAN_POINT ( 'NONE',  ( -1.000000000000000000, 1.391537451385998825, 1.049999999999999378 ) ) ;
#220 = LINE ( 'NONE', #2593, #3144 ) ;
#221 = LINE ( 'NONE', #1161, #445 ) ;
#222 = ORIENTED_EDGE ( 'NONE', *, *, #1719, .T. ) ;
#223 = LINE ( 'NONE', #3236, #357 ) ;
#224 = AXIS2_PLACEMENT_3D ( 'NONE', #1526, #623, #389 ) ;
#225 = CARTESIAN_POINT ( 'NONE',  ( 0.7999999999999997113, 0.2199999999999999178, 1.250000000000000444 ) ) ;
#226 = VECTOR ( 'NONE', #3618, 1000.000000000000000 ) ;
#227 = DIRECTION ( 'NONE',  ( 0.000000000000000000, 0.000000000000000000, -1.000000000000000000 ) ) ;
#228 = CIRCLE ( 'NONE', #1221, 0.2000000000000003164 ) ;
#229 = VECTOR ( 'NONE', #2264, 1000.000000000000000 ) ;
#230 = CARTESIAN_POINT ( 'NONE',  ( -0.9000000000000000222, 0.000000000000000000, -0.3499999999999999778 ) ) ;
#231 = AXIS2_PLACEMENT_3D ( 'NONE', #2443, #3382, #3049 ) ;
#232 = EDGE_CURVE ( 'NONE', #2372, #3745, #2721, .T. ) ;
#233 = ORIENTED_EDGE ( 'NONE', *, *, #3375, .F. ) ;
#234 = DIRECTION ( 'NONE',  ( -1.000000000000000000, 0.000000000000000000, 0.000000000000000000 ) ) ;
#235 = AXIS2_PLACEMENT_3D ( 'NONE', #2630, #2311, #2922 ) ;
#236 = ORIENTED_EDGE ( 'NONE', *, *, #2245, .F. ) ;
#237 = EDGE_CURVE ( 'NONE', #3671, #1638, #1190, .T. ) ;
#238 = EDGE_LOOP ( 'NONE', ( #764, #3710, #3700, #1473, #882, #3395, #1592, #1182 ) ) ;
#239 = VECTOR ( 'NONE', #1465, 1000.000000000000000 ) ;
#240 = VECTOR ( 'NONE', #176, 1000.000000000000000 ) ;
#241 = CARTESIAN_POINT ( 'NONE',  ( 0.6666666666666667407, 3.190075756488817582, 0.9166666666666669627 ) ) ;
#242 = CARTESIAN_POINT ( 'NONE',  ( -0.8391666666666666163, 0.4674999999999999711, 9.925378069935484414E-17 ) ) ;
#243 = STYLED_ITEM ( 'NONE', ( #2507 ), #940 ) ;
#244 = DIRECTION ( 'NONE',  ( -0.000000000000000000, 0.000000000000000000, 1.000000000000000000 ) ) ;
#245 = PLANE ( 'NONE',  #1110 ) ;
#246 = CARTESIAN_POINT ( 'NONE',  ( -0.8000000000000000444, 1.391537451385998825, 1.250000000000000444 ) ) ;
#247 = CARTESIAN_POINT ( 'NONE',  ( -1.000000000000000000, 0.2199999999999999178, -1.249999999999999556 ) ) ;
#248 = PLANE ( 'NONE',  #581 ) ;
#249 = LINE ( 'NONE', #495, #665 ) ;
#250 = AXIS2_PLACEMENT_3D ( 'NONE', #1827, #2734, #1235 ) ;
#251 = DIRECTION ( 'NONE',  ( 0.000000000000000000, -0.000000000000000000, 1.000000000000000000 ) ) ;
#252 = ORIENTED_EDGE ( 'NONE', *, *, #825, .T. ) ;
#253 = VERTEX_POINT ( 'NONE', #1156 ) ;
#254 = LINE ( 'NONE', #854, #1282 ) ;
#255 = ORIENTED_EDGE ( 'NONE', *, *, #1818, .F. ) ;
#256 = DIRECTION ( 'NONE',  ( 1.000000000000000000, 0.000000000000000000, 0.000000000000000000 ) ) ;
#257 = CARTESIAN_POINT ( 'NONE',  ( -0.2500000000000000000, 0.2199999999999999178, -0.3499999999999999778 ) ) ;
#258 = LINE ( 'NONE', #1458, #1950 ) ;
#259 = EDGE_CURVE ( 'NONE', #908, #3335, #1203, .T. ) ;
#260 = EDGE_CURVE ( 'NONE', #2011, #2492, #522, .T. ) ;
#261 = CARTESIAN_POINT ( 'NONE',  ( 0.2500000000000000000, 1.391537451385998825, 0.3499999999999999778 ) ) ;
#262 = ORIENTED_EDGE ( 'NONE', *, *, #179, .F. ) ;
#263 = CARTESIAN_POINT ( 'NONE',  ( -0.7171572875253804380, 1.391537451385998825, 1.149999999999999911 ) ) ;
#264 = EDGE_CURVE ( 'NONE', #2597, #3616, #1782, .T. ) ;
#265 = VERTEX_POINT ( 'NONE', #270 ) ;
#266 = DIRECTION ( 'NONE',  ( 0.000000000000000000, 0.000000000000000000, -1.000000000000000000 ) ) ;
#267 = UNCERTAINTY_MEASURE_WITH_UNIT (LENGTH_MEASURE( 1.000000000000000082E-05 ), #958, 'distance_accuracy_value', 'NONE');
#268 =( LENGTH_UNIT ( ) NAMED_UNIT ( * ) SI_UNIT ( .MILLI., .METRE. ) );
#269 = ORIENTED_EDGE ( 'NONE', *, *, #2033, .F. ) ;
#270 = CARTESIAN_POINT ( 'NONE',  ( -0.2500000000000000000, 0.2199999999999999178, -1.149999999999999911 ) ) ;
#271 = AXIS2_PLACEMENT_3D ( 'NONE', #111, #2207, #2500 ) ;
#272 = DIRECTION ( 'NONE',  ( 0.000000000000000000, -1.000000000000000000, 0.000000000000000000 ) ) ;
#273 = DIRECTION ( 'NONE',  ( 4.336808689942011425E-15, 0.000000000000000000, 1.000000000000000000 ) ) ;
#274 = CARTESIAN_POINT ( 'NONE',  ( -1.000000000000000000, 1.391537451385998825, 1.249999999999999556 ) ) ;
#275 = VERTEX_POINT ( 'NONE', #1929 ) ;
#276 = VERTEX_POINT ( 'NONE', #3727 ) ;
#277 = ADVANCED_FACE ( 'NONE', ( #3709 ), #2224, .F. ) ;
#278 = ORIENTED_EDGE ( 'NONE', *, *, #351, .T. ) ;
#279 = CARTESIAN_POINT ( 'NONE',  ( -0.8391666666666665053, 0.4949999999999999956, 0.9166666666666674068 ) ) ;
#280 = CARTESIAN_POINT ( 'NONE',  ( 0.7171572875253804380, 0.2199999999999999178, -1.149999999999999911 ) ) ;
#281 = SURFACE_STYLE_USAGE ( .BOTH. , #46 ) ;
#282 = PRODUCT ( 'FA-20H 48.0000MF10Y-AG0', 'FA-20H 48.0000MF10Y-AG0', '', ( #956 ) ) ;
#283 = CARTESIAN_POINT ( 'NONE',  ( 0.9000000000000000222, 1.391537451385998825, -0.3499999999999999778 ) ) ;
#284 = DIRECTION ( 'NONE',  ( 0.000000000000000000, 1.000000000000000000, 0.000000000000000000 ) ) ;
#285 = EDGE_CURVE ( 'NONE', #2011, #574, #1326, .T. ) ;
#286 = EDGE_CURVE ( 'NONE', #1505, #2335, #87, .T. ) ;
#287 = CARTESIAN_POINT ( 'NONE',  ( 0.8391666666666666163, 0.4949999999999999956, 0.9166666666666669627 ) ) ;
#288 = ORIENTED_EDGE ( 'NONE', *, *, #1927, .F. ) ;
#289 = VECTOR ( 'NONE', #2275, 1000.000000000000000 ) ;
#290 = ORIENTED_EDGE ( 'NONE', *, *, #237, .F. ) ;
#291 = CARTESIAN_POINT ( 'NONE',  ( 0.6666666666666667407, 0.4675000000000000266, 1.116666666666667140 ) ) ;
#292 = DIRECTION ( 'NONE',  ( 0.000000000000000000, -1.000000000000000000, 0.000000000000000000 ) ) ;
#293 = AXIS2_PLACEMENT_3D ( 'NONE', #614, #1013, #3680 ) ;
#294 = DIRECTION ( 'NONE',  ( 1.000000000000000000, 0.000000000000000000, -0.000000000000000000 ) ) ;
#295 = ORIENTED_EDGE ( 'NONE', *, *, #1379, .T. ) ;
#296 = AXIS2_PLACEMENT_3D ( 'NONE', #3403, #380, #3688 ) ;
#297 = AXIS2_PLACEMENT_3D ( 'NONE', #3762, #1718, #2018 ) ;
#298 = VERTEX_POINT ( 'NONE', #230 ) ;
#299 = CARTESIAN_POINT ( 'NONE',  ( 0.9000000000000000222, 0.000000000000000000, 0.9671572875253802160 ) ) ;
#300 = CIRCLE ( 'NONE', #2742, 0.3000000000000003775 ) ;
#301 = EDGE_CURVE ( 'NONE', #1392, #1587, #1085, .T. ) ;
#302 = FILL_AREA_STYLE ('',( #593 ) ) ;
#303 = CARTESIAN_POINT ( 'NONE',  ( -0.3249999999999994560, 0.000000000000000000, 0.5750000000000010658 ) ) ;
#304 = DIRECTION ( 'NONE',  ( 0.000000000000000000, 1.000000000000000000, 0.000000000000000000 ) ) ;
#305 = EDGE_CURVE ( 'NONE', #2885, #3523, #2627, .T. ) ;
#306 = EDGE_CURVE ( 'NONE', #3085, #3584, #3838, .T. ) ;
#307 = ORIENTED_EDGE ( 'NONE', *, *, #1380, .T. ) ;
#308 = ORIENTED_EDGE ( 'NONE', *, *, #1853, .F. ) ;
#309 = MECHANICAL_DESIGN_GEOMETRIC_PRESENTATION_REPRESENTATION (  '', ( #2381 ), #195 ) ;
#310 = DIRECTION ( 'NONE',  ( 0.000000000000000000, 1.000000000000000000, 0.000000000000000000 ) ) ;
#311 = DIRECTION ( 'NONE',  ( -0.000000000000000000, -1.000000000000000000, -0.000000000000000000 ) ) ;
#312 = DIRECTION ( 'NONE',  ( 0.000000000000000000, -1.000000000000000000, 0.000000000000000000 ) ) ;
#313 = VERTEX_POINT ( 'NONE', #1679 ) ;
#314 = ORIENTED_EDGE ( 'NONE', *, *, #3289, .F. ) ;
#315 = FACE_OUTER_BOUND ( 'NONE', #555, .T. ) ;
#316 = CARTESIAN_POINT ( 'NONE',  ( 0.000000000000000000, 0.000000000000000000, 0.000000000000000000 ) ) ;
#317 = DIRECTION ( 'NONE',  ( 0.000000000000000000, 0.000000000000000000, 1.000000000000000000 ) ) ;
#318 = LINE ( 'NONE', #1197, #2239 ) ;
#319 = ADVANCED_FACE ( 'NONE', ( #3246 ), #3558, .F. ) ;
#320 = ORIENTED_EDGE ( 'NONE', *, *, #2163, .F. ) ;
#321 = EDGE_CURVE ( 'NONE', #3594, #253, #545, .T. ) ;
#322 = ORIENTED_EDGE ( 'NONE', *, *, #1170, .F. ) ;
#323 = VERTEX_POINT ( 'NONE', #2943 ) ;
#324 = CLOSED_SHELL ( 'NONE', ( #2837, #1985, #1256, #277, #2296, #1898, #2869, #3268, #2169, #629, #3321 ) ) ;
#325 = DIRECTION ( 'NONE',  ( 1.000000000000000000, -0.000000000000000000, -0.000000000000000000 ) ) ;
#326 = CARTESIAN_POINT ( 'NONE',  ( -0.9000000000000000222, 0.000000000000000000, 0.9671572875253802160 ) ) ;
#327 = AXIS2_PLACEMENT_3D ( 'NONE', #2757, #3670, #963 ) ;
#328 = VERTEX_POINT ( 'NONE', #3208 ) ;
#329 = DIRECTION ( 'NONE',  ( -0.000000000000000000, -0.000000000000000000, 1.000000000000000000 ) ) ;
#330 = ORIENTED_EDGE ( 'NONE', *, *, #1502, .F. ) ;
#331 = LINE ( 'NONE', #2713, #399 ) ;
#332 = LINE ( 'NONE', #1215, #3767 ) ;
#333 = ORIENTED_EDGE ( 'NONE', *, *, #3865, .F. ) ;
#334 = PRESENTATION_STYLE_ASSIGNMENT (( #281 ) ) ;
#335 = LINE ( 'NONE', #1528, #3830 ) ;
#336 =( LENGTH_UNIT ( ) NAMED_UNIT ( * ) SI_UNIT ( .MILLI., .METRE. ) );
#337 = EDGE_LOOP ( 'NONE', ( #2519, #526, #1997, #3106, #3476, #1765, #2393, #2866, #1370, #1581 ) ) ;
#338 = DIRECTION ( 'NONE',  ( 0.000000000000000000, 0.000000000000000000, -1.000000000000000000 ) ) ;
#339 = SURFACE_STYLE_USAGE ( .BOTH. , #3023 ) ;
#340 = VERTEX_POINT ( 'NONE', #2312 ) ;
#341 = AXIS2_PLACEMENT_3D ( 'NONE', #1281, #2407, #930 ) ;
#342 = ADVANCED_FACE ( 'NONE', ( #1451 ), #500, .F. ) ;
#343 = AXIS2_PLACEMENT_3D ( 'NONE', #1246, #310, #2392 ) ;
#344 = CARTESIAN_POINT ( 'NONE',  ( -0.7999999999999999334, 0.2200000000000003619, 1.250000000000000444 ) ) ;
#345 = FACE_OUTER_BOUND ( 'NONE', #337, .T. ) ;
#346 = VECTOR ( 'NONE', #368, 1000.000000000000000 ) ;
#347 = VECTOR ( 'NONE', #1791, 1000.000000000000000 ) ;
#348 = ORIENTED_EDGE ( 'NONE', *, *, #689, .F. ) ;
#349 = CARTESIAN_POINT ( 'NONE',  ( 0.7999999999999998224, 0.4399999999999999467, 1.250000000000000444 ) ) ;
#350 = EDGE_CURVE ( 'NONE', #3523, #1054, #1014, .T. ) ;
#351 = EDGE_CURVE ( 'NONE', #1725, #1274, #1958, .T. ) ;
#352 = LINE ( 'NONE', #369, #1173 ) ;
#353 = ORIENTED_EDGE ( 'NONE', *, *, #3367, .T. ) ;
#354 = VECTOR ( 'NONE', #3432, 1000.000000000000000 ) ;
#355 = CYLINDRICAL_SURFACE ( 'NONE', #3413, 0.3000000000000003775 ) ;
#356 = FACE_OUTER_BOUND ( 'NONE', #1953, .T. ) ;
#357 = VECTOR ( 'NONE', #3484, 1000.000000000000000 ) ;
#358 = PRODUCT_DEFINITION_CONTEXT ( 'detailed design', #642, 'design' ) ;
#359 =( LENGTH_UNIT ( ) NAMED_UNIT ( * ) SI_UNIT ( .MILLI., .METRE. ) );
#360 = LINE ( 'NONE', #3325, #3431 ) ;
#361 = AXIS2_PLACEMENT_3D ( 'NONE', #2914, #2328, #2939 ) ;
#362 = DIRECTION ( 'NONE',  ( -0.000000000000000000, 0.000000000000000000, 1.000000000000000000 ) ) ;
#363 = DIRECTION ( 'NONE',  ( -0.000000000000000000, -1.000000000000000000, -0.000000000000000000 ) ) ;
#364 = EDGE_LOOP ( 'NONE', ( #330, #10, #1673, #2210 ) ) ;
#365 = ORIENTED_EDGE ( 'NONE', *, *, #2480, .F. ) ;
#366 = CARTESIAN_POINT ( 'NONE',  ( 0.7171572875253804380, 0.000000000000000000, -1.149999999999999911 ) ) ;
#367 = FACE_OUTER_BOUND ( 'NONE', #3602, .T. ) ;
#368 = DIRECTION ( 'NONE',  ( -0.000000000000000000, -1.000000000000000000, -0.000000000000000000 ) ) ;
#369 = CARTESIAN_POINT ( 'NONE',  ( 0.7999999999999998224, 0.000000000000000000, -1.250000000000000444 ) ) ;
#370 = CIRCLE ( 'NONE', #1555, 0.02749999999999996197 ) ;
#371 = LINE ( 'NONE', #3475, #354 ) ;
#372 = VERTEX_POINT ( 'NONE', #1052 ) ;
#373 = ORIENTED_EDGE ( 'NONE', *, *, #2295, .T. ) ;
#374 = DIRECTION ( 'NONE',  ( 1.000000000000000000, 0.000000000000000000, 0.000000000000000000 ) ) ;
#375 = VECTOR ( 'NONE', #3776, 1000.000000000000000 ) ;
#376 = DIRECTION ( 'NONE',  ( 1.000000000000000000, 0.000000000000000000, 0.000000000000000000 ) ) ;
#377 = EDGE_CURVE ( 'NONE', #1587, #147, #2344, .T. ) ;
#378 = CARTESIAN_POINT ( 'NONE',  ( -0.6500000000000001332, 0.5300000000000000266, -0.9000000000000000222 ) ) ;
#379 = CARTESIAN_POINT ( 'NONE',  ( 0.6666666666666666297, 3.190075756488817582, -1.050000000000000044 ) ) ;
#380 = DIRECTION ( 'NONE',  ( -0.000000000000000000, -1.000000000000000000, -0.000000000000000000 ) ) ;
#381 = EDGE_LOOP ( 'NONE', ( #3047, #3521, #2516, #3098 ) ) ;
#382 = AXIS2_PLACEMENT_3D ( 'NONE', #2932, #3565, #244 ) ;
#383 = DIRECTION ( 'NONE',  ( -0.000000000000000000, -1.000000000000000000, -0.000000000000000000 ) ) ;
#384 = PLANE ( 'NONE',  #900 ) ;
#385 = ORIENTED_EDGE ( 'NONE', *, *, #3892, .T. ) ;
#386 = DIRECTION ( 'NONE',  ( 0.000000000000000000, -1.000000000000000000, 0.000000000000000000 ) ) ;
#387 = ORIENTED_EDGE ( 'NONE', *, *, #3128, .F. ) ;
#388 = ORIENTED_EDGE ( 'NONE', *, *, #151, .T. ) ;
#389 = DIRECTION ( 'NONE',  ( 0.000000000000000000, 0.000000000000000000, -1.000000000000000000 ) ) ;
#390 = VECTOR ( 'NONE', #3472, 1000.000000000000000 ) ;
#391 = LINE ( 'NONE', #3037, #2631 ) ;
#392 = VECTOR ( 'NONE', #2003, 1000.000000000000000 ) ;
#393 = EDGE_CURVE ( 'NONE', #31, #2989, #1393, .T. ) ;
#394 = ORIENTED_EDGE ( 'NONE', *, *, #847, .T. ) ;
#395 = FACE_OUTER_BOUND ( 'NONE', #3661, .T. ) ;
#396 = EDGE_CURVE ( 'NONE', #434, #3390, #1322, .T. ) ;
#397 = ADVANCED_FACE ( 'NONE', ( #770 ), #80, .T. ) ;
#398 = ORIENTED_EDGE ( 'NONE', *, *, #1412, .T. ) ;
#399 = VECTOR ( 'NONE', #3073, 1000.000000000000000 ) ;
#400 = CARTESIAN_POINT ( 'NONE',  ( 0.6666666666666666297, 0.4675000000000000266, -1.144166666666666332 ) ) ;
#401 = DIRECTION ( 'NONE',  ( -1.000000000000000000, 0.000000000000000000, -0.000000000000000000 ) ) ;
#402 = ORIENTED_EDGE ( 'NONE', *, *, #3079, .F. ) ;
#403 = AXIS2_PLACEMENT_3D ( 'NONE', #3545, #798, #1442 ) ;
#404 = CARTESIAN_POINT ( 'NONE',  ( -1.000000000000000000, 0.2199999999999999178, 0.9499999999999992895 ) ) ;
#405 = VERTEX_POINT ( 'NONE', #165 ) ;
#406 = LINE ( 'NONE', #2842, #649 ) ;
#407 = VECTOR ( 'NONE', #1321, 1000.000000000000000 ) ;
#408 = CIRCLE ( 'NONE', #1111, 0.3000000000000003775 ) ;
#409 = DIRECTION ( 'NONE',  ( 0.000000000000000000, 1.000000000000000000, 0.000000000000000000 ) ) ;
#410 = AXIS2_PLACEMENT_3D ( 'NONE', #140, #3186, #2257 ) ;
#411 = CARTESIAN_POINT ( 'NONE',  ( -0.6666666666666665186, 0.5000000000000000000, 1.050000000000000488 ) ) ;
#412 = AXIS2_PLACEMENT_3D ( 'NONE', #1553, #3108, #418 ) ;
#413 = VECTOR ( 'NONE', #1777, 1000.000000000000000 ) ;
#414 = LINE ( 'NONE', #786, #664 ) ;
#415 = ORIENTED_EDGE ( 'NONE', *, *, #151, .F. ) ;
#416 = DIRECTION ( 'NONE',  ( 0.000000000000000000, 1.000000000000000000, 0.000000000000000000 ) ) ;
#417 = AXIS2_PLACEMENT_3D ( 'NONE', #1990, #1922, #1061 ) ;
#418 = DIRECTION ( 'NONE',  ( 0.000000000000000000, 0.000000000000000000, -1.000000000000000000 ) ) ;
#419 = VERTEX_POINT ( 'NONE', #1621 ) ;
#420 = EDGE_CURVE ( 'NONE', #2848, #167, #2517, .T. ) ;
#421 = EDGE_CURVE ( 'NONE', #3756, #1779, #2503, .T. ) ;
#422 = VECTOR ( 'NONE', #142, 1000.000000000000000 ) ;
#423 = ORIENTED_EDGE ( 'NONE', *, *, #3759, .F. ) ;
#424 = FACE_OUTER_BOUND ( 'NONE', #3586, .T. ) ;
#425 = DIRECTION ( 'NONE',  ( 0.000000000000000000, -1.000000000000000000, 0.000000000000000000 ) ) ;
#426 = DIRECTION ( 'NONE',  ( 0.000000000000000000, 0.000000000000000000, 1.000000000000000000 ) ) ;
#427 = VERTEX_POINT ( 'NONE', #1977 ) ;
#428 = CARTESIAN_POINT ( 'NONE',  ( -1.000000000000000000, 0.2199999999999999178, 1.249999999999999556 ) ) ;
#429 = PRESENTATION_STYLE_ASSIGNMENT (( #3798 ) ) ;
#430 = ORIENTED_EDGE ( 'NONE', *, *, #2438, .T. ) ;
#431 = LINE ( 'NONE', #716, #2688 ) ;
#432 = EDGE_LOOP ( 'NONE', ( #3474, #1106, #1787, #984 ) ) ;
#433 = DIRECTION ( 'NONE',  ( -0.000000000000000000, -0.000000000000000000, -1.000000000000000000 ) ) ;
#434 = VERTEX_POINT ( 'NONE', #1654 ) ;
#435 = ADVANCED_FACE ( 'NONE', ( #1367 ), #3715, .F. ) ;
#436 = CARTESIAN_POINT ( 'NONE',  ( 0.9000000000000000222, 1.391537451385998825, -0.3499999999999999778 ) ) ;
#437 = CARTESIAN_POINT ( 'NONE',  ( 0.8666666666666665853, 0.4675000000000000266, -0.9166666666666662966 ) ) ;
#438 = ORIENTED_EDGE ( 'NONE', *, *, #3446, .F. ) ;
#439 = ADVANCED_FACE ( 'NONE', ( #1915, #1008 ), #2231, .T. ) ;
#440 = DIRECTION ( 'NONE',  ( -1.000000000000000000, 0.000000000000000000, 8.673617379884022850E-15 ) ) ;
#441 = DIRECTION ( 'NONE',  ( 0.000000000000000000, 0.000000000000000000, 1.000000000000000000 ) ) ;
#442 = ORIENTED_EDGE ( 'NONE', *, *, #1093, .F. ) ;
#443 = VECTOR ( 'NONE', #544, 1000.000000000000000 ) ;
#444 = DIRECTION ( 'NONE',  ( -0.7071067811865509034, -0.000000000000000000, 0.7071067811865442421 ) ) ;
#445 = VECTOR ( 'NONE', #1731, 1000.000000000000000 ) ;
#446 = VERTEX_POINT ( 'NONE', #130 ) ;
#447 = LINE ( 'NONE', #379, #1295 ) ;
#448 = ORIENTED_EDGE ( 'NONE', *, *, #85, .T. ) ;
#449 = EDGE_LOOP ( 'NONE', ( #1671, #757, #2043, #2049 ) ) ;
#450 = CARTESIAN_POINT ( 'NONE',  ( -0.8000000000000000444, 0.000000000000000000, 1.250000000000000444 ) ) ;
#451 = ADVANCED_FACE ( 'NONE', ( #2838 ), #730, .F. ) ;
#452 = CYLINDRICAL_SURFACE ( 'NONE', #1466, 0.2000000000000000944 ) ;
#453 = DIRECTION ( 'NONE',  ( -0.000000000000000000, 1.000000000000000000, -0.000000000000000000 ) ) ;
#454 = LINE ( 'NONE', #2588, #422 ) ;
#455 = ORIENTED_EDGE ( 'NONE', *, *, #2814, .F. ) ;
#456 = DIRECTION ( 'NONE',  ( -0.000000000000000000, -1.000000000000000000, -0.000000000000000000 ) ) ;
#457 = FILL_AREA_STYLE ('',( #2569 ) ) ;
#458 = VECTOR ( 'NONE', #3253, 1000.000000000000000 ) ;
#459 = EDGE_CURVE ( 'NONE', #637, #3671, #221, .T. ) ;
#460 = ADVANCED_FACE ( 'NONE', ( #1421 ), #3831, .T. ) ;
#461 = ORIENTED_EDGE ( 'NONE', *, *, #1126, .F. ) ;
#462 = VECTOR ( 'NONE', #1226, 1000.000000000000000 ) ;
#463 = DIRECTION ( 'NONE',  ( 0.000000000000000000, 0.000000000000000000, 1.000000000000000000 ) ) ;
#464 = DIRECTION ( 'NONE',  ( -1.000000000000000000, 0.000000000000000000, 4.336808689942011425E-15 ) ) ;
#465 = AXIS2_PLACEMENT_3D ( 'NONE', #1007, #990, #657 ) ;
#466 = VECTOR ( 'NONE', #2937, 1000.000000000000000 ) ;
#467 = DIRECTION ( 'NONE',  ( 0.000000000000000000, 1.000000000000000000, 0.000000000000000000 ) ) ;
#468 = DIRECTION ( 'NONE',  ( 1.000000000000000000, 0.000000000000000000, -0.000000000000000000 ) ) ;
#469 = ORIENTED_EDGE ( 'NONE', *, *, #885, .F. ) ;
#470 = CARTESIAN_POINT ( 'NONE',  ( -1.000000000000000000, 0.000000000000000000, 1.049999999999999378 ) ) ;
#471 = DIRECTION ( 'NONE',  ( 0.000000000000000000, 0.000000000000000000, -1.000000000000000000 ) ) ;
#472 = COLOUR_RGB ( '',0.2509803921568627416, 0.2509803921568627416, 0.2509803921568627416 ) ;
#473 = ORIENTED_EDGE ( 'NONE', *, *, #3052, .F. ) ;
#474 = FACE_OUTER_BOUND ( 'NONE', #2549, .T. ) ;
#475 = AXIS2_PLACEMENT_3D ( 'NONE', #3204, #839, #175 ) ;
#476 = VECTOR ( 'NONE', #51, 1000.000000000000000 ) ;
#477 = ORIENTED_EDGE ( 'NONE', *, *, #3875, .F. ) ;
#478 = DIRECTION ( 'NONE',  ( -0.000000000000000000, -1.000000000000000000, -0.000000000000000000 ) ) ;
#479 = AXIS2_PLACEMENT_3D ( 'NONE', #3324, #3290, #1793 ) ;
#480 = CARTESIAN_POINT ( 'NONE',  ( 0.2500000000000000000, 0.000000000000000000, 1.149999999999999911 ) ) ;
#481 = AXIS2_PLACEMENT_3D ( 'NONE', #585, #2656, #1418 ) ;
#482 = CARTESIAN_POINT ( 'NONE',  ( -0.6500000000000001332, 0.3885786437626904122, -0.9000000000000000222 ) ) ;
#483 = ORIENTED_EDGE ( 'NONE', *, *, #991, .T. ) ;
#484 = CARTESIAN_POINT ( 'NONE',  ( 1.000000000000000000, 0.2199999999999999178, -0.9499999999999992895 ) ) ;
#485 = PLANE ( 'NONE',  #3415 ) ;
#486 = DIRECTION ( 'NONE',  ( 0.000000000000000000, -1.000000000000000000, 0.000000000000000000 ) ) ;
#487 = CYLINDRICAL_SURFACE ( 'NONE', #3659, 0.02749999999999996197 ) ;
#488 = VERTEX_POINT ( 'NONE', #860 ) ;
#489 = EDGE_LOOP ( 'NONE', ( #2531, #394, #1748, #398, #1507, #906, #2374, #252, #1754 ) ) ;
#490 = DIRECTION ( 'NONE',  ( -1.000000000000000000, 0.000000000000000000, 0.000000000000000000 ) ) ;
#491 = ADVANCED_FACE ( 'NONE', ( #2964 ), #2643, .T. ) ;
#492 = CARTESIAN_POINT ( 'NONE',  ( 1.000000000000000000, 0.4399999999999998357, 1.250000000000000444 ) ) ;
#493 = CARTESIAN_POINT ( 'NONE',  ( -0.6666666666666665186, 0.4674999999999999711, 1.089166666666667060 ) ) ;
#494 = FACE_OUTER_BOUND ( 'NONE', #1871, .T. ) ;
#495 = CARTESIAN_POINT ( 'NONE',  ( -1.000000000000000000, 0.2199999999999999178, -1.049999999999999378 ) ) ;
#496 = CARTESIAN_POINT ( 'NONE',  ( 0.7999999999999998224, 0.2199999999999999178, 1.250000000000000444 ) ) ;
#497 = ORIENTED_EDGE ( 'NONE', *, *, #2769, .T. ) ;
#498 = DIRECTION ( 'NONE',  ( -1.000000000000000000, -0.000000000000000000, -4.641700778034423412E-16 ) ) ;
#499 = ORIENTED_EDGE ( 'NONE', *, *, #1327, .T. ) ;
#500 = PLANE ( 'NONE',  #1204 ) ;
#501 = CARTESIAN_POINT ( 'NONE',  ( -1.000000000000000000, 0.2199999999999999178, 1.249999999999999556 ) ) ;
#502 = ORIENTED_EDGE ( 'NONE', *, *, #2060, .T. ) ;
#503 = DIRECTION ( 'NONE',  ( 0.000000000000000000, -1.000000000000000000, 0.000000000000000000 ) ) ;
#504 = VERTEX_POINT ( 'NONE', #3770 ) ;
#505 = CYLINDRICAL_SURFACE ( 'NONE', #1338, 0.1333333333333336090 ) ;
#506 = CARTESIAN_POINT ( 'NONE',  ( 1.000000000000000000, 0.2199999999999999178, 1.049999999999999378 ) ) ;
#507 = CARTESIAN_POINT ( 'NONE',  ( -0.2500000000000000000, 1.391537451385998825, -1.149999999999999911 ) ) ;
#508 = ORIENTED_EDGE ( 'NONE', *, *, #2690, .T. ) ;
#509 = CYLINDRICAL_SURFACE ( 'NONE', #717, 0.04999999999999991257 ) ;
#510 = CARTESIAN_POINT ( 'NONE',  ( 0.2500000000000000000, 1.391537451385998825, 1.149999999999999911 ) ) ;
#511 = DIRECTION ( 'NONE',  ( 0.000000000000000000, 0.000000000000000000, -1.000000000000000000 ) ) ;
#512 = EDGE_CURVE ( 'NONE', #313, #31, #3542, .T. ) ;
#513 = ORIENTED_EDGE ( 'NONE', *, *, #632, .T. ) ;
#514 = FACE_OUTER_BOUND ( 'NONE', #2394, .T. ) ;
#515 = VECTOR ( 'NONE', #1420, 1000.000000000000000 ) ;
#516 = FACE_OUTER_BOUND ( 'NONE', #3293, .T. ) ;
#517 = CARTESIAN_POINT ( 'NONE',  ( -0.7171572875253804380, 0.2199999999999999178, 1.149999999999999911 ) ) ;
#518 = MECHANICAL_DESIGN_GEOMETRIC_PRESENTATION_REPRESENTATION (  '', ( #633 ), #1711 ) ;
#519 = EDGE_CURVE ( 'NONE', #488, #1482, #2539, .T. ) ;
#520 = EDGE_CURVE ( 'NONE', #504, #1495, #3750, .T. ) ;
#521 = FACE_OUTER_BOUND ( 'NONE', #3456, .T. ) ;
#522 = CIRCLE ( 'NONE', #2773, 0.1333333333333336090 ) ;
#523 = ORIENTED_EDGE ( 'NONE', *, *, #3739, .T. ) ;
#524 = CARTESIAN_POINT ( 'NONE',  ( -0.8941666666666665542, 0.4675000000000000266, -0.9166666666666657415 ) ) ;
#525 = DIRECTION ( 'NONE',  ( -0.000000000000000000, 0.000000000000000000, -1.000000000000000000 ) ) ;
#526 = ORIENTED_EDGE ( 'NONE', *, *, #3446, .T. ) ;
#527 = EDGE_LOOP ( 'NONE', ( #3547, #3182, #2944, #182, #1926, #2181, #3266, #2426, #1772 ) ) ;
#528 = CARTESIAN_POINT ( 'NONE',  ( -0.9000000000000000222, 1.391537451385998825, 0.3499999999999999778 ) ) ;
#529 = ORIENTED_EDGE ( 'NONE', *, *, #2288, .T. ) ;
#530 = CARTESIAN_POINT ( 'NONE',  ( 0.6666666666666667407, 0.4949999999999999956, 1.050000000000000488 ) ) ;
#531 = AXIS2_PLACEMENT_3D ( 'NONE', #2204, #1649, #749 ) ;
#532 = DIRECTION ( 'NONE',  ( -0.000000000000000000, -1.000000000000000000, -0.000000000000000000 ) ) ;
#533 = FACE_OUTER_BOUND ( 'NONE', #2660, .T. ) ;
#534 = DIRECTION ( 'NONE',  ( 0.000000000000000000, 0.000000000000000000, 1.000000000000000000 ) ) ;
#535 = VECTOR ( 'NONE', #2886, 1000.000000000000000 ) ;
#536 = CARTESIAN_POINT ( 'NONE',  ( -0.2500000000000000000, 0.2199999999999999178, 0.3499999999999999778 ) ) ;
#537 = EDGE_LOOP ( 'NONE', ( #2331, #2116, #696, #3135, #174, #2706, #2681, #1489 ) ) ;
#538 = CARTESIAN_POINT ( 'NONE',  ( 0.6666666666666667407, 0.4400000000000000022, 1.144166666666666998 ) ) ;
#539 = AXIS2_PLACEMENT_3D ( 'NONE', #2945, #3267, #1469 ) ;
#540 = ORIENTED_EDGE ( 'NONE', *, *, #689, .T. ) ;
#541 = ADVANCED_FACE ( 'NONE', ( #1050 ), #1365, .F. ) ;
#542 = ADVANCED_FACE ( 'NONE', ( #1579 ), #452, .F. ) ;
#543 = VECTOR ( 'NONE', #1135, 1000.000000000000000 ) ;
#544 = DIRECTION ( 'NONE',  ( -0.000000000000000000, -0.000000000000000000, 1.000000000000000000 ) ) ;
#545 = LINE ( 'NONE', #1364, #392 ) ;
#546 = ORIENTED_EDGE ( 'NONE', *, *, #1234, .F. ) ;
#547 = CARTESIAN_POINT ( 'NONE',  ( -0.2500000000000000000, 1.391537451385998825, 0.3499999999999999778 ) ) ;
#548 = VECTOR ( 'NONE', #901, 1000.000000000000000 ) ;
#549 = VECTOR ( 'NONE', #2493, 1000.000000000000000 ) ;
#550 = CARTESIAN_POINT ( 'NONE',  ( 1.000000000000000000, 1.391537451385998825, 1.249999999999999556 ) ) ;
#551 = LINE ( 'NONE', #257, #595 ) ;
#552 =( GEOMETRIC_REPRESENTATION_CONTEXT ( 3 ) GLOBAL_UNCERTAINTY_ASSIGNED_CONTEXT ( ( #65 ) ) GLOBAL_UNIT_ASSIGNED_CONTEXT ( ( #336, #938, #643 ) ) REPRESENTATION_CONTEXT ( 'NONE', 'WORKASPACE' ) );
#553 = ORIENTED_EDGE ( 'NONE', *, *, #3500, .T. ) ;
#554 = CARTESIAN_POINT ( 'NONE',  ( 1.000000000000000000, 0.000000000000000000, 0.9499999999999992895 ) ) ;
#555 = EDGE_LOOP ( 'NONE', ( #1459, #1174, #1317, #2079, #1603, #2958, #3056, #1181 ) ) ;
#556 = DIRECTION ( 'NONE',  ( 0.000000000000000000, -1.000000000000000000, 0.000000000000000000 ) ) ;
#557 = CARTESIAN_POINT ( 'NONE',  ( -0.5499999999999997113, 0.000000000000000000, 0.3499999999999999778 ) ) ;
#558 = CARTESIAN_POINT ( 'NONE',  ( 0.6666666666666666297, 0.4949999999999999956, -1.050000000000000044 ) ) ;
#559 = VERTEX_POINT ( 'NONE', #3183 ) ;
#560 = CARTESIAN_POINT ( 'NONE',  ( -0.9000000000000000222, 0.000000000000000000, 0.9671572875253802160 ) ) ;
#561 = AXIS2_PLACEMENT_3D ( 'NONE', #1687, #1983, #441 ) ;
#562 = ORIENTED_EDGE ( 'NONE', *, *, #149, .F. ) ;
#563 = DIRECTION ( 'NONE',  ( 0.000000000000000000, 0.000000000000000000, 1.000000000000000000 ) ) ;
#564 = VERTEX_POINT ( 'NONE', #2777 ) ;
#565 = CYLINDRICAL_SURFACE ( 'NONE', #1103, 0.3000000000000003775 ) ;
#566 = EDGE_CURVE ( 'NONE', #1189, #1710, #93, .T. ) ;
#567 = ADVANCED_FACE ( 'NONE', ( #1283 ), #760, .F. ) ;
#568 = LINE ( 'NONE', #583, #1419 ) ;
#569 = SURFACE_SIDE_STYLE ('',( #890 ) ) ;
#570 = ORIENTED_EDGE ( 'NONE', *, *, #3530, .F. ) ;
#571 = ADVANCED_FACE ( 'NONE', ( #3697 ), #2882, .T. ) ;
#572 = DIRECTION ( 'NONE',  ( -0.000000000000000000, 1.000000000000000000, -0.000000000000000000 ) ) ;
#573 = EDGE_LOOP ( 'NONE', ( #861, #353, #3034, #1463 ) ) ;
#574 = VERTEX_POINT ( 'NONE', #3486 ) ;
#575 = EDGE_LOOP ( 'NONE', ( #333, #3801, #72, #1908 ) ) ;
#576 = CARTESIAN_POINT ( 'NONE',  ( 0.9000000000000000222, 0.000000000000000000, -0.9671572875253802160 ) ) ;
#577 = CARTESIAN_POINT ( 'NONE',  ( -0.6666666666666665186, 0.4949999999999999956, 0.9166666666666671848 ) ) ;
#578 = EDGE_LOOP ( 'NONE', ( #3092, #1009, #2913, #74 ) ) ;
#579 = ORIENTED_EDGE ( 'NONE', *, *, #3345, .F. ) ;
#580 = CARTESIAN_POINT ( 'NONE',  ( 0.9000000000000000222, 0.2199999999999999178, -0.3499999999999999778 ) ) ;
#581 = AXIS2_PLACEMENT_3D ( 'NONE', #711, #2657, #2619 ) ;
#582 = CARTESIAN_POINT ( 'NONE',  ( -0.2500000000000000000, 0.000000000000000000, 1.149999999999999911 ) ) ;
#583 = CARTESIAN_POINT ( 'NONE',  ( 0.6666666666666666297, 0.4674999999999999711, -1.116666666666666474 ) ) ;
#584 = EDGE_CURVE ( 'NONE', #727, #3302, #3442, .T. ) ;
#585 = CARTESIAN_POINT ( 'NONE',  ( -0.6666666666666665186, 0.4675000000000000266, 0.9166666666666671848 ) ) ;
#586 = CARTESIAN_POINT ( 'NONE',  ( 1.000000000000000000, 0.000000000000000000, 1.249999999999999556 ) ) ;
#587 = ORIENTED_EDGE ( 'NONE', *, *, #1883, .T. ) ;
#588 = PLANE ( 'NONE',  #1890 ) ;
#589 = VERTEX_POINT ( 'NONE', #2553 ) ;
#590 = VERTEX_POINT ( 'NONE', #784 ) ;
#591 = EDGE_CURVE ( 'NONE', #1189, #3127, #1694, .T. ) ;
#592 = ADVANCED_FACE ( 'NONE', ( #514 ), #719, .F. ) ;
#593 = FILL_AREA_STYLE_COLOUR ( '', #472 ) ;
#594 = CARTESIAN_POINT ( 'NONE',  ( 0.6999999999999996225, 1.391537451385998825, 1.250000000000000888 ) ) ;
#595 = VECTOR ( 'NONE', #1457, 1000.000000000000000 ) ;
#596 = DIRECTION ( 'NONE',  ( 0.000000000000000000, 1.000000000000000000, 0.000000000000000000 ) ) ;
#597 = AXIS2_PLACEMENT_3D ( 'NONE', #2746, #1247, #2152 ) ;
#598 = AXIS2_PLACEMENT_3D ( 'NONE', #3122, #3453, #1034 ) ;
#599 = ORIENTED_EDGE ( 'NONE', *, *, #1327, .F. ) ;
#600 = AXIS2_PLACEMENT_3D ( 'NONE', #888, #3597, #1437 ) ;
#601 = AXIS2_PLACEMENT_3D ( 'NONE', #246, #3608, #1 ) ;
#602 = FACE_OUTER_BOUND ( 'NONE', #3640, .T. ) ;
#603 = LINE ( 'NONE', #2428, #1598 ) ;
#604 = CIRCLE ( 'NONE', #2364, 0.02749999999999996197 ) ;
#605 = ORIENTED_EDGE ( 'NONE', *, *, #1276, .T. ) ;
#606 = VECTOR ( 'NONE', #1101, 1000.000000000000000 ) ;
#607 = CIRCLE ( 'NONE', #3102, 0.3000000000000003775 ) ;
#608 = ORIENTED_EDGE ( 'NONE', *, *, #2868, .T. ) ;
#609 = COLOUR_RGB ( '',1.000000000000000000, 0.8117647058823529438, 0.5019607843137254832 ) ;
#610 = VERTEX_POINT ( 'NONE', #280 ) ;
#611 = DIRECTION ( 'NONE',  ( 1.000000000000000000, -0.000000000000000000, -0.000000000000000000 ) ) ;
#612 = DIRECTION ( 'NONE',  ( 1.182766006347823355E-16, -0.000000000000000000, 1.000000000000000000 ) ) ;
#613 = AXIS2_PLACEMENT_3D ( 'NONE', #1479, #304, #1494 ) ;
#614 = CARTESIAN_POINT ( 'NONE',  ( 0.000000000000000000, 0.2200000000000000011, 0.000000000000000000 ) ) ;
#615 = ADVANCED_FACE ( 'NONE', ( #533 ), #248, .F. ) ;
#616 = CARTESIAN_POINT ( 'NONE',  ( -0.7999999999999998224, 0.000000000000000000, -1.250000000000000444 ) ) ;
#617 = CARTESIAN_POINT ( 'NONE',  ( -0.6666666666666666297, 0.4675000000000000266, -0.9166666666666659635 ) ) ;
#618 = EDGE_CURVE ( 'NONE', #1232, #216, #887, .T. ) ;
#619 = ORIENTED_EDGE ( 'NONE', *, *, #2439, .T. ) ;
#620 = CARTESIAN_POINT ( 'NONE',  ( -0.7999999999999998224, 1.391537451385998825, -1.250000000000000444 ) ) ;
#621 = CARTESIAN_POINT ( 'NONE',  ( 1.000000000000000000, 3.641562118716424212, 1.250000000000000444 ) ) ;
#622 = ORIENTED_EDGE ( 'NONE', *, *, #2970, .F. ) ;
#623 = DIRECTION ( 'NONE',  ( 0.000000000000000000, -1.000000000000000000, 0.000000000000000000 ) ) ;
#624 = CARTESIAN_POINT ( 'NONE',  ( -0.9000000000000000222, 1.391537451385998825, -0.3499999999999999778 ) ) ;
#625 = DIRECTION ( 'NONE',  ( 1.000000000000000000, 0.000000000000000000, 0.000000000000000000 ) ) ;
#626 = PLANE ( 'NONE',  #479 ) ;
#627 = DIRECTION ( 'NONE',  ( 0.000000000000000000, -1.000000000000000000, 0.000000000000000000 ) ) ;
#628 = DIRECTION ( 'NONE',  ( 0.000000000000000000, -1.000000000000000000, 0.000000000000000000 ) ) ;
#629 = ADVANCED_FACE ( 'NONE', ( #2966 ), #588, .T. ) ;
#630 = VERTEX_POINT ( 'NONE', #2176 ) ;
#631 = EDGE_CURVE ( 'NONE', #405, #1703, #210, .T. ) ;
#632 = EDGE_CURVE ( 'NONE', #167, #2448, #352, .T. ) ;
#633 = STYLED_ITEM ( 'NONE', ( #3665 ), #199 ) ;
#634 = LINE ( 'NONE', #652, #2413 ) ;
#635 = LINE ( 'NONE', #1838, #2219 ) ;
#636 = VECTOR ( 'NONE', #2209, 1000.000000000000000 ) ;
#637 = VERTEX_POINT ( 'NONE', #2155 ) ;
#638 = LINE ( 'NONE', #59, #2472 ) ;
#639 = CARTESIAN_POINT ( 'NONE',  ( 1.000000000000000000, 0.000000000000000000, -1.249999999999999556 ) ) ;
#640 = PLANE ( 'NONE',  #1852 ) ;
#641 = LINE ( 'NONE', #2973, #2692 ) ;
#642 = APPLICATION_CONTEXT ( 'automotive_design' ) ;
#643 =( NAMED_UNIT ( * ) SI_UNIT ( $, .STERADIAN. ) SOLID_ANGLE_UNIT ( ) );
#644 = DIRECTION ( 'NONE',  ( -1.000000000000000000, -0.000000000000000000, -4.641700778034423412E-16 ) ) ;
#645 = DIRECTION ( 'NONE',  ( 0.000000000000000000, -0.000000000000000000, 1.000000000000000000 ) ) ;
#646 = ADVANCED_FACE ( 'NONE', ( #16 ), #2194, .T. ) ;
#647 = ORIENTED_EDGE ( 'NONE', *, *, #992, .F. ) ;
#648 = VECTOR ( 'NONE', #3848, 1000.000000000000000 ) ;
#649 = VECTOR ( 'NONE', #1686, 1000.000000000000000 ) ;
#650 = EDGE_CURVE ( 'NONE', #1904, #2605, #2124, .T. ) ;
#651 = EDGE_CURVE ( 'NONE', #2386, #2801, #3786, .T. ) ;
#652 = CARTESIAN_POINT ( 'NONE',  ( -0.8000000000000000444, 0.2199999999999999178, 1.250000000000000444 ) ) ;
#653 = CARTESIAN_POINT ( 'NONE',  ( -0.8000000000000000444, 0.4400000000000000022, 1.250000000000000444 ) ) ;
#654 = CIRCLE ( 'NONE', #3877, 0.3000000000000003775 ) ;
#655 = VECTOR ( 'NONE', #556, 1000.000000000000000 ) ;
#656 = ORIENTED_EDGE ( 'NONE', *, *, #2013, .T. ) ;
#657 = DIRECTION ( 'NONE',  ( 0.000000000000000000, 0.000000000000000000, -1.000000000000000000 ) ) ;
#658 = CARTESIAN_POINT ( 'NONE',  ( -0.6666666666666666297, 0.4400000000000000022, -1.144166666666665666 ) ) ;
#659 = EDGE_LOOP ( 'NONE', ( #2804, #1854, #619, #385, #3802, #1732, #3032, #2515 ) ) ;
#660 = EDGE_CURVE ( 'NONE', #3381, #3897, #1109, .T. ) ;
#661 = VECTOR ( 'NONE', #3460, 1000.000000000000000 ) ;
#662 = DIRECTION ( 'NONE',  ( 0.000000000000000000, -0.000000000000000000, 1.000000000000000000 ) ) ;
#663 = CARTESIAN_POINT ( 'NONE',  ( -0.6666666666666665186, 0.4400000000000000022, 0.9166666666666671848 ) ) ;
#664 = VECTOR ( 'NONE', #2846, 1000.000000000000000 ) ;
#665 = VECTOR ( 'NONE', #1448, 1000.000000000000000 ) ;
#666 = CARTESIAN_POINT ( 'NONE',  ( 0.000000000000000000, 0.4400000000000000022, 1.144166666666666998 ) ) ;
#667 = ORIENTED_EDGE ( 'NONE', *, *, #967, .T. ) ;
#668 = CARTESIAN_POINT ( 'NONE',  ( -0.5499999999999990452, 0.2199999999999999178, 0.3499999999999999778 ) ) ;
#669 = LINE ( 'NONE', #3385, #701 ) ;
#670 = ADVANCED_FACE ( 'NONE', ( #1674 ), #3518, .T. ) ;
#671 = ORIENTED_EDGE ( 'NONE', *, *, #3374, .F. ) ;
#672 = CARTESIAN_POINT ( 'NONE',  ( 0.6666666666666666297, 0.4675000000000000266, -1.144166666666666332 ) ) ;
#673 = ORIENTED_EDGE ( 'NONE', *, *, #3153, .F. ) ;
#674 = DIRECTION ( 'NONE',  ( -1.000000000000000000, 0.000000000000000000, -0.000000000000000000 ) ) ;
#675 = TOROIDAL_SURFACE ( 'NONE', #561, 0.1724999999999999312, 0.02749999999999999667 ) ;
#676 = DIRECTION ( 'NONE',  ( -1.000000000000000000, 0.000000000000000000, 0.000000000000000000 ) ) ;
#677 = EDGE_CURVE ( 'NONE', #1638, #3897, #1699, .T. ) ;
#678 = LINE ( 'NONE', #1017, #3115 ) ;
#679 = SURFACE_SIDE_STYLE ('',( #1000 ) ) ;
#680 = ORIENTED_EDGE ( 'NONE', *, *, #3269, .F. ) ;
#681 = AXIS2_PLACEMENT_3D ( 'NONE', #837, #294, #1729 ) ;
#682 = CARTESIAN_POINT ( 'NONE',  ( 0.8391666666666666163, 0.4674999999999999711, 0.9166666666666669627 ) ) ;
#683 = PLANE ( 'NONE',  #3352 ) ;
#684 = EDGE_LOOP ( 'NONE', ( #1885, #1484, #58, #1683 ) ) ;
#685 = AXIS2_PLACEMENT_3D ( 'NONE', #586, #312, #2710 ) ;
#686 = DIRECTION ( 'NONE',  ( 1.000000000000000000, 0.000000000000000000, -1.182766006347823355E-16 ) ) ;
#687 = CARTESIAN_POINT ( 'NONE',  ( -0.6666666666666665186, 0.5000000000000000000, 0.9166666666666671848 ) ) ;
#688 = ORIENTED_EDGE ( 'NONE', *, *, #64, .T. ) ;
#689 = EDGE_CURVE ( 'NONE', #2235, #3652, #408, .T. ) ;
#690 = CARTESIAN_POINT ( 'NONE',  ( -1.000000000000000000, 0.000000000000000000, -1.249999999999999556 ) ) ;
#691 = CARTESIAN_POINT ( 'NONE',  ( -0.9000000000000000222, 0.000000000000000000, 0.3499999999999999778 ) ) ;
#692 = EDGE_CURVE ( 'NONE', #2229, #1636, #1132, .T. ) ;
#693 = ADVANCED_FACE ( 'NONE', ( #474 ), #1084, .F. ) ;
#694 = LINE ( 'NONE', #3648, #476 ) ;
#695 = FACE_OUTER_BOUND ( 'NONE', #3005, .T. ) ;
#696 = ORIENTED_EDGE ( 'NONE', *, *, #1788, .T. ) ;
#697 = DIRECTION ( 'NONE',  ( 0.000000000000000000, 0.000000000000000000, 1.000000000000000000 ) ) ;
#698 = CARTESIAN_POINT ( 'NONE',  ( -1.000000000000000000, 0.4399999999999999467, 1.049999999999999600 ) ) ;
#699 = VERTEX_POINT ( 'NONE', #517 ) ;
#700 = EDGE_LOOP ( 'NONE', ( #599, #1942, #812, #1762 ) ) ;
#701 = VECTOR ( 'NONE', #3619, 1000.000000000000000 ) ;
#702 = DIRECTION ( 'NONE',  ( 0.000000000000000000, 0.000000000000000000, 1.000000000000000000 ) ) ;
#703 = ORIENTED_EDGE ( 'NONE', *, *, #2554, .F. ) ;
#704 = CIRCLE ( 'NONE', #2046, 0.3000000000000003775 ) ;
#705 = LINE ( 'NONE', #2748, #2850 ) ;
#706 = DIRECTION ( 'NONE',  ( 0.000000000000000000, 1.000000000000000000, 0.000000000000000000 ) ) ;
#707 = ORIENTED_EDGE ( 'NONE', *, *, #591, .T. ) ;
#708 = CARTESIAN_POINT ( 'NONE',  ( 0.6666666666666667407, 0.5500000000000000444, 1.000000000000000666 ) ) ;
#709 = CIRCLE ( 'NONE', #2172, 0.3000000000000003775 ) ;
#710 =( LENGTH_UNIT ( ) NAMED_UNIT ( * ) SI_UNIT ( .MILLI., .METRE. ) );
#711 = CARTESIAN_POINT ( 'NONE',  ( 0.9000000000000000222, 1.391537451385998825, 0.3499999999999999778 ) ) ;
#712 = STYLED_ITEM ( 'NONE', ( #23 ), #2815 ) ;
#713 = AXIS2_PLACEMENT_3D ( 'NONE', #1426, #136, #1330 ) ;
#714 = ORIENTED_EDGE ( 'NONE', *, *, #3832, .T. ) ;
#715 =( NAMED_UNIT ( * ) SI_UNIT ( $, .STERADIAN. ) SOLID_ANGLE_UNIT ( ) );
#716 = CARTESIAN_POINT ( 'NONE',  ( -0.9000000000000000222, 0.000000000000000000, 0.9671572875253802160 ) ) ;
#717 = AXIS2_PLACEMENT_3D ( 'NONE', #2263, #758, #1425 ) ;
#718 = EDGE_CURVE ( 'NONE', #3861, #1189, #1992, .T. ) ;
#719 = CYLINDRICAL_SURFACE ( 'NONE', #3286, 0.3000000000000003775 ) ;
#720 = CARTESIAN_POINT ( 'NONE',  ( -0.6500000000000001332, 0.5300000000000000266, -0.9000000000000000222 ) ) ;
#721 = AXIS2_PLACEMENT_3D ( 'NONE', #807, #2016, #3238 ) ;
#722 = ORIENTED_EDGE ( 'NONE', *, *, #1171, .T. ) ;
#723 = VECTOR ( 'NONE', #3383, 1000.000000000000000 ) ;
#724 = ORIENTED_EDGE ( 'NONE', *, *, #206, .T. ) ;
#725 = PRESENTATION_LAYER_ASSIGNMENT (  '', '', ( #243 ) ) ;
#726 = DIRECTION ( 'NONE',  ( 1.000000000000000000, 0.000000000000000000, 0.000000000000000000 ) ) ;
#727 = VERTEX_POINT ( 'NONE', #2916 ) ;
#728 = CARTESIAN_POINT ( 'NONE',  ( -1.000000000000000000, 0.2199999999999999178, 1.249999999999999556 ) ) ;
#729 = CARTESIAN_POINT ( 'NONE',  ( 0.9000000000000000222, 0.000000000000000000, 0.3499999999999999778 ) ) ;
#730 = PLANE ( 'NONE',  #2095 ) ;
#731 = ORIENTED_EDGE ( 'NONE', *, *, #3327, .T. ) ;
#732 = CARTESIAN_POINT ( 'NONE',  ( 0.7999999999999997113, 1.391537451385998825, 1.250000000000000444 ) ) ;
#733 = VERTEX_POINT ( 'NONE', #538 ) ;
#734 = ORIENTED_EDGE ( 'NONE', *, *, #2548, .F. ) ;
#735 = DIRECTION ( 'NONE',  ( 0.000000000000000000, 0.000000000000000000, 1.000000000000000000 ) ) ;
#736 = FILL_AREA_STYLE_COLOUR ( '', #1816 ) ;
#737 = CIRCLE ( 'NONE', #2947, 0.1333333333333336090 ) ;
#738 = ORIENTED_EDGE ( 'NONE', *, *, #2319, .F. ) ;
#739 = SURFACE_STYLE_FILL_AREA ( #998 ) ;
#740 = DIRECTION ( 'NONE',  ( 0.000000000000000000, 1.000000000000000000, 0.000000000000000000 ) ) ;
#741 = PLANE ( 'NONE',  #3686 ) ;
#742 = ORIENTED_EDGE ( 'NONE', *, *, #1187, .T. ) ;
#743 = EDGE_LOOP ( 'NONE', ( #502, #1642, #3815, #1454 ) ) ;
#744 = EDGE_CURVE ( 'NONE', #908, #1839, #1803, .T. ) ;
#745 = ORIENTED_EDGE ( 'NONE', *, *, #1234, .T. ) ;
#746 = ORIENTED_EDGE ( 'NONE', *, *, #2325, .T. ) ;
#747 = EDGE_CURVE ( 'NONE', #3667, #253, #709, .T. ) ;
#748 = EDGE_CURVE ( 'NONE', #2658, #2697, #3300, .T. ) ;
#749 = DIRECTION ( 'NONE',  ( -1.000000000000000000, 0.000000000000000000, 0.000000000000000000 ) ) ;
#750 = LINE ( 'NONE', #2004, #3175 ) ;
#751 = ORIENTED_EDGE ( 'NONE', *, *, #2272, .F. ) ;
#752 = DIRECTION ( 'NONE',  ( -0.000000000000000000, 1.000000000000000000, -0.000000000000000000 ) ) ;
#753 = VERTEX_POINT ( 'NONE', #1888 ) ;
#754 = DIRECTION ( 'NONE',  ( 0.000000000000000000, 1.000000000000000000, 0.000000000000000000 ) ) ;
#755 = CARTESIAN_POINT ( 'NONE',  ( -0.7500000000000002220, 0.5000000000000000000, -0.9166666666666657415 ) ) ;
#756 = PLANE ( 'NONE',  #1633 ) ;
#757 = ORIENTED_EDGE ( 'NONE', *, *, #869, .T. ) ;
#758 = DIRECTION ( 'NONE',  ( 1.000000000000000000, 0.000000000000000000, -1.626303258728256651E-16 ) ) ;
#759 = DIRECTION ( 'NONE',  ( 0.000000000000000000, 0.000000000000000000, -1.000000000000000000 ) ) ;
#760 = TOROIDAL_SURFACE ( 'NONE', #271, 0.2274999999999999245, 0.02749999999999999667 ) ;
#761 = DIRECTION ( 'NONE',  ( 0.000000000000000000, -1.000000000000000000, 0.000000000000000000 ) ) ;
#762 = CARTESIAN_POINT ( 'NONE',  ( -0.6500000000000001332, 0.5300000000000000266, -0.9000000000000000222 ) ) ;
#763 = ORIENTED_EDGE ( 'NONE', *, *, #960, .F. ) ;
#764 = ORIENTED_EDGE ( 'NONE', *, *, #2105, .T. ) ;
#765 = ORIENTED_EDGE ( 'NONE', *, *, #2033, .T. ) ;
#766 = ORIENTED_EDGE ( 'NONE', *, *, #2402, .F. ) ;
#767 = CARTESIAN_POINT ( 'NONE',  ( -1.000000000000000000, 3.641562118716424212, 1.250000000000000444 ) ) ;
#768 = CARTESIAN_POINT ( 'NONE',  ( -0.8000000000000001554, 0.5000000000000000000, -0.9166666666666657415 ) ) ;
#769 = EDGE_CURVE ( 'NONE', #3462, #2955, #2924, .T. ) ;
#770 = FACE_OUTER_BOUND ( 'NONE', #1264, .T. ) ;
#771 = CYLINDRICAL_SURFACE ( 'NONE', #410, 0.05000000000000002359 ) ;
#772 = VERTEX_POINT ( 'NONE', #2626 ) ;
#773 = DIRECTION ( 'NONE',  ( 0.000000000000000000, 0.000000000000000000, -1.000000000000000000 ) ) ;
#774 = VERTEX_POINT ( 'NONE', #987 ) ;
#775 = LINE ( 'NONE', #170, #535 ) ;
#776 = CARTESIAN_POINT ( 'NONE',  ( 0.2500000000000000000, 0.2199999999999999178, 0.3499999999999999778 ) ) ;
#777 = CIRCLE ( 'NONE', #3555, 0.1999999999999999833 ) ;
#778 = EDGE_LOOP ( 'NONE', ( #1820, #1612, #189, #2026 ) ) ;
#779 = VECTOR ( 'NONE', #2357, 1000.000000000000000 ) ;
#780 = CARTESIAN_POINT ( 'NONE',  ( 0.7500000000000003331, 0.5500000000000000444, -0.9166666666666662966 ) ) ;
#781 = FACE_OUTER_BOUND ( 'NONE', #2007, .T. ) ;
#782 = CIRCLE ( 'NONE', #1423, 0.2000000000000003164 ) ;
#783 = ORIENTED_EDGE ( 'NONE', *, *, #1497, .T. ) ;
#784 = CARTESIAN_POINT ( 'NONE',  ( 0.8000000000000003775, 0.5000000000000000000, -0.9166666666666662966 ) ) ;
#785 = CARTESIAN_POINT ( 'NONE',  ( 0.6666666666666666297, 0.4675000000000000266, -0.9166666666666662966 ) ) ;
#786 = CARTESIAN_POINT ( 'NONE',  ( 0.8941666666666665542, 0.4400000000000000022, 0.000000000000000000 ) ) ;
#787 = ORIENTED_EDGE ( 'NONE', *, *, #3332, .F. ) ;
#788 = CARTESIAN_POINT ( 'NONE',  ( -1.000000000000000000, 0.2200000000000003619, -1.049999999999999600 ) ) ;
#789 = AXIS2_PLACEMENT_3D ( 'NONE', #762, #3202, #1331 ) ;
#790 = DIRECTION ( 'NONE',  ( 0.000000000000000000, -1.000000000000000000, 0.000000000000000000 ) ) ;
#791 = CIRCLE ( 'NONE', #3566, 0.3000000000000003775 ) ;
#792 = ORIENTED_EDGE ( 'NONE', *, *, #260, .T. ) ;
#793 = DIRECTION ( 'NONE',  ( -0.000000000000000000, -1.000000000000000000, -0.000000000000000000 ) ) ;
#794 = AXIS2_PLACEMENT_3D ( 'NONE', #577, #1478, #2685 ) ;
#795 = CYLINDRICAL_SURFACE ( 'NONE', #2101, 0.3000000000000003775 ) ;
#796 = CARTESIAN_POINT ( 'NONE',  ( -0.6999999999999996225, 0.2199999999999999178, -1.249999999999999556 ) ) ;
#797 = ORIENTED_EDGE ( 'NONE', *, *, #1720, .F. ) ;
#798 = DIRECTION ( 'NONE',  ( -0.000000000000000000, 0.000000000000000000, 1.000000000000000000 ) ) ;
#799 = EDGE_CURVE ( 'NONE', #2362, #1232, #2797, .T. ) ;
#800 = ORIENTED_EDGE ( 'NONE', *, *, #1477, .T. ) ;
#801 = LINE ( 'NONE', #2345, #3746 ) ;
#802 = EDGE_CURVE ( 'NONE', #1146, #3156, #2743, .T. ) ;
#803 = DIRECTION ( 'NONE',  ( -1.000000000000000000, 0.000000000000000000, 0.000000000000000000 ) ) ;
#804 = EDGE_CURVE ( 'NONE', #1404, #1005, #3205, .T. ) ;
#805 = CARTESIAN_POINT ( 'NONE',  ( -0.9000000000000000222, 0.2199999999999999178, 0.9671572875253802160 ) ) ;
#806 = VECTOR ( 'NONE', #2752, 1000.000000000000000 ) ;
#807 = CARTESIAN_POINT ( 'NONE',  ( 0.6666666666666666297, 0.5000000000000000000, -0.9166666666666662966 ) ) ;
#808 = ORIENTED_EDGE ( 'NONE', *, *, #1955, .T. ) ;
#809 = DIRECTION ( 'NONE',  ( 0.000000000000000000, 0.000000000000000000, 1.000000000000000000 ) ) ;
#810 = ORIENTED_EDGE ( 'NONE', *, *, #3311, .F. ) ;
#811 = DIRECTION ( 'NONE',  ( 1.000000000000000000, -0.000000000000000000, 8.673617379884022850E-15 ) ) ;
#812 = ORIENTED_EDGE ( 'NONE', *, *, #2060, .F. ) ;
#813 = DIRECTION ( 'NONE',  ( 0.000000000000000000, 1.000000000000000000, 0.000000000000000000 ) ) ;
#814 = CYLINDRICAL_SURFACE ( 'NONE', #845, 0.02749999999999996197 ) ;
#815 = EDGE_LOOP ( 'NONE', ( #1493, #2249, #19, #3728 ) ) ;
#816 = ORIENTED_EDGE ( 'NONE', *, *, #2402, .T. ) ;
#817 = STYLED_ITEM ( 'NONE', ( #1488 ), #1496 ) ;
#818 = CARTESIAN_POINT ( 'NONE',  ( -0.8000000000000001554, 0.4949999999999999956, -0.9166666666666657415 ) ) ;
#819 = ORIENTED_EDGE ( 'NONE', *, *, #1067, .T. ) ;
#820 = DIRECTION ( 'NONE',  ( 0.000000000000000000, 0.000000000000000000, 1.000000000000000000 ) ) ;
#821 = LINE ( 'NONE', #263, #1738 ) ;
#822 = DIRECTION ( 'NONE',  ( 1.000000000000000000, -0.000000000000000000, 0.000000000000000000 ) ) ;
#823 = CIRCLE ( 'NONE', #685, 0.3000000000000003775 ) ;
#824 = EDGE_CURVE ( 'NONE', #1049, #1891, #1301, .T. ) ;
#825 = EDGE_CURVE ( 'NONE', #3275, #1971, #2601, .T. ) ;
#826 = CARTESIAN_POINT ( 'NONE',  ( -0.6500000000000001332, 0.5500000000000000444, -0.9499999999999999556 ) ) ;
#827 = ORIENTED_EDGE ( 'NONE', *, *, #128, .T. ) ;
#828 = CARTESIAN_POINT ( 'NONE',  ( -0.6666666666666666297, 0.4949999999999999956, -0.9166666666666659635 ) ) ;
#829 = CIRCLE ( 'NONE', #949, 0.3000000000000003775 ) ;
#830 = EDGE_CURVE ( 'NONE', #2637, #1833, #1797, .T. ) ;
#831 = ORIENTED_EDGE ( 'NONE', *, *, #232, .T. ) ;
#832 = CARTESIAN_POINT ( 'NONE',  ( 0.6666666666666666297, 0.5500000000000000444, -0.9166666666666662966 ) ) ;
#833 = LINE ( 'NONE', #2901, #2094 ) ;
#834 = VERTEX_POINT ( 'NONE', #1530 ) ;
#835 = ORIENTED_EDGE ( 'NONE', *, *, #1411, .T. ) ;
#836 = CYLINDRICAL_SURFACE ( 'NONE', #2293, 0.2000000000000003164 ) ;
#837 = CARTESIAN_POINT ( 'NONE',  ( 0.9000000000000000222, 1.391537451385998825, -0.9671572875253802160 ) ) ;
#838 = ORIENTED_EDGE ( 'NONE', *, *, #2163, .T. ) ;
#839 = DIRECTION ( 'NONE',  ( 2.168404344971008079E-15, -0.000000000000000000, 1.000000000000000000 ) ) ;
#840 = VERTEX_POINT ( 'NONE', #1830 ) ;
#841 = CARTESIAN_POINT ( 'NONE',  ( 0.7999999999999998224, 0.2199999999999999178, -1.250000000000000444 ) ) ;
#842 = AXIS2_PLACEMENT_3D ( 'NONE', #620, #1855, #2758 ) ;
#843 = DIRECTION ( 'NONE',  ( -0.000000000000000000, -1.000000000000000000, -0.000000000000000000 ) ) ;
#844 = DIRECTION ( 'NONE',  ( 0.000000000000000000, 1.000000000000000000, 0.000000000000000000 ) ) ;
#845 = AXIS2_PLACEMENT_3D ( 'NONE', #3117, #2858, #1620 ) ;
#846 = CIRCLE ( 'NONE', #3040, 0.2274999999999999523 ) ;
#847 = EDGE_CURVE ( 'NONE', #3753, #2488, #2738, .T. ) ;
#848 = VECTOR ( 'NONE', #1935, 1000.000000000000000 ) ;
#849 = DIRECTION ( 'NONE',  ( 0.000000000000000000, 0.000000000000000000, -1.000000000000000000 ) ) ;
#850 = ORIENTED_EDGE ( 'NONE', *, *, #1192, .T. ) ;
#851 = EDGE_CURVE ( 'NONE', #3713, #1002, #1100, .T. ) ;
#852 = ADVANCED_FACE ( 'NONE', ( #395 ), #1610, .F. ) ;
#853 = VERTEX_POINT ( 'NONE', #1313 ) ;
#854 = CARTESIAN_POINT ( 'NONE',  ( 0.8000000000000003775, 3.190075756488817582, 0.9166666666666669627 ) ) ;
#855 = CARTESIAN_POINT ( 'NONE',  ( 0.2500000000000000000, 1.391537451385998825, 0.3499999999999999778 ) ) ;
#856 = VECTOR ( 'NONE', #752, 1000.000000000000000 ) ;
#857 = PLANE ( 'NONE',  #1220 ) ;
#858 =( NAMED_UNIT ( * ) SI_UNIT ( $, .STERADIAN. ) SOLID_ANGLE_UNIT ( ) );
#859 = AXIS2_PLACEMENT_3D ( 'NONE', #3610, #596, #2437 ) ;
#860 = CARTESIAN_POINT ( 'NONE',  ( 0.9000000000000000222, 0.000000000000000000, -0.3499999999999999778 ) ) ;
#861 = ORIENTED_EDGE ( 'NONE', *, *, #2920, .F. ) ;
#862 = ORIENTED_EDGE ( 'NONE', *, *, #2579, .F. ) ;
#863 = DIRECTION ( 'NONE',  ( -0.000000000000000000, -1.000000000000000000, -0.000000000000000000 ) ) ;
#864 = DIRECTION ( 'NONE',  ( -0.000000000000000000, -1.000000000000000000, -0.000000000000000000 ) ) ;
#865 = LINE ( 'NONE', #303, #1609 ) ;
#866 = ORIENTED_EDGE ( 'NONE', *, *, #2251, .T. ) ;
#867 = CARTESIAN_POINT ( 'NONE',  ( -0.6666666666666665186, 0.4674999999999999711, 1.116666666666667140 ) ) ;
#868 =( NAMED_UNIT ( * ) PLANE_ANGLE_UNIT ( ) SI_UNIT ( $, .RADIAN. ) );
#869 = EDGE_CURVE ( 'NONE', #924, #2387, #694, .T. ) ;
#870 = EDGE_LOOP ( 'NONE', ( #39, #3809, #83, #680 ) ) ;
#871 = DIRECTION ( 'NONE',  ( 0.000000000000000000, 1.000000000000000000, 0.000000000000000000 ) ) ;
#872 = EDGE_CURVE ( 'NONE', #733, #276, #1569, .T. ) ;
#873 = EDGE_CURVE ( 'NONE', #2405, #1049, #941, .T. ) ;
#874 = DIRECTION ( 'NONE',  ( 1.000000000000000000, 0.000000000000000000, -8.673617379884022850E-15 ) ) ;
#875 = DIRECTION ( 'NONE',  ( 1.000000000000000000, 0.000000000000000000, 0.000000000000000000 ) ) ;
#876 = ORIENTED_EDGE ( 'NONE', *, *, #3556, .T. ) ;
#877 = ORIENTED_EDGE ( 'NONE', *, *, #2088, .T. ) ;
#878 = VERTEX_POINT ( 'NONE', #1847 ) ;
#879 = DIRECTION ( 'NONE',  ( -0.000000000000000000, 1.000000000000000000, 0.000000000000000000 ) ) ;
#880 = DIRECTION ( 'NONE',  ( 0.000000000000000000, -1.000000000000000000, 0.000000000000000000 ) ) ;
#881 = DIRECTION ( 'NONE',  ( -0.000000000000000000, -1.000000000000000000, -0.000000000000000000 ) ) ;
#882 = ORIENTED_EDGE ( 'NONE', *, *, #3191, .T. ) ;
#883 = VECTOR ( 'NONE', #2640, 1000.000000000000000 ) ;
#884 = ORIENTED_EDGE ( 'NONE', *, *, #2036, .F. ) ;
#885 = EDGE_CURVE ( 'NONE', #2248, #3667, #1882, .T. ) ;
#886 = EDGE_LOOP ( 'NONE', ( #2059, #1693, #2410, #1086 ) ) ;
#887 = CIRCLE ( 'NONE', #3086, 0.2000000000000000944 ) ;
#888 = CARTESIAN_POINT ( 'NONE',  ( -0.6500000000000001332, 0.5500000000000000444, -0.9000000000000000222 ) ) ;
#889 = CARTESIAN_POINT ( 'NONE',  ( -1.000000000000000000, 0.2199999999999999178, 1.249999999999999556 ) ) ;
#890 = SURFACE_STYLE_FILL_AREA ( #3882 ) ;
#891 = ADVANCED_FACE ( 'NONE', ( #3397 ), #3361, .T. ) ;
#892 = ORIENTED_EDGE ( 'NONE', *, *, #2319, .T. ) ;
#893 = ORIENTED_EDGE ( 'NONE', *, *, #2458, .F. ) ;
#894 = ORIENTED_EDGE ( 'NONE', *, *, #961, .T. ) ;
#895 = FACE_OUTER_BOUND ( 'NONE', #1329, .T. ) ;
#896 = ORIENTED_EDGE ( 'NONE', *, *, #2325, .F. ) ;
#897 = DIRECTION ( 'NONE',  ( 0.000000000000000000, 0.000000000000000000, -1.000000000000000000 ) ) ;
#898 = PLANE ( 'NONE',  #293 ) ;
#899 = LINE ( 'NONE', #1814, #1607 ) ;
#900 = AXIS2_PLACEMENT_3D ( 'NONE', #621, #2709, #3000 ) ;
#901 = DIRECTION ( 'NONE',  ( 0.000000000000000000, -0.000000000000000000, 1.000000000000000000 ) ) ;
#902 = AXIS2_PLACEMENT_3D ( 'NONE', #1940, #3138, #2279 ) ;
#903 = VECTOR ( 'NONE', #3543, 1000.000000000000000 ) ;
#904 = VERTEX_POINT ( 'NONE', #1900 ) ;
#905 = AXIS2_PLACEMENT_3D ( 'NONE', #400, #1968, #89 ) ;
#906 = ORIENTED_EDGE ( 'NONE', *, *, #824, .T. ) ;
#907 = CIRCLE ( 'NONE', #3111, 0.02749999999999996197 ) ;
#908 = VERTEX_POINT ( 'NONE', #3341 ) ;
#909 = DIRECTION ( 'NONE',  ( -0.000000000000000000, -1.000000000000000000, -0.000000000000000000 ) ) ;
#910 = AXIS2_PLACEMENT_3D ( 'NONE', #1757, #1712, #463 ) ;
#911 = FACE_OUTER_BOUND ( 'NONE', #3295, .T. ) ;
#912 = ORIENTED_EDGE ( 'NONE', *, *, #2061, .T. ) ;
#913 = VECTOR ( 'NONE', #1131, 1000.000000000000000 ) ;
#914 = CIRCLE ( 'NONE', #3635, 0.2000000000000000944 ) ;
#915 = ADVANCED_FACE ( 'NONE', ( #100 ), #84, .F. ) ;
#916 = LINE ( 'NONE', #2732, #1591 ) ;
#917 = PLANE ( 'NONE',  #2496 ) ;
#918 = CIRCLE ( 'NONE', #1920, 0.3000000000000003775 ) ;
#919 = ORIENTED_EDGE ( 'NONE', *, *, #105, .F. ) ;
#920 = CARTESIAN_POINT ( 'NONE',  ( -1.000000000000000000, 1.391537451385998825, 0.9499999999999992895 ) ) ;
#921 = DIRECTION ( 'NONE',  ( 1.000000000000000000, -0.000000000000000000, -0.000000000000000000 ) ) ;
#922 = FACE_OUTER_BOUND ( 'NONE', #2636, .T. ) ;
#923 = EDGE_CURVE ( 'NONE', #3676, #134, #2470, .T. ) ;
#924 = VERTEX_POINT ( 'NONE', #3100 ) ;
#925 = FILL_AREA_STYLE ('',( #3593 ) ) ;
#926 = CARTESIAN_POINT ( 'NONE',  ( 0.6666666666666665186, 0.5000000000000000000, -1.050000000000000044 ) ) ;
#927 = VERTEX_POINT ( 'NONE', #1242 ) ;
#928 = DIRECTION ( 'NONE',  ( -1.000000000000000000, 0.000000000000000000, 0.000000000000000000 ) ) ;
#929 = CARTESIAN_POINT ( 'NONE',  ( 1.000000000000000000, 0.4399999999999999467, 1.249999999999999556 ) ) ;
#930 = DIRECTION ( 'NONE',  ( 0.000000000000000000, 0.000000000000000000, 1.000000000000000000 ) ) ;
#931 = DIRECTION ( 'NONE',  ( 0.000000000000000000, -1.000000000000000000, 0.000000000000000000 ) ) ;
#932 = ORIENTED_EDGE ( 'NONE', *, *, #3720, .T. ) ;
#933 = DIRECTION ( 'NONE',  ( 1.000000000000000000, -0.000000000000000000, 0.000000000000000000 ) ) ;
#934 = CARTESIAN_POINT ( 'NONE',  ( -1.000000000000000000, 1.391537451385998825, -1.049999999999999378 ) ) ;
#935 = EDGE_CURVE ( 'NONE', #2492, #340, #2145, .T. ) ;
#936 =( NAMED_UNIT ( * ) SI_UNIT ( $, .STERADIAN. ) SOLID_ANGLE_UNIT ( ) );
#937 = FACE_OUTER_BOUND ( 'NONE', #953, .T. ) ;
#938 =( NAMED_UNIT ( * ) PLANE_ANGLE_UNIT ( ) SI_UNIT ( $, .RADIAN. ) );
#939 = VERTEX_POINT ( 'NONE', #1296 ) ;
#940 = ADVANCED_BREP_SHAPE_REPRESENTATION ( 'FA-20H 48.0000MF10Y-AG0', ( #1496, #193, #208, #1491, #199, #1513, #2815, #2807, #2744 ), #552 ) ;
#941 = LINE ( 'NONE', #2754, #103 ) ;
#942 = EDGE_CURVE ( 'NONE', #3127, #1095, #2608, .T. ) ;
#943 = EDGE_CURVE ( 'NONE', #340, #904, #2183, .T. ) ;
#944 = CARTESIAN_POINT ( 'NONE',  ( -0.5499999999999997113, 1.391537451385998825, 0.3499999999999999778 ) ) ;
#945 = ORIENTED_EDGE ( 'NONE', *, *, #2017, .F. ) ;
#946 = VECTOR ( 'NONE', #2334, 1000.000000000000000 ) ;
#947 = CARTESIAN_POINT ( 'NONE',  ( 0.6666666666666667407, 3.190075756488817582, 1.050000000000000488 ) ) ;
#948 = CARTESIAN_POINT ( 'NONE',  ( 0.2500000000000000000, 0.000000000000000000, -0.3499999999999999778 ) ) ;
#949 = AXIS2_PLACEMENT_3D ( 'NONE', #3685, #761, #3166 ) ;
#950 = ORIENTED_EDGE ( 'NONE', *, *, #650, .F. ) ;
#951 = CARTESIAN_POINT ( 'NONE',  ( 0.7999999999999997113, 0.000000000000000000, -1.250000000000000444 ) ) ;
#952 = CARTESIAN_POINT ( 'NONE',  ( -0.9000000000000000222, 1.391537451385998825, 0.9671572875253802160 ) ) ;
#953 = EDGE_LOOP ( 'NONE', ( #2565, #894, #1988, #2839 ) ) ;
#954 = CARTESIAN_POINT ( 'NONE',  ( -0.9000000000000000222, 0.000000000000000000, 0.3499999999999999778 ) ) ;
#955 = FACE_OUTER_BOUND ( 'NONE', #1356, .T. ) ;
#956 = PRODUCT_CONTEXT ( 'NONE', #3112, 'mechanical' ) ;
#957 = CARTESIAN_POINT ( 'NONE',  ( 0.9000000000000000222, 0.2199999999999999178, 0.9671572875253802160 ) ) ;
#958 =( LENGTH_UNIT ( ) NAMED_UNIT ( * ) SI_UNIT ( .MILLI., .METRE. ) );
#959 = LINE ( 'NONE', #1572, #2171 ) ;
#960 = EDGE_CURVE ( 'NONE', #3616, #3676, #607, .T. ) ;
#961 = EDGE_CURVE ( 'NONE', #2581, #908, #2425, .T. ) ;
#962 = AXIS2_PLACEMENT_3D ( 'NONE', #3334, #1521, #1229 ) ;
#963 = DIRECTION ( 'NONE',  ( 1.000000000000000000, 0.000000000000000000, 0.000000000000000000 ) ) ;
#964 = ORIENTED_EDGE ( 'NONE', *, *, #1568, .T. ) ;
#965 = VECTOR ( 'NONE', #3215, 1000.000000000000000 ) ;
#966 = EDGE_CURVE ( 'NONE', #1625, #927, #678, .T. ) ;
#967 = EDGE_CURVE ( 'NONE', #323, #1638, #2529, .T. ) ;
#968 = DIRECTION ( 'NONE',  ( 0.000000000000000000, 0.000000000000000000, 1.000000000000000000 ) ) ;
#969 = PLANE ( 'NONE',  #1724 ) ;
#970 = ORIENTED_EDGE ( 'NONE', *, *, #2583, .F. ) ;
#971 = DIRECTION ( 'NONE',  ( -0.000000000000000000, -1.000000000000000000, -0.000000000000000000 ) ) ;
#972 = ORIENTED_EDGE ( 'NONE', *, *, #1764, .T. ) ;
#973 = VECTOR ( 'NONE', #864, 1000.000000000000000 ) ;
#974 = AXIS2_PLACEMENT_3D ( 'NONE', #1211, #3623, #2450 ) ;
#975 = DIRECTION ( 'NONE',  ( 0.000000000000000000, -1.000000000000000000, 0.000000000000000000 ) ) ;
#976 = CARTESIAN_POINT ( 'NONE',  ( -0.9000000000000000222, 0.2199999999999999178, 0.9671572875253802160 ) ) ;
#977 = AXIS2_PLACEMENT_3D ( 'NONE', #261, #3803, #2051 ) ;
#978 = VECTOR ( 'NONE', #2895, 1000.000000000000000 ) ;
#979 = CARTESIAN_POINT ( 'NONE',  ( -0.2500000000000000000, 1.391537451385998825, -1.149999999999999911 ) ) ;
#980 = CIRCLE ( 'NONE', #794, 0.1724999999999999034 ) ;
#981 = DIRECTION ( 'NONE',  ( 0.000000000000000000, -0.000000000000000000, 1.000000000000000000 ) ) ;
#982 = FILL_AREA_STYLE_COLOUR ( '', #2902 ) ;
#983 = PLANE ( 'NONE',  #1172 ) ;
#984 = ORIENTED_EDGE ( 'NONE', *, *, #2350, .F. ) ;
#985 = DIRECTION ( 'NONE',  ( -0.000000000000000000, -1.000000000000000000, -0.000000000000000000 ) ) ;
#986 = ADVANCED_FACE ( 'NONE', ( #1643 ), #1081, .T. ) ;
#987 = CARTESIAN_POINT ( 'NONE',  ( 1.000000000000000000, 0.4399999999999999467, -1.049999999999999378 ) ) ;
#988 = DIRECTION ( 'NONE',  ( 0.000000000000000000, 0.000000000000000000, -1.000000000000000000 ) ) ;
#989 = ORIENTED_EDGE ( 'NONE', *, *, #78, .F. ) ;
#990 = DIRECTION ( 'NONE',  ( 0.000000000000000000, -1.000000000000000000, 0.000000000000000000 ) ) ;
#991 = EDGE_CURVE ( 'NONE', #2371, #3616, #1692, .T. ) ;
#992 = EDGE_CURVE ( 'NONE', #2633, #774, #3199, .T. ) ;
#993 = DIRECTION ( 'NONE',  ( 1.000000000000000000, -0.000000000000000000, -8.673617379884022850E-15 ) ) ;
#994 = VERTEX_POINT ( 'NONE', #3833 ) ;
#995 = CARTESIAN_POINT ( 'NONE',  ( 0.6999999999999996225, 0.2199999999999999178, -1.249999999999999556 ) ) ;
#996 = CARTESIAN_POINT ( 'NONE',  ( 0.000000000000000000, 0.5000000000000000000, 1.000000000000000666 ) ) ;
#997 = ORIENTED_EDGE ( 'NONE', *, *, #285, .T. ) ;
#998 = FILL_AREA_STYLE ('',( #1016 ) ) ;
#999 = CARTESIAN_POINT ( 'NONE',  ( -0.6666666666666665186, 0.4675000000000000266, 1.144166666666666998 ) ) ;
#1000 = SURFACE_STYLE_FILL_AREA ( #3380 ) ;
#1001 = CYLINDRICAL_SURFACE ( 'NONE', #296, 0.1333333333333336090 ) ;
#1002 = VERTEX_POINT ( 'NONE', #2890 ) ;
#1003 = ORIENTED_EDGE ( 'NONE', *, *, #301, .T. ) ;
#1004 = CARTESIAN_POINT ( 'NONE',  ( 1.000000000000000000, 0.000000000000000000, 0.9499999999999992895 ) ) ;
#1005 = VERTEX_POINT ( 'NONE', #1378 ) ;
#1006 = CLOSED_SHELL ( 'NONE', ( #1615, #3059, #1817, #1439, #1209, #542, #1589, #2352, #915, #3789, #592, #1696, #1695, #3645, #2526, #1879, #2963, #60, #435, #3603, #319, #451, #615, #3398, #3346, #1796, #3468, #1714, #1931, #1836, #342, #1923, #3738, #129, #1350, #2703, #3053, #1038, #571 ) ) ;
#1007 = CARTESIAN_POINT ( 'NONE',  ( 1.000000000000000000, 0.000000000000000000, -1.249999999999999556 ) ) ;
#1008 = FACE_OUTER_BOUND ( 'NONE', #238, .T. ) ;
#1009 = ORIENTED_EDGE ( 'NONE', *, *, #421, .T. ) ;
#1010 = CARTESIAN_POINT ( 'NONE',  ( -0.6666666666666666297, 0.4675000000000000266, -1.089166666666665950 ) ) ;
#1011 = EDGE_CURVE ( 'NONE', #1554, #1290, #431, .T. ) ;
#1012 = CARTESIAN_POINT ( 'NONE',  ( 0.6666666666666667407, 0.4400000000000000022, 0.9166666666666669627 ) ) ;
#1013 = DIRECTION ( 'NONE',  ( 0.000000000000000000, 1.000000000000000000, 0.000000000000000000 ) ) ;
#1014 = CIRCLE ( 'NONE', #1640, 0.2275000000000000633 ) ;
#1015 = ORIENTED_EDGE ( 'NONE', *, *, #1043, .T. ) ;
#1016 = FILL_AREA_STYLE_COLOUR ( '', #1237 ) ;
#1017 = CARTESIAN_POINT ( 'NONE',  ( 0.8000000000000003775, 0.4949999999999999956, 0.9166666666666669627 ) ) ;
#1018 = FILL_AREA_STYLE_COLOUR ( '', #2340 ) ;
#1019 = ORIENTED_EDGE ( 'NONE', *, *, #1563, .F. ) ;
#1020 = DIRECTION ( 'NONE',  ( -1.000000000000000000, 0.000000000000000000, 8.673617379884003918E-15 ) ) ;
#1021 = EDGE_LOOP ( 'NONE', ( #523, #3070, #157, #1148 ) ) ;
#1022 = CARTESIAN_POINT ( 'NONE',  ( -1.000000000000000000, 0.2199999999999999178, -1.249999999999999556 ) ) ;
#1023 = ORIENTED_EDGE ( 'NONE', *, *, #2390, .T. ) ;
#1024 = ORIENTED_EDGE ( 'NONE', *, *, #2061, .F. ) ;
#1025 = AXIS2_PLACEMENT_3D ( 'NONE', #2562, #3711, #401 ) ;
#1026 = LINE ( 'NONE', #1389, #92 ) ;
#1027 = ORIENTED_EDGE ( 'NONE', *, *, #37, .F. ) ;
#1028 = AXIS2_PLACEMENT_3D ( 'NONE', #550, #292, #1096 ) ;
#1029 = CARTESIAN_POINT ( 'NONE',  ( -0.2500000000000000000, 0.000000000000000000, -0.3499999999999999778 ) ) ;
#1030 = CARTESIAN_POINT ( 'NONE',  ( 1.000000000000000000, 0.000000000000000000, 1.249999999999999556 ) ) ;
#1031 = ORIENTED_EDGE ( 'NONE', *, *, #321, .T. ) ;
#1032 = DIRECTION ( 'NONE',  ( 0.000000000000000000, 0.000000000000000000, -1.000000000000000000 ) ) ;
#1033 = ORIENTED_EDGE ( 'NONE', *, *, #2689, .F. ) ;
#1034 = DIRECTION ( 'NONE',  ( -1.000000000000000000, 0.000000000000000000, -0.000000000000000000 ) ) ;
#1035 = VECTOR ( 'NONE', #1653, 1000.000000000000000 ) ;
#1036 = FACE_OUTER_BOUND ( 'NONE', #1361, .T. ) ;
#1037 = TOROIDAL_SURFACE ( 'NONE', #2054, 0.1725000000000000422, 0.02749999999999999667 ) ;
#1038 = ADVANCED_FACE ( 'NONE', ( #781 ), #3165, .T. ) ;
#1039 = APPLICATION_PROTOCOL_DEFINITION ( 'draft international standard', 'automotive_design', 1998, #3112 ) ;
#1040 = LINE ( 'NONE', #2244, #2226 ) ;
#1041 = VECTOR ( 'NONE', #3595, 1000.000000000000000 ) ;
#1042 = EDGE_CURVE ( 'NONE', #265, #3212, #2870, .T. ) ;
#1043 = EDGE_CURVE ( 'NONE', #3250, #3676, #1040, .T. ) ;
#1044 = CIRCLE ( 'NONE', #1114, 0.1333333333333333870 ) ;
#1045 = ORIENTED_EDGE ( 'NONE', *, *, #128, .F. ) ;
#1046 = CIRCLE ( 'NONE', #2062, 0.3000000000000003775 ) ;
#1047 = CARTESIAN_POINT ( 'NONE',  ( -0.8000000000000000444, 0.4399999999999999467, 1.250000000000000444 ) ) ;
#1048 = DIRECTION ( 'NONE',  ( 0.000000000000000000, 0.000000000000000000, -1.000000000000000000 ) ) ;
#1049 = VERTEX_POINT ( 'NONE', #3513 ) ;
#1050 = FACE_OUTER_BOUND ( 'NONE', #2259, .T. ) ;
#1051 = CARTESIAN_POINT ( 'NONE',  ( 0.9000000000000000222, 0.2200000000000003619, 0.9671572875253802160 ) ) ;
#1052 = CARTESIAN_POINT ( 'NONE',  ( 0.6999999999999996225, 0.2199999999999999178, -1.249999999999999556 ) ) ;
#1053 = DIRECTION ( 'NONE',  ( 0.000000000000000000, 0.000000000000000000, 1.000000000000000000 ) ) ;
#1054 = VERTEX_POINT ( 'NONE', #3779 ) ;
#1055 = ORIENTED_EDGE ( 'NONE', *, *, #804, .F. ) ;
#1056 = DIRECTION ( 'NONE',  ( 0.000000000000000000, -0.000000000000000000, -1.000000000000000000 ) ) ;
#1057 = SURFACE_SIDE_STYLE ('',( #2592 ) ) ;
#1058 = CARTESIAN_POINT ( 'NONE',  ( -0.7999999999999999334, 3.190075756488817582, 0.9166666666666674068 ) ) ;
#1059 = AXIS2_PLACEMENT_3D ( 'NONE', #3718, #2527, #2238 ) ;
#1060 = LINE ( 'NONE', #3458, #606 ) ;
#1061 = DIRECTION ( 'NONE',  ( 0.000000000000000000, 0.000000000000000000, 1.000000000000000000 ) ) ;
#1062 = PRODUCT_RELATED_PRODUCT_CATEGORY ( 'part', '', ( #282 ) ) ;
#1063 = CARTESIAN_POINT ( 'NONE',  ( 0.000000000000000000, 0.4949999999999999956, 0.000000000000000000 ) ) ;
#1064 = EDGE_LOOP ( 'NONE', ( #1422, #3514, #1551, #1139, #2892, #1263, #2346, #3177, #3439 ) ) ;
#1065 = ORIENTED_EDGE ( 'NONE', *, *, #943, .F. ) ;
#1066 = DIRECTION ( 'NONE',  ( 1.000000000000000000, 0.000000000000000000, 0.000000000000000000 ) ) ;
#1067 = EDGE_CURVE ( 'NONE', #2448, #2810, #1483, .T. ) ;
#1068 = EDGE_CURVE ( 'NONE', #2919, #1005, #1102, .T. ) ;
#1069 = EDGE_LOOP ( 'NONE', ( #1337, #200 ) ) ;
#1070 = DIRECTION ( 'NONE',  ( 0.000000000000000000, 0.000000000000000000, -1.000000000000000000 ) ) ;
#1071 = ADVANCED_FACE ( 'NONE', ( #2305 ), #2014, .T. ) ;
#1072 = PLANE ( 'NONE',  #3359 ) ;
#1073 = ORIENTED_EDGE ( 'NONE', *, *, #1411, .F. ) ;
#1074 = DIRECTION ( 'NONE',  ( 1.000000000000000000, 0.000000000000000000, -1.626303258728256651E-16 ) ) ;
#1075 = ORIENTED_EDGE ( 'NONE', *, *, #259, .T. ) ;
#1076 = DIRECTION ( 'NONE',  ( 0.000000000000000000, 0.000000000000000000, -1.000000000000000000 ) ) ;
#1077 = SURFACE_STYLE_FILL_AREA ( #457 ) ;
#1078 = CLOSED_SHELL ( 'NONE', ( #3821, #1585, #1152, #3534, #460, #491, #2875, #1795, #2668, #178, #1812, #2991 ) ) ;
#1079 = CLOSED_SHELL ( 'NONE', ( #2373, #1253, #670, #3163, #1641, #2106, #2125, #1928, #2952, #3223, #2150 ) ) ;
#1080 = DIRECTION ( 'NONE',  ( 1.000000000000000000, -0.000000000000000000, 0.000000000000000000 ) ) ;
#1081 = PLANE ( 'NONE',  #3621 ) ;
#1082 = DIRECTION ( 'NONE',  ( 0.000000000000000000, 1.000000000000000000, 0.000000000000000000 ) ) ;
#1083 = CARTESIAN_POINT ( 'NONE',  ( 0.6666666666666667407, 0.5500000000000000444, 0.9166666666666669627 ) ) ;
#1084 = CYLINDRICAL_SURFACE ( 'NONE', #905, 0.02749999999999996197 ) ;
#1085 = LINE ( 'NONE', #3492, #1403 ) ;
#1086 = ORIENTED_EDGE ( 'NONE', *, *, #847, .F. ) ;
#1087 = EDGE_CURVE ( 'NONE', #3141, #1559, #914, .T. ) ;
#1088 = EDGE_LOOP ( 'NONE', ( #218, #3002, #1783, #673 ) ) ;
#1089 = DIRECTION ( 'NONE',  ( 0.000000000000000000, 0.000000000000000000, 1.000000000000000000 ) ) ;
#1090 = DIRECTION ( 'NONE',  ( 0.000000000000000000, 1.000000000000000000, 0.000000000000000000 ) ) ;
#1091 = CARTESIAN_POINT ( 'NONE',  ( 1.000000000000000000, 1.391537451385998825, 1.249999999999999556 ) ) ;
#1092 = AXIS2_PLACEMENT_3D ( 'NONE', #1889, #2880, #1089 ) ;
#1093 = EDGE_CURVE ( 'NONE', #1002, #1213, #2912, .T. ) ;
#1094 = ADVANCED_FACE ( 'NONE', ( #2844 ), #2622, .T. ) ;
#1095 = VERTEX_POINT ( 'NONE', #225 ) ;
#1096 = DIRECTION ( 'NONE',  ( 0.000000000000000000, 0.000000000000000000, -1.000000000000000000 ) ) ;
#1097 = LINE ( 'NONE', #3160, #2755 ) ;
#1098 = CIRCLE ( 'NONE', #3678, 0.3000000000000003775 ) ;
#1099 = AXIS2_PLACEMENT_3D ( 'NONE', #2826, #1957, #3797 ) ;
#1100 = CIRCLE ( 'NONE', #3426, 0.05000000000000002359 ) ;
#1101 = DIRECTION ( 'NONE',  ( 1.000000000000000000, 0.000000000000000000, 0.000000000000000000 ) ) ;
#1102 = LINE ( 'NONE', #1402, #3687 ) ;
#1103 = AXIS2_PLACEMENT_3D ( 'NONE', #2961, #272, #1766 ) ;
#1104 = ORIENTED_EDGE ( 'NONE', *, *, #1618, .F. ) ;
#1105 = CARTESIAN_POINT ( 'NONE',  ( -0.6500000000000001332, 0.5500000000000000444, -0.9000000000000000222 ) ) ;
#1106 = ORIENTED_EDGE ( 'NONE', *, *, #2250, .T. ) ;
#1107 = CARTESIAN_POINT ( 'NONE',  ( 0.9000000000000000222, 0.000000000000000000, -0.9671572875253802160 ) ) ;
#1108 = VECTOR ( 'NONE', #433, 1000.000000000000000 ) ;
#1109 = LINE ( 'NONE', #1596, #1424 ) ;
#1110 = AXIS2_PLACEMENT_3D ( 'NONE', #3164, #2954, #2323 ) ;
#1111 = AXIS2_PLACEMENT_3D ( 'NONE', #2498, #790, #809 ) ;
#1112 = EDGE_LOOP ( 'NONE', ( #1332, #3089 ) ) ;
#1113 = CARTESIAN_POINT ( 'NONE',  ( -1.000000000000000000, 0.000000000000000000, 0.9499999999999992895 ) ) ;
#1114 = AXIS2_PLACEMENT_3D ( 'NONE', #1979, #1684, #1324 ) ;
#1115 = DIRECTION ( 'NONE',  ( 0.000000000000000000, 1.000000000000000000, 0.000000000000000000 ) ) ;
#1116 = DIRECTION ( 'NONE',  ( 0.000000000000000000, -1.000000000000000000, 0.000000000000000000 ) ) ;
#1117 = EDGE_CURVE ( 'NONE', #3021, #488, #1129, .T. ) ;
#1118 = CARTESIAN_POINT ( 'NONE',  ( -0.2500000000000000000, 1.391537451385998825, 1.149999999999999911 ) ) ;
#1119 = EDGE_LOOP ( 'NONE', ( #3278, #513, #819, #587, #3839, #932, #3766, #3553, #3026 ) ) ;
#1120 = DIRECTION ( 'NONE',  ( 0.000000000000000000, -1.000000000000000000, 0.000000000000000000 ) ) ;
#1121 = ORIENTED_EDGE ( 'NONE', *, *, #631, .F. ) ;
#1122 = DIRECTION ( 'NONE',  ( 1.000000000000000000, -0.000000000000000000, 0.000000000000000000 ) ) ;
#1123 = CARTESIAN_POINT ( 'NONE',  ( -1.000000000000000000, 0.2199999999999999178, -1.249999999999999556 ) ) ;
#1124 = CARTESIAN_POINT ( 'NONE',  ( 0.9000000000000000222, 0.2199999999999999178, -0.9671572875253802160 ) ) ;
#1125 = ADVANCED_FACE ( 'NONE', ( #3758 ), #3485, .T. ) ;
#1126 = EDGE_CURVE ( 'NONE', #1862, #3575, #1147, .T. ) ;
#1127 = ORIENTED_EDGE ( 'NONE', *, *, #2789, .F. ) ;
#1128 = LINE ( 'NONE', #3197, #2934 ) ;
#1129 = LINE ( 'NONE', #150, #2535 ) ;
#1130 = CARTESIAN_POINT ( 'NONE',  ( -1.000000000000000000, 0.2199999999999999178, -1.249999999999999556 ) ) ;
#1131 = DIRECTION ( 'NONE',  ( 0.000000000000000000, 0.000000000000000000, -1.000000000000000000 ) ) ;
#1132 = LINE ( 'NONE', #3239, #2307 ) ;
#1133 = CARTESIAN_POINT ( 'NONE',  ( 1.000000000000000000, 0.2199999999999999178, -1.049999999999999378 ) ) ;
#1134 = EDGE_LOOP ( 'NONE', ( #1574, #1323, #1622, #2561 ) ) ;
#1135 = DIRECTION ( 'NONE',  ( -0.000000000000000000, -1.000000000000000000, -0.000000000000000000 ) ) ;
#1136 = LINE ( 'NONE', #1390, #946 ) ;
#1137 = EDGE_LOOP ( 'NONE', ( #3407, #95, #2670, #3360, #3843, #483, #3682, #2281, #3372 ) ) ;
#1138 = FACE_OUTER_BOUND ( 'NONE', #2174, .T. ) ;
#1139 = ORIENTED_EDGE ( 'NONE', *, *, #3630, .F. ) ;
#1140 = CARTESIAN_POINT ( 'NONE',  ( 1.000000000000000000, 1.391537451385998825, -1.249999999999999556 ) ) ;
#1141 = PRESENTATION_STYLE_ASSIGNMENT (( #2068 ) ) ;
#1142 = ORIENTED_EDGE ( 'NONE', *, *, #769, .T. ) ;
#1143 = CARTESIAN_POINT ( 'NONE',  ( 0.2500000000000000000, 0.000000000000000000, 0.3499999999999999778 ) ) ;
#1144 = EDGE_CURVE ( 'NONE', #1862, #167, #2032, .T. ) ;
#1145 = EDGE_CURVE ( 'NONE', #3652, #323, #1774, .T. ) ;
#1146 = VERTEX_POINT ( 'NONE', #3569 ) ;
#1147 = LINE ( 'NONE', #841, #347 ) ;
#1148 = ORIENTED_EDGE ( 'NONE', *, *, #3894, .F. ) ;
#1149 = PRESENTATION_LAYER_ASSIGNMENT (  '', '', ( #633 ) ) ;
#1150 = LINE ( 'NONE', #805, #1427 ) ;
#1151 = FACE_OUTER_BOUND ( 'NONE', #1088, .T. ) ;
#1152 = ADVANCED_FACE ( 'NONE', ( #2956 ), #1183, .T. ) ;
#1153 = VERTEX_POINT ( 'NONE', #299 ) ;
#1154 = AXIS2_PLACEMENT_3D ( 'NONE', #3423, #54, #2442 ) ;
#1155 = ORIENTED_EDGE ( 'NONE', *, *, #2868, .F. ) ;
#1156 = CARTESIAN_POINT ( 'NONE',  ( -0.6999999999999996225, 0.000000000000000000, 1.249999999999999556 ) ) ;
#1157 = ORIENTED_EDGE ( 'NONE', *, *, #3764, .F. ) ;
#1158 = DIRECTION ( 'NONE',  ( 0.000000000000000000, 0.000000000000000000, 1.000000000000000000 ) ) ;
#1159 = CARTESIAN_POINT ( 'NONE',  ( -0.9000000000000000222, 1.391537451385998825, -0.3499999999999999778 ) ) ;
#1160 =( LENGTH_UNIT ( ) NAMED_UNIT ( * ) SI_UNIT ( .MILLI., .METRE. ) );
#1161 = CARTESIAN_POINT ( 'NONE',  ( 0.9000000000000000222, 0.2199999999999999178, -0.3499999999999999778 ) ) ;
#1162 = DIRECTION ( 'NONE',  ( 0.000000000000000000, 0.000000000000000000, 1.000000000000000000 ) ) ;
#1163 = ORIENTED_EDGE ( 'NONE', *, *, #718, .T. ) ;
#1164 = AXIS2_PLACEMENT_3D ( 'NONE', #110, #3471, #2582 ) ;
#1165 = DIRECTION ( 'NONE',  ( 0.000000000000000000, 0.000000000000000000, -1.000000000000000000 ) ) ;
#1166 = ADVANCED_FACE ( 'NONE', ( #895 ), #3304, .T. ) ;
#1167 = AXIS2_PLACEMENT_3D ( 'NONE', #2505, #3436, #1325 ) ;
#1168 = CARTESIAN_POINT ( 'NONE',  ( 0.7500000000000003331, 0.5000000000000000000, 0.000000000000000000 ) ) ;
#1169 = AXIS2_PLACEMENT_3D ( 'NONE', #3641, #931, #127 ) ;
#1170 = EDGE_CURVE ( 'NONE', #2976, #2411, #1492, .T. ) ;
#1171 = EDGE_CURVE ( 'NONE', #3156, #2756, #2715, .T. ) ;
#1172 = AXIS2_PLACEMENT_3D ( 'NONE', #944, #3343, #1298 ) ;
#1173 = VECTOR ( 'NONE', #993, 1000.000000000000000 ) ;
#1174 = ORIENTED_EDGE ( 'NONE', *, *, #3392, .F. ) ;
#1175 = VECTOR ( 'NONE', #1020, 1000.000000000000000 ) ;
#1176 = ORIENTED_EDGE ( 'NONE', *, *, #1188, .F. ) ;
#1177 = CARTESIAN_POINT ( 'NONE',  ( -0.6666666666666665186, 0.4949999999999999956, 1.089166666666667060 ) ) ;
#1178 = TOROIDAL_SURFACE ( 'NONE', #2547, 0.08333333333333362014, 0.04999999999999999584 ) ;
#1179 = DIRECTION ( 'NONE',  ( -1.000000000000000000, 0.000000000000000000, 0.000000000000000000 ) ) ;
#1180 = LINE ( 'NONE', #2931, #1627 ) ;
#1181 = ORIENTED_EDGE ( 'NONE', *, *, #1349, .F. ) ;
#1182 = ORIENTED_EDGE ( 'NONE', *, *, #3508, .T. ) ;
#1183 = PLANE ( 'NONE',  #601 ) ;
#1184 = FACE_OUTER_BOUND ( 'NONE', #886, .T. ) ;
#1185 = FACE_OUTER_BOUND ( 'NONE', #3876, .T. ) ;
#1186 = CARTESIAN_POINT ( 'NONE',  ( -0.8000000000000000444, 0.2200000000000003619, 1.250000000000000444 ) ) ;
#1187 = EDGE_CURVE ( 'NONE', #1833, #276, #907, .T. ) ;
#1188 = EDGE_CURVE ( 'NONE', #2411, #2885, #846, .T. ) ;
#1189 = VERTEX_POINT ( 'NONE', #3307 ) ;
#1190 = LINE ( 'NONE', #2078, #2148 ) ;
#1191 = LINE ( 'NONE', #2652, #3493 ) ;
#1192 = EDGE_CURVE ( 'NONE', #1636, #2386, #2971, .T. ) ;
#1193 = LINE ( 'NONE', #1260, #2358 ) ;
#1194 = EDGE_LOOP ( 'NONE', ( #1299, #477, #1936, #1786 ) ) ;
#1195 = LINE ( 'NONE', #920, #973 ) ;
#1196 = LINE ( 'NONE', #594, #413 ) ;
#1197 = CARTESIAN_POINT ( 'NONE',  ( -0.2500000000000000000, 0.2199999999999999178, -1.149999999999999911 ) ) ;
#1198 = AXIS2_PLACEMENT_3D ( 'NONE', #3841, #2333, #3540 ) ;
#1199 = CARTESIAN_POINT ( 'NONE',  ( 0.000000000000000000, 0.2200000000000000011, 0.000000000000000000 ) ) ;
#1200 = MECHANICAL_DESIGN_GEOMETRIC_PRESENTATION_REPRESENTATION (  '', ( #1887 ), #3233 ) ;
#1201 = ORIENTED_EDGE ( 'NONE', *, *, #1660, .T. ) ;
#1202 = DIRECTION ( 'NONE',  ( 0.000000000000000000, 1.000000000000000000, 0.000000000000000000 ) ) ;
#1203 = LINE ( 'NONE', #926, #3405 ) ;
#1204 = AXIS2_PLACEMENT_3D ( 'NONE', #2903, #813, #3819 ) ;
#1205 = DIRECTION ( 'NONE',  ( 0.000000000000000000, 0.000000000000000000, 1.000000000000000000 ) ) ;
#1206 = CARTESIAN_POINT ( 'NONE',  ( -0.2500000000000000000, 0.000000000000000000, -1.149999999999999911 ) ) ;
#1207 = CARTESIAN_POINT ( 'NONE',  ( -0.9000000000000000222, 1.391537451385998825, -0.3499999999999999778 ) ) ;
#1208 = ORIENTED_EDGE ( 'NONE', *, *, #2689, .T. ) ;
#1209 = ADVANCED_FACE ( 'NONE', ( #3852 ), #2395, .T. ) ;
#1210 = EDGE_CURVE ( 'NONE', #1899, #3622, #3588, .T. ) ;
#1211 = CARTESIAN_POINT ( 'NONE',  ( -0.7500000000000000000, 0.5000000000000000000, 8.870745047608675779E-17 ) ) ;
#1212 = DIRECTION ( 'NONE',  ( -1.000000000000000000, 0.000000000000000000, 0.000000000000000000 ) ) ;
#1213 = VERTEX_POINT ( 'NONE', #3259 ) ;
#1214 = FACE_OUTER_BOUND ( 'NONE', #3878, .T. ) ;
#1215 = CARTESIAN_POINT ( 'NONE',  ( -0.4500000000000006772, 0.2200000000000000011, 0.4499999999999993450 ) ) ;
#1216 = DIRECTION ( 'NONE',  ( -1.000000000000000000, 0.000000000000000000, -0.000000000000000000 ) ) ;
#1217 = AXIS2_PLACEMENT_3D ( 'NONE', #3864, #2949, #2028 ) ;
#1218 = DIRECTION ( 'NONE',  ( 0.000000000000000000, 1.000000000000000000, 0.000000000000000000 ) ) ;
#1219 = EDGE_LOOP ( 'NONE', ( #2557, #3231, #2648, #970 ) ) ;
#1220 = AXIS2_PLACEMENT_3D ( 'NONE', #2907, #3232, #1179 ) ;
#1221 = AXIS2_PLACEMENT_3D ( 'NONE', #1453, #871, #3615 ) ;
#1222 = ORIENTED_EDGE ( 'NONE', *, *, #3104, .F. ) ;
#1223 = AXIS2_PLACEMENT_3D ( 'NONE', #828, #2035, #3173 ) ;
#1224 = MECHANICAL_DESIGN_GEOMETRIC_PRESENTATION_REPRESENTATION (  '', ( #712 ), #40 ) ;
#1225 = ORIENTED_EDGE ( 'NONE', *, *, #2105, .F. ) ;
#1226 = DIRECTION ( 'NONE',  ( 0.000000000000000000, 0.000000000000000000, -1.000000000000000000 ) ) ;
#1227 = CIRCLE ( 'NONE', #3255, 0.2000000000000003164 ) ;
#1228 = VECTOR ( 'NONE', #2269, 1000.000000000000000 ) ;
#1229 = DIRECTION ( 'NONE',  ( 0.000000000000000000, 0.000000000000000000, -1.000000000000000000 ) ) ;
#1230 = ORIENTED_EDGE ( 'NONE', *, *, #1277, .T. ) ;
#1231 = AXIS2_PLACEMENT_3D ( 'NONE', #283, #3590, #2419 ) ;
#1232 = VERTEX_POINT ( 'NONE', #2682 ) ;
#1233 = FACE_OUTER_BOUND ( 'NONE', #1445, .T. ) ;
#1234 = EDGE_CURVE ( 'NONE', #774, #3085, #21, .T. ) ;
#1235 = DIRECTION ( 'NONE',  ( 0.000000000000000000, 0.000000000000000000, 1.000000000000000000 ) ) ;
#1236 = EDGE_CURVE ( 'NONE', #699, #2658, #821, .T. ) ;
#1237 = COLOUR_RGB ( '',0.7921568627450980005, 0.8196078431372548767, 0.9333333333333333481 ) ;
#1238 = ORIENTED_EDGE ( 'NONE', *, *, #2198, .F. ) ;
#1239 =( LENGTH_UNIT ( ) NAMED_UNIT ( * ) SI_UNIT ( .MILLI., .METRE. ) );
#1240 = DIRECTION ( 'NONE',  ( 0.000000000000000000, 0.000000000000000000, -1.000000000000000000 ) ) ;
#1241 = DIRECTION ( 'NONE',  ( 0.000000000000000000, -0.000000000000000000, 1.000000000000000000 ) ) ;
#1242 = CARTESIAN_POINT ( 'NONE',  ( 0.8000000000000003775, 0.4949999999999999956, -0.9166666666666662966 ) ) ;
#1243 = EDGE_CURVE ( 'NONE', #3335, #1396, #2680, .T. ) ;
#1244 =( NAMED_UNIT ( * ) SI_UNIT ( $, .STERADIAN. ) SOLID_ANGLE_UNIT ( ) );
#1245 = VERTEX_POINT ( 'NONE', #2363 ) ;
#1246 = CARTESIAN_POINT ( 'NONE',  ( 0.6666666666666667407, 0.4949999999999999956, 0.9166666666666669627 ) ) ;
#1247 = DIRECTION ( 'NONE',  ( 0.000000000000000000, 0.000000000000000000, -1.000000000000000000 ) ) ;
#1248 = ORIENTED_EDGE ( 'NONE', *, *, #1946, .T. ) ;
#1249 = CARTESIAN_POINT ( 'NONE',  ( 1.000000000000000000, 0.000000000000000000, 1.250000000000000444 ) ) ;
#1250 = CARTESIAN_POINT ( 'NONE',  ( 0.7999999999999998224, 0.4400000000000000022, -1.249999999999999556 ) ) ;
#1251 = CARTESIAN_POINT ( 'NONE',  ( -0.6666666666666665186, 0.4949999999999999956, 1.050000000000000488 ) ) ;
#1252 = DIRECTION ( 'NONE',  ( -0.000000000000000000, -1.000000000000000000, -0.000000000000000000 ) ) ;
#1253 = ADVANCED_FACE ( 'NONE', ( #2072 ), #3886, .F. ) ;
#1254 = ADVANCED_FACE ( 'NONE', ( #2490 ), #43, .T. ) ;
#1255 = DIRECTION ( 'NONE',  ( 0.000000000000000000, -1.000000000000000000, 0.000000000000000000 ) ) ;
#1256 = ADVANCED_FACE ( 'NONE', ( #2159 ), #640, .T. ) ;
#1257 = EDGE_CURVE ( 'NONE', #196, #3390, #332, .T. ) ;
#1258 = CARTESIAN_POINT ( 'NONE',  ( -0.6666666666666667407, 0.5500000000000000444, -1.000000000000000000 ) ) ;
#1259 = ORIENTED_EDGE ( 'NONE', *, *, #2972, .F. ) ;
#1260 = CARTESIAN_POINT ( 'NONE',  ( 0.2500000000000000000, 0.000000000000000000, 0.3499999999999999778 ) ) ;
#1261 = PLANE ( 'NONE',  #1474 ) ;
#1262 = VECTOR ( 'NONE', #3222, 1000.000000000000000 ) ;
#1263 = ORIENTED_EDGE ( 'NONE', *, *, #942, .F. ) ;
#1264 = EDGE_LOOP ( 'NONE', ( #3055, #579, #387, #2015 ) ) ;
#1265 = ORIENTED_EDGE ( 'NONE', *, *, #744, .F. ) ;
#1266 = DIRECTION ( 'NONE',  ( 0.000000000000000000, 0.000000000000000000, -1.000000000000000000 ) ) ;
#1267 = CARTESIAN_POINT ( 'NONE',  ( -0.8941666666666664431, 0.4675000000000000266, 0.9166666666666671848 ) ) ;
#1268 = CARTESIAN_POINT ( 'NONE',  ( 0.6666666666666666297, 0.4675000000000000266, -0.9166666666666662966 ) ) ;
#1269 = APPLICATION_PROTOCOL_DEFINITION ( 'draft international standard', 'automotive_design', 1998, #642 ) ;
#1270 = ORIENTED_EDGE ( 'NONE', *, *, #1243, .T. ) ;
#1271 = DIRECTION ( 'NONE',  ( 0.000000000000000000, 0.000000000000000000, -1.000000000000000000 ) ) ;
#1272 = ADVANCED_FACE ( 'NONE', ( #1880 ), #3320, .F. ) ;
#1273 = DIRECTION ( 'NONE',  ( 0.000000000000000000, 0.000000000000000000, -1.000000000000000000 ) ) ;
#1274 = VERTEX_POINT ( 'NONE', #1527 ) ;
#1275 = AXIS2_PLACEMENT_3D ( 'NONE', #34, #2463, #3639 ) ;
#1276 = EDGE_CURVE ( 'NONE', #3857, #504, #391, .T. ) ;
#1277 = EDGE_CURVE ( 'NONE', #276, #2976, #2070, .T. ) ;
#1278 = EDGE_LOOP ( 'NONE', ( #3093, #838, #1208, #3235, #3435, #800, #2816, #1523, #912 ) ) ;
#1279 = AXIS2_PLACEMENT_3D ( 'NONE', #3582, #273, #1706 ) ;
#1280 = DIRECTION ( 'NONE',  ( -0.000000000000000000, -1.000000000000000000, -0.000000000000000000 ) ) ;
#1281 = CARTESIAN_POINT ( 'NONE',  ( -0.6500000000000001332, 0.5300000000000000266, -0.9000000000000000222 ) ) ;
#1282 = VECTOR ( 'NONE', #2375, 1000.000000000000000 ) ;
#1283 = FACE_OUTER_BOUND ( 'NONE', #3318, .T. ) ;
#1284 = LINE ( 'NONE', #112, #2416 ) ;
#1285 = DIRECTION ( 'NONE',  ( 0.000000000000000000, 0.000000000000000000, 1.000000000000000000 ) ) ;
#1286 = EDGE_LOOP ( 'NONE', ( #3206, #122, #138, #919 ) ) ;
#1287 = CIRCLE ( 'NONE', #2228, 0.3000000000000003775 ) ;
#1288 = CARTESIAN_POINT ( 'NONE',  ( 0.9000000000000000222, 0.2199999999999999178, 0.9671572875253802160 ) ) ;
#1289 = CARTESIAN_POINT ( 'NONE',  ( -0.7171572875253804380, 1.391537451385998825, -1.149999999999999911 ) ) ;
#1290 = VERTEX_POINT ( 'NONE', #691 ) ;
#1291 = AXIS2_PLACEMENT_3D ( 'NONE', #1666, #2867, #1401 ) ;
#1292 = AXIS2_PLACEMENT_3D ( 'NONE', #682, #2774, #1066 ) ;
#1293 = DIRECTION ( 'NONE',  ( -1.000000000000000000, 0.000000000000000000, 0.000000000000000000 ) ) ;
#1294 = ORIENTED_EDGE ( 'NONE', *, *, #2271, .T. ) ;
#1295 = VECTOR ( 'NONE', #3402, 1000.000000000000000 ) ;
#1296 = CARTESIAN_POINT ( 'NONE',  ( -0.7999999999999999334, 0.4949999999999999956, 0.9166666666666674068 ) ) ;
#1297 = DIRECTION ( 'NONE',  ( 0.000000000000000000, 0.000000000000000000, 1.000000000000000000 ) ) ;
#1298 = DIRECTION ( 'NONE',  ( 0.000000000000000000, -1.000000000000000000, 0.000000000000000000 ) ) ;
#1299 = ORIENTED_EDGE ( 'NONE', *, *, #2081, .T. ) ;
#1300 = ADVANCED_FACE ( 'NONE', ( #955 ), #3578, .F. ) ;
#1301 = LINE ( 'NONE', #496, #978 ) ;
#1302 = CYLINDRICAL_SURFACE ( 'NONE', #1164, 0.3000000000000003775 ) ;
#1303 = ORIENTED_EDGE ( 'NONE', *, *, #2897, .F. ) ;
#1304 = DIRECTION ( 'NONE',  ( -1.182766006347823355E-16, 0.000000000000000000, -1.000000000000000000 ) ) ;
#1305 = DIRECTION ( 'NONE',  ( 0.000000000000000000, 0.000000000000000000, 1.000000000000000000 ) ) ;
#1306 = DIRECTION ( 'NONE',  ( 0.000000000000000000, 0.000000000000000000, 1.000000000000000000 ) ) ;
#1307 = VERTEX_POINT ( 'NONE', #1584 ) ;
#1308 = ORIENTED_EDGE ( 'NONE', *, *, #1067, .F. ) ;
#1309 = FACE_OUTER_BOUND ( 'NONE', #1112, .T. ) ;
#1310 = CARTESIAN_POINT ( 'NONE',  ( 0.9000000000000000222, 0.2199999999999999178, -0.9671572875253802160 ) ) ;
#1311 = ORIENTED_EDGE ( 'NONE', *, *, #377, .T. ) ;
#1312 = EDGE_LOOP ( 'NONE', ( #3258, #714, #3724, #69 ) ) ;
#1313 = CARTESIAN_POINT ( 'NONE',  ( -1.000000000000000000, 0.2199999999999999178, -0.9499999999999992895 ) ) ;
#1314 = ORIENTED_EDGE ( 'NONE', *, *, #2409, .F. ) ;
#1315 = DIRECTION ( 'NONE',  ( 0.000000000000000000, 0.000000000000000000, 1.000000000000000000 ) ) ;
#1316 = VERTEX_POINT ( 'NONE', #1896 ) ;
#1317 = ORIENTED_EDGE ( 'NONE', *, *, #966, .F. ) ;
#1318 = DIRECTION ( 'NONE',  ( 0.000000000000000000, 0.000000000000000000, 1.000000000000000000 ) ) ;
#1319 = ADVANCED_FACE ( 'NONE', ( #356 ), #1547, .T. ) ;
#1320 = ORIENTED_EDGE ( 'NONE', *, *, #2246, .T. ) ;
#1321 = DIRECTION ( 'NONE',  ( 1.000000000000000000, -0.000000000000000000, -0.000000000000000000 ) ) ;
#1322 = LINE ( 'NONE', #1951, #636 ) ;
#1323 = ORIENTED_EDGE ( 'NONE', *, *, #66, .F. ) ;
#1324 = DIRECTION ( 'NONE',  ( 0.000000000000000000, 0.000000000000000000, 1.000000000000000000 ) ) ;
#1325 = DIRECTION ( 'NONE',  ( 0.000000000000000000, 0.000000000000000000, 1.000000000000000000 ) ) ;
#1326 = CIRCLE ( 'NONE', #327, 0.05000000000000002359 ) ;
#1327 = EDGE_CURVE ( 'NONE', #3156, #1913, #1870, .T. ) ;
#1328 = EDGE_CURVE ( 'NONE', #419, #2976, #370, .T. ) ;
#1329 = EDGE_LOOP ( 'NONE', ( #3849, #118, #671, #1142 ) ) ;
#1330 = DIRECTION ( 'NONE',  ( 0.000000000000000000, 0.000000000000000000, 1.000000000000000000 ) ) ;
#1331 = DIRECTION ( 'NONE',  ( 0.000000000000000000, -0.000000000000000000, 1.000000000000000000 ) ) ;
#1332 = ORIENTED_EDGE ( 'NONE', *, *, #1519, .T. ) ;
#1333 = CARTESIAN_POINT ( 'NONE',  ( 1.000000000000000000, 0.2199999999999999178, 1.249999999999999556 ) ) ;
#1334 = ORIENTED_EDGE ( 'NONE', *, *, #3765, .T. ) ;
#1335 = CIRCLE ( 'NONE', #2356, 0.3000000000000003775 ) ;
#1336 = LINE ( 'NONE', #2836, #2727 ) ;
#1337 = ORIENTED_EDGE ( 'NONE', *, *, #232, .F. ) ;
#1338 = AXIS2_PLACEMENT_3D ( 'NONE', #241, #3828, #1785 ) ;
#1339 = DIRECTION ( 'NONE',  ( 0.000000000000000000, -1.000000000000000000, 0.000000000000000000 ) ) ;
#1340 = ORIENTED_EDGE ( 'NONE', *, *, #3310, .F. ) ;
#1341 = FACE_OUTER_BOUND ( 'NONE', #159, .T. ) ;
#1342 = ORIENTED_EDGE ( 'NONE', *, *, #3240, .T. ) ;
#1343 = DIRECTION ( 'NONE',  ( 0.000000000000000000, -1.000000000000000000, 0.000000000000000000 ) ) ;
#1344 = AXIS2_PLACEMENT_3D ( 'NONE', #1840, #3388, #1305 ) ;
#1345 = AXIS2_PLACEMENT_3D ( 'NONE', #316, #2698, #2661 ) ;
#1346 = DIRECTION ( 'NONE',  ( 1.000000000000000000, 0.000000000000000000, 8.673617379884022850E-15 ) ) ;
#1347 = CIRCLE ( 'NONE', #3180, 0.2000000000000000944 ) ;
#1348 = EDGE_LOOP ( 'NONE', ( #3800, #1176, #3464, #55 ) ) ;
#1349 = EDGE_CURVE ( 'NONE', #834, #2337, #737, .T. ) ;
#1350 = ADVANCED_FACE ( 'NONE', ( #1606 ), #917, .F. ) ;
#1351 = CARTESIAN_POINT ( 'NONE',  ( 0.7999999999999998224, 0.000000000000000000, 1.250000000000000444 ) ) ;
#1352 = AXIS2_PLACEMENT_3D ( 'NONE', #524, #1721, #234 ) ;
#1353 = DIRECTION ( 'NONE',  ( -0.000000000000000000, -1.000000000000000000, -0.000000000000000000 ) ) ;
#1354 = AXIS2_PLACEMENT_3D ( 'NONE', #1357, #3063, #1905 ) ;
#1355 = CARTESIAN_POINT ( 'NONE',  ( -0.7999999999999999334, 0.5000000000000000000, 0.9166666666666674068 ) ) ;
#1356 = EDGE_LOOP ( 'NONE', ( #2048, #2038, #2513, #3873 ) ) ;
#1357 = CARTESIAN_POINT ( 'NONE',  ( -0.2500000000000000000, 1.391537451385998825, 0.3499999999999999778 ) ) ;
#1358 = EDGE_CURVE ( 'NONE', #1316, #2644, #3337, .T. ) ;
#1359 = ORIENTED_EDGE ( 'NONE', *, *, #1438, .F. ) ;
#1360 = VERTEX_POINT ( 'NONE', #2468 ) ;
#1361 = EDGE_LOOP ( 'NONE', ( #2653, #1517, #3777, #455 ) ) ;
#1362 = DIRECTION ( 'NONE',  ( 0.000000000000000000, 0.000000000000000000, 1.000000000000000000 ) ) ;
#1363 = PLANE ( 'NONE',  #3282 ) ;
#1364 = CARTESIAN_POINT ( 'NONE',  ( -0.6999999999999996225, 1.391537451385998825, 1.249999999999999556 ) ) ;
#1365 = PLANE ( 'NONE',  #2205 ) ;
#1366 = CARTESIAN_POINT ( 'NONE',  ( 1.000000000000000000, 1.391537451385998825, -1.049999999999999378 ) ) ;
#1367 = FACE_OUTER_BOUND ( 'NONE', #3364, .T. ) ;
#1368 = ORIENTED_EDGE ( 'NONE', *, *, #2146, .T. ) ;
#1369 = LINE ( 'NONE', #3230, #3747 ) ;
#1370 = ORIENTED_EDGE ( 'NONE', *, *, #213, .T. ) ;
#1371 = CARTESIAN_POINT ( 'NONE',  ( -0.9000000000000000222, 0.000000000000000000, 0.3499999999999999778 ) ) ;
#1372 = CARTESIAN_POINT ( 'NONE',  ( -0.9000000000000000222, 0.2199999999999999178, -0.9671572875253802160 ) ) ;
#1373 = LINE ( 'NONE', #2069, #3076 ) ;
#1374 = VECTOR ( 'NONE', #1843, 1000.000000000000000 ) ;
#1375 = ORIENTED_EDGE ( 'NONE', *, *, #2574, .T. ) ;
#1376 = VECTOR ( 'NONE', #1346, 1000.000000000000000 ) ;
#1377 = DIRECTION ( 'NONE',  ( 0.000000000000000000, 0.000000000000000000, 1.000000000000000000 ) ) ;
#1378 = CARTESIAN_POINT ( 'NONE',  ( -0.2500000000000000000, 0.000000000000000000, 1.149999999999999911 ) ) ;
#1379 = EDGE_CURVE ( 'NONE', #1245, #434, #3058, .T. ) ;
#1380 = EDGE_CURVE ( 'NONE', #904, #3264, #62, .T. ) ;
#1381 = LINE ( 'NONE', #3489, #3424 ) ;
#1382 = ORIENTED_EDGE ( 'NONE', *, *, #651, .T. ) ;
#1383 = DIRECTION ( 'NONE',  ( -1.000000000000000000, -0.000000000000000000, -0.000000000000000000 ) ) ;
#1384 = ORIENTED_EDGE ( 'NONE', *, *, #3581, .F. ) ;
#1385 = CARTESIAN_POINT ( 'NONE',  ( 0.2500000000000000000, 0.000000000000000000, -0.3499999999999999778 ) ) ;
#1386 = EDGE_CURVE ( 'NONE', #328, #3745, #3358, .T. ) ;
#1387 = EDGE_CURVE ( 'NONE', #3743, #733, #1556, .T. ) ;
#1388 = EDGE_LOOP ( 'NONE', ( #143, #3519, #3900, #1308 ) ) ;
#1389 = CARTESIAN_POINT ( 'NONE',  ( -1.000000000000000000, 0.4399999999999998357, 1.250000000000000444 ) ) ;
#1390 = CARTESIAN_POINT ( 'NONE',  ( 0.2500000000000000000, 1.391537451385998825, 0.3499999999999999778 ) ) ;
#1391 = LINE ( 'NONE', #2563, #2050 ) ;
#1392 = VERTEX_POINT ( 'NONE', #1372 ) ;
#1393 = LINE ( 'NONE', #1682, #2908 ) ;
#1394 = ORIENTED_EDGE ( 'NONE', *, *, #1043, .F. ) ;
#1395 = DIRECTION ( 'NONE',  ( -0.000000000000000000, -0.000000000000000000, -1.000000000000000000 ) ) ;
#1396 = VERTEX_POINT ( 'NONE', #2300 ) ;
#1397 = DIRECTION ( 'NONE',  ( -8.673617379884022850E-15, 0.000000000000000000, -1.000000000000000000 ) ) ;
#1398 = FILL_AREA_STYLE ('',( #736 ) ) ;
#1399 = CARTESIAN_POINT ( 'NONE',  ( 1.000000000000000000, 0.000000000000000000, 1.049999999999999378 ) ) ;
#1400 = VERTEX_POINT ( 'NONE', #776 ) ;
#1401 = DIRECTION ( 'NONE',  ( 0.000000000000000000, 0.000000000000000000, -1.000000000000000000 ) ) ;
#1402 = CARTESIAN_POINT ( 'NONE',  ( -0.2500000000000000000, 1.391537451385998825, 1.149999999999999911 ) ) ;
#1403 = VECTOR ( 'NONE', #2000, 1000.000000000000000 ) ;
#1404 = VERTEX_POINT ( 'NONE', #1707 ) ;
#1405 = DIRECTION ( 'NONE',  ( 0.000000000000000000, 0.000000000000000000, 1.000000000000000000 ) ) ;
#1406 = CARTESIAN_POINT ( 'NONE',  ( -1.000000000000000000, 1.391537451385998825, -1.249999999999999556 ) ) ;
#1407 = CARTESIAN_POINT ( 'NONE',  ( -1.000000000000000000, 0.000000000000000000, -1.249999999999999556 ) ) ;
#1408 = ADVANCED_FACE ( 'NONE', ( #1036 ), #675, .T. ) ;
#1409 = CARTESIAN_POINT ( 'NONE',  ( -1.000000000000000000, 0.000000000000000000, 1.249999999999999556 ) ) ;
#1410 = ORIENTED_EDGE ( 'NONE', *, *, #1720, .T. ) ;
#1411 = EDGE_CURVE ( 'NONE', #3494, #405, #171, .T. ) ;
#1412 = EDGE_CURVE ( 'NONE', #727, #3170, #1959, .T. ) ;
#1413 = CARTESIAN_POINT ( 'NONE',  ( -0.6666666666666666297, 0.5500000000000000444, -1.000000000000000000 ) ) ;
#1414 = VERTEX_POINT ( 'NONE', #3192 ) ;
#1415 = PLANE ( 'NONE',  #3425 ) ;
#1416 = ORIENTED_EDGE ( 'NONE', *, *, #1236, .T. ) ;
#1417 = LINE ( 'NONE', #528, #1792 ) ;
#1418 = DIRECTION ( 'NONE',  ( 0.000000000000000000, 0.000000000000000000, 1.000000000000000000 ) ) ;
#1419 = VECTOR ( 'NONE', #3880, 1000.000000000000000 ) ;
#1420 = DIRECTION ( 'NONE',  ( 0.000000000000000000, -1.000000000000000000, 0.000000000000000000 ) ) ;
#1421 = FACE_OUTER_BOUND ( 'NONE', #449, .T. ) ;
#1422 = ORIENTED_EDGE ( 'NONE', *, *, #12, .F. ) ;
#1423 = AXIS2_PLACEMENT_3D ( 'NONE', #3879, #3898, #3279 ) ;
#1424 = VECTOR ( 'NONE', #1280, 1000.000000000000000 ) ;
#1425 = DIRECTION ( 'NONE',  ( -1.626303258728258623E-16, 0.000000000000000000, -1.000000000000000000 ) ) ;
#1426 = CARTESIAN_POINT ( 'NONE',  ( -0.6500000000000001332, 0.3885786437626904122, -0.9000000000000000222 ) ) ;
#1427 = VECTOR ( 'NONE', #3835, 1000.000000000000000 ) ;
#1428 = VECTOR ( 'NONE', #3237, 1000.000000000000000 ) ;
#1429 = LINE ( 'NONE', #1107, #3690 ) ;
#1430 = VECTOR ( 'NONE', #793, 1000.000000000000000 ) ;
#1431 = DIRECTION ( 'NONE',  ( 1.000000000000000000, -0.000000000000000000, 0.000000000000000000 ) ) ;
#1432 = CIRCLE ( 'NONE', #3634, 0.2000000000000003164 ) ;
#1433 = AXIS2_PLACEMENT_3D ( 'NONE', #3740, #3221, #2283 ) ;
#1434 = EDGE_LOOP ( 'NONE', ( #1311, #3611, #1945, #835, #2780, #1535, #2876, #2322, #3420 ) ) ;
#1435 = LINE ( 'NONE', #3840, #543 ) ;
#1436 = VECTOR ( 'NONE', #2399, 1000.000000000000000 ) ;
#1437 = DIRECTION ( 'NONE',  ( 0.000000000000000000, 0.000000000000000000, 1.000000000000000000 ) ) ;
#1438 = EDGE_CURVE ( 'NONE', #3127, #81, #1097, .T. ) ;
#1439 = ADVANCED_FACE ( 'NONE', ( #1919 ), #2546, .F. ) ;
#1440 = ORIENTED_EDGE ( 'NONE', *, *, #1927, .T. ) ;
#1441 = VERTEX_POINT ( 'NONE', #2213 ) ;
#1442 = DIRECTION ( 'NONE',  ( 1.000000000000000000, 0.000000000000000000, 0.000000000000000000 ) ) ;
#1443 = LINE ( 'NONE', #2639, #648 ) ;
#1444 = DIRECTION ( 'NONE',  ( -1.000000000000000000, -0.000000000000000000, -0.000000000000000000 ) ) ;
#1445 = EDGE_LOOP ( 'NONE', ( #1416, #2969, #3054, #945 ) ) ;
#1446 = CARTESIAN_POINT ( 'NONE',  ( 0.6666666666666667407, 0.4949999999999999956, 1.089166666666667060 ) ) ;
#1447 = DIRECTION ( 'NONE',  ( 9.531447670202239405E-16, 0.000000000000000000, 1.000000000000000000 ) ) ;
#1448 = DIRECTION ( 'NONE',  ( 0.000000000000000000, 0.000000000000000000, -1.000000000000000000 ) ) ;
#1449 = DIRECTION ( 'NONE',  ( -1.000000000000000000, -0.000000000000000000, -0.000000000000000000 ) ) ;
#1450 = ORIENTED_EDGE ( 'NONE', *, *, #660, .T. ) ;
#1451 = FACE_OUTER_BOUND ( 'NONE', #3544, .T. ) ;
#1452 = ORIENTED_EDGE ( 'NONE', *, *, #3347, .T. ) ;
#1453 = CARTESIAN_POINT ( 'NONE',  ( 1.000000000000000000, 0.2199999999999999178, -1.249999999999999556 ) ) ;
#1454 = ORIENTED_EDGE ( 'NONE', *, *, #2149, .F. ) ;
#1455 = LINE ( 'NONE', #1159, #97 ) ;
#1456 = EDGE_CURVE ( 'NONE', #3607, #3716, #2863, .T. ) ;
#1457 = DIRECTION ( 'NONE',  ( 0.000000000000000000, 0.000000000000000000, 1.000000000000000000 ) ) ;
#1458 = CARTESIAN_POINT ( 'NONE',  ( -0.9000000000000000222, 0.000000000000000000, -0.3499999999999999778 ) ) ;
#1459 = ORIENTED_EDGE ( 'NONE', *, *, #1660, .F. ) ;
#1460 = VERTEX_POINT ( 'NONE', #3437 ) ;
#1461 = DIRECTION ( 'NONE',  ( -1.000000000000000000, -0.000000000000000000, -0.000000000000000000 ) ) ;
#1462 = EDGE_CURVE ( 'NONE', #3885, #2848, #1661, .T. ) ;
#1463 = ORIENTED_EDGE ( 'NONE', *, *, #149, .T. ) ;
#1464 = VECTOR ( 'NONE', #1984, 1000.000000000000000 ) ;
#1465 = DIRECTION ( 'NONE',  ( 0.000000000000000000, 0.000000000000000000, -1.000000000000000000 ) ) ;
#1466 = AXIS2_PLACEMENT_3D ( 'NONE', #2274, #1975, #163 ) ;
#1467 = LINE ( 'NONE', #2115, #3308 ) ;
#1468 = ORIENTED_EDGE ( 'NONE', *, *, #2350, .T. ) ;
#1469 = DIRECTION ( 'NONE',  ( 0.000000000000000000, 0.000000000000000000, 1.000000000000000000 ) ) ;
#1470 = CARTESIAN_POINT ( 'NONE',  ( 0.2500000000000000000, 0.000000000000000000, 0.3499999999999999778 ) ) ;
#1471 = CARTESIAN_POINT ( 'NONE',  ( -0.6500000000000001332, 0.5300000000000000266, -0.9000000000000000222 ) ) ;
#1472 = ORIENTED_EDGE ( 'NONE', *, *, #3478, .F. ) ;
#1473 = ORIENTED_EDGE ( 'NONE', *, *, #179, .T. ) ;
#1474 = AXIS2_PLACEMENT_3D ( 'NONE', #2291, #1619, #702 ) ;
#1475 = CARTESIAN_POINT ( 'NONE',  ( -0.6666666666666666297, 0.4400000000000000022, -0.9166666666666659635 ) ) ;
#1476 = VECTOR ( 'NONE', #2489, 1000.000000000000000 ) ;
#1477 = EDGE_CURVE ( 'NONE', #114, #637, #116, .T. ) ;
#1478 = DIRECTION ( 'NONE',  ( 0.000000000000000000, 1.000000000000000000, 0.000000000000000000 ) ) ;
#1479 = CARTESIAN_POINT ( 'NONE',  ( 0.6666666666666667407, 0.5000000000000000000, 0.9166666666666669627 ) ) ;
#1480 = VECTOR ( 'NONE', #164, 1000.000000000000000 ) ;
#1481 = AXIS2_PLACEMENT_3D ( 'NONE', #1063, #1697, #3461 ) ;
#1482 = VERTEX_POINT ( 'NONE', #2887 ) ;
#1483 = CIRCLE ( 'NONE', #417, 0.2000000000000003164 ) ;
#1484 = ORIENTED_EDGE ( 'NONE', *, *, #1818, .T. ) ;
#1485 = CARTESIAN_POINT ( 'NONE',  ( -1.000000000000000000, 0.2199999999999999178, 1.249999999999999556 ) ) ;
#1486 = VECTOR ( 'NONE', #3725, 1000.000000000000000 ) ;
#1487 = CARTESIAN_POINT ( 'NONE',  ( 0.7999999999999998224, 0.2199999999999999178, -1.250000000000000444 ) ) ;
#1488 = PRESENTATION_STYLE_ASSIGNMENT (( #2980 ) ) ;
#1489 = ORIENTED_EDGE ( 'NONE', *, *, #1540, .F. ) ;
#1490 = ORIENTED_EDGE ( 'NONE', *, *, #1567, .T. ) ;
#1491 = MANIFOLD_SOLID_BREP ( 'Boss-Extrude4[4]', #3466 ) ;
#1492 = LINE ( 'NONE', #2053, #466 ) ;
#1493 = ORIENTED_EDGE ( 'NONE', *, *, #2502, .F. ) ;
#1494 = DIRECTION ( 'NONE',  ( 0.000000000000000000, 0.000000000000000000, 1.000000000000000000 ) ) ;
#1495 = VERTEX_POINT ( 'NONE', #3454 ) ;
#1496 = MANIFOLD_SOLID_BREP ( 'Boss-Extrude4[1]', #1079 ) ;
#1497 = EDGE_CURVE ( 'NONE', #3607, #2581, #2083, .T. ) ;
#1498 = VECTOR ( 'NONE', #1941, 1000.000000000000000 ) ;
#1499 = ORIENTED_EDGE ( 'NONE', *, *, #1883, .F. ) ;
#1500 = CARTESIAN_POINT ( 'NONE',  ( -0.5499999999999997113, 0.2199999999999999178, 0.3499999999999999778 ) ) ;
#1501 = ADVANCED_FACE ( 'NONE', ( #2696 ), #2085, .T. ) ;
#1502 = EDGE_CURVE ( 'NONE', #590, #927, #1180, .T. ) ;
#1503 = DIRECTION ( 'NONE',  ( -0.000000000000000000, 0.000000000000000000, 1.000000000000000000 ) ) ;
#1504 = CARTESIAN_POINT ( 'NONE',  ( -0.2500000000000000000, 0.2199999999999999178, 0.6500000000000019096 ) ) ;
#1505 = VERTEX_POINT ( 'NONE', #2377 ) ;
#1506 = DIRECTION ( 'NONE',  ( 0.000000000000000000, 0.000000000000000000, 1.000000000000000000 ) ) ;
#1507 = ORIENTED_EDGE ( 'NONE', *, *, #3664, .T. ) ;
#1508 = CARTESIAN_POINT ( 'NONE',  ( 0.000000000000000000, 0.4949999999999999956, 0.000000000000000000 ) ) ;
#1509 = DIRECTION ( 'NONE',  ( 0.000000000000000000, -1.000000000000000000, 0.000000000000000000 ) ) ;
#1510 = FILL_AREA_STYLE ('',( #1813 ) ) ;
#1511 = FACE_OUTER_BOUND ( 'NONE', #1278, .T. ) ;
#1512 = CARTESIAN_POINT ( 'NONE',  ( -1.000000000000000000, 0.000000000000000000, 1.250000000000000444 ) ) ;
#1513 = MANIFOLD_SOLID_BREP ( 'Split1[1]', #3719 ) ;
#1514 = DIRECTION ( 'NONE',  ( 0.000000000000000000, 0.000000000000000000, 1.000000000000000000 ) ) ;
#1515 = ORIENTED_EDGE ( 'NONE', *, *, #1192, .F. ) ;
#1516 = AXIS2_PLACEMENT_3D ( 'NONE', #2586, #3793, #1893 ) ;
#1517 = ORIENTED_EDGE ( 'NONE', *, *, #3007, .T. ) ;
#1518 = EDGE_CURVE ( 'NONE', #1833, #419, #1863, .T. ) ;
#1519 = EDGE_CURVE ( 'NONE', #1002, #3713, #3692, .T. ) ;
#1520 = CYLINDRICAL_SURFACE ( 'NONE', #2107, 0.02749999999999996197 ) ;
#1521 = DIRECTION ( 'NONE',  ( 1.000000000000000000, 0.000000000000000000, 0.000000000000000000 ) ) ;
#1522 = LINE ( 'NONE', #3818, #2898 ) ;
#1523 = ORIENTED_EDGE ( 'NONE', *, *, #1668, .T. ) ;
#1524 = CYLINDRICAL_SURFACE ( 'NONE', #1169, 0.3000000000000003775 ) ;
#1525 = EDGE_CURVE ( 'NONE', #3756, #2522, #2978, .T. ) ;
#1526 = CARTESIAN_POINT ( 'NONE',  ( -1.000000000000000000, 1.391537451385998825, -1.249999999999999556 ) ) ;
#1527 = CARTESIAN_POINT ( 'NONE',  ( 0.7171572875253804380, 0.000000000000000000, 1.150000000000000133 ) ) ;
#1528 = CARTESIAN_POINT ( 'NONE',  ( 0.9000000000000000222, 1.391537451385998825, 0.9671572875253802160 ) ) ;
#1529 = DIRECTION ( 'NONE',  ( 0.000000000000000000, -0.000000000000000000, 1.000000000000000000 ) ) ;
#1530 = CARTESIAN_POINT ( 'NONE',  ( -0.6666666666666666297, 0.4949999999999999956, -1.049999999999999822 ) ) ;
#1531 = CIRCLE ( 'NONE', #2162, 0.02749999999999996197 ) ;
#1532 = PRESENTATION_STYLE_ASSIGNMENT (( #339 ) ) ;
#1533 = LINE ( 'NONE', #2185, #2798 ) ;
#1534 = CIRCLE ( 'NONE', #1344, 0.2000000000000000944 ) ;
#1535 = ORIENTED_EDGE ( 'NONE', *, *, #1858, .T. ) ;
#1536 = MECHANICAL_DESIGN_GEOMETRIC_PRESENTATION_REPRESENTATION (  '', ( #1664 ), #3881 ) ;
#1537 = CARTESIAN_POINT ( 'NONE',  ( -0.2500000000000000000, 0.000000000000000000, -0.3499999999999999778 ) ) ;
#1538 = VECTOR ( 'NONE', #3329, 1000.000000000000000 ) ;
#1539 = CARTESIAN_POINT ( 'NONE',  ( 0.2500000000000000000, 0.2199999999999999178, -0.3499999999999999778 ) ) ;
#1540 = EDGE_CURVE ( 'NONE', #1779, #2605, #2042, .T. ) ;
#1541 = EDGE_CURVE ( 'NONE', #2315, #1153, #1443, .T. ) ;
#1542 = ORIENTED_EDGE ( 'NONE', *, *, #1126, .T. ) ;
#1543 = DIRECTION ( 'NONE',  ( 0.000000000000000000, -0.000000000000000000, 1.000000000000000000 ) ) ;
#1544 = CIRCLE ( 'NONE', #721, 0.1333333333333336090 ) ;
#1545 =( GEOMETRIC_REPRESENTATION_CONTEXT ( 3 ) GLOBAL_UNCERTAINTY_ASSIGNED_CONTEXT ( ( #2701 ) ) GLOBAL_UNIT_ASSIGNED_CONTEXT ( ( #2909, #2339, #3271 ) ) REPRESENTATION_CONTEXT ( 'NONE', 'WORKASPACE' ) );
#1546 = CARTESIAN_POINT ( 'NONE',  ( -1.000000000000000000, 1.391537451385998825, 1.249999999999999556 ) ) ;
#1547 = CYLINDRICAL_SURFACE ( 'NONE', #2436, 0.02749999999999996197 ) ;
#1548 = AXIS2_PLACEMENT_3D ( 'NONE', #1815, #1218, #1241 ) ;
#1549 = EDGE_CURVE ( 'NONE', #1095, #2597, #3546, .T. ) ;
#1550 = EDGE_CURVE ( 'NONE', #1414, #630, #551, .T. ) ;
#1551 = ORIENTED_EDGE ( 'NONE', *, *, #1859, .F. ) ;
#1552 = DIRECTION ( 'NONE',  ( 0.000000000000000000, 0.000000000000000000, 1.000000000000000000 ) ) ;
#1553 = CARTESIAN_POINT ( 'NONE',  ( 1.000000000000000000, 1.391537451385998825, 1.249999999999999556 ) ) ;
#1554 = VERTEX_POINT ( 'NONE', #326 ) ;
#1555 = AXIS2_PLACEMENT_3D ( 'NONE', #1267, #2127, #3074 ) ;
#1556 = CIRCLE ( 'NONE', #3704, 0.2275000000000000633 ) ;
#1557 = FACE_OUTER_BOUND ( 'NONE', #1924, .T. ) ;
#1558 = PLANE ( 'NONE',  #597 ) ;
#1559 = VERTEX_POINT ( 'NONE', #653 ) ;
#1560 = CARTESIAN_POINT ( 'NONE',  ( -1.000000000000000000, 0.2199999999999999178, -1.249999999999999556 ) ) ;
#1561 = ORIENTED_EDGE ( 'NONE', *, *, #2497, .T. ) ;
#1562 = ORIENTED_EDGE ( 'NONE', *, *, #2897, .T. ) ;
#1563 = EDGE_CURVE ( 'NONE', #564, #1969, #2673, .T. ) ;
#1564 = LINE ( 'NONE', #2126, #2469 ) ;
#1565 = DIRECTION ( 'NONE',  ( 0.000000000000000000, 0.000000000000000000, 1.000000000000000000 ) ) ;
#1566 = CARTESIAN_POINT ( 'NONE',  ( 0.7171572875253804380, 0.000000000000000000, -1.149999999999999911 ) ) ;
#1567 = EDGE_CURVE ( 'NONE', #2928, #2091, #15, .T. ) ;
#1568 = EDGE_CURVE ( 'NONE', #419, #1913, #669, .T. ) ;
#1569 = LINE ( 'NONE', #666, #2118 ) ;
#1570 = SURFACE_STYLE_USAGE ( .BOTH. , #3342 ) ;
#1571 = DIRECTION ( 'NONE',  ( -0.000000000000000000, -1.000000000000000000, -0.000000000000000000 ) ) ;
#1572 = CARTESIAN_POINT ( 'NONE',  ( 0.7500000000000003331, 0.5500000000000000444, -0.9166666666666662966 ) ) ;
#1573 = VERTEX_POINT ( 'NONE', #2122 ) ;
#1574 = ORIENTED_EDGE ( 'NONE', *, *, #3245, .T. ) ;
#1575 = CARTESIAN_POINT ( 'NONE',  ( 0.9000000000000000222, 0.000000000000000000, 0.3499999999999999778 ) ) ;
#1576 = CARTESIAN_POINT ( 'NONE',  ( -1.000000000000000000, 1.391537451385998825, -0.9499999999999992895 ) ) ;
#1577 = AXIS2_PLACEMENT_3D ( 'NONE', #1105, #3834, #534 ) ;
#1578 = ORIENTED_EDGE ( 'NONE', *, *, #2037, .T. ) ;
#1579 = FACE_OUTER_BOUND ( 'NONE', #578, .T. ) ;
#1580 = DIRECTION ( 'NONE',  ( 0.000000000000000000, 1.000000000000000000, 0.000000000000000000 ) ) ;
#1581 = ORIENTED_EDGE ( 'NONE', *, *, #1011, .T. ) ;
#1582 = ORIENTED_EDGE ( 'NONE', *, *, #1668, .F. ) ;
#1583 = DIRECTION ( 'NONE',  ( 0.000000000000000000, -1.000000000000000000, 0.000000000000000000 ) ) ;
#1584 = CARTESIAN_POINT ( 'NONE',  ( 0.9000000000000000222, 0.000000000000000000, 0.9671572875253802160 ) ) ;
#1585 = ADVANCED_FACE ( 'NONE', ( #345 ), #969, .T. ) ;
#1586 = SHAPE_DEFINITION_REPRESENTATION ( #3868, #940 ) ;
#1587 = VERTEX_POINT ( 'NONE', #1874 ) ;
#1588 = DIRECTION ( 'NONE',  ( -1.000000000000000000, -0.000000000000000000, -0.000000000000000000 ) ) ;
#1589 = ADVANCED_FACE ( 'NONE', ( #911 ), #3067, .F. ) ;
#1590 = ADVANCED_FACE ( 'NONE', ( #2775 ), #3371, .F. ) ;
#1591 = VECTOR ( 'NONE', #611, 1000.000000000000000 ) ;
#1592 = ORIENTED_EDGE ( 'NONE', *, *, #1456, .T. ) ;
#1593 = AXIS2_PLACEMENT_3D ( 'NONE', #2298, #2084, #256 ) ;
#1594 = CIRCLE ( 'NONE', #3812, 0.02749999999999996197 ) ;
#1595 = AXIS2_PLACEMENT_3D ( 'NONE', #183, #3087, #3465 ) ;
#1596 = CARTESIAN_POINT ( 'NONE',  ( 0.2500000000000000000, 1.391537451385998825, -1.149999999999999911 ) ) ;
#1597 = PLANE ( 'NONE',  #3294 ) ;
#1598 = VECTOR ( 'NONE', #1503, 1000.000000000000000 ) ;
#1599 = EDGE_LOOP ( 'NONE', ( #1809, #2441, #508, #893 ) ) ;
#1600 = CARTESIAN_POINT ( 'NONE',  ( 0.000000000000000000, 0.2200000000000000011, 0.000000000000000000 ) ) ;
#1601 = DIRECTION ( 'NONE',  ( 0.000000000000000000, 1.000000000000000000, 0.000000000000000000 ) ) ;
#1602 = ORIENTED_EDGE ( 'NONE', *, *, #377, .F. ) ;
#1603 = ORIENTED_EDGE ( 'NONE', *, *, #1380, .F. ) ;
#1604 = AXIS2_PLACEMENT_3D ( 'NONE', #979, #3075, #1293 ) ;
#1605 = DIRECTION ( 'NONE',  ( 1.000000000000000000, 0.000000000000000000, 0.000000000000000000 ) ) ;
#1606 = FACE_OUTER_BOUND ( 'NONE', #3568, .T. ) ;
#1607 = VECTOR ( 'NONE', #921, 1000.000000000000000 ) ;
#1608 = VECTOR ( 'NONE', #362, 1000.000000000000000 ) ;
#1609 = VECTOR ( 'NONE', #3609, 999.9999999999998863 ) ;
#1610 = CYLINDRICAL_SURFACE ( 'NONE', #2938, 0.02749999999999996197 ) ;
#1611 = CARTESIAN_POINT ( 'NONE',  ( 1.000000000000000000, 0.000000000000000000, 1.249999999999999556 ) ) ;
#1612 = ORIENTED_EDGE ( 'NONE', *, *, #1549, .T. ) ;
#1613 = CARTESIAN_POINT ( 'NONE',  ( 1.000000000000000000, 0.2200000000000003619, 1.049999999999999378 ) ) ;
#1614 = ORIENTED_EDGE ( 'NONE', *, *, #459, .F. ) ;
#1615 = ADVANCED_FACE ( 'NONE', ( #3051 ), #384, .F. ) ;
#1616 = VERTEX_POINT ( 'NONE', #1822 ) ;
#1617 = EDGE_CURVE ( 'NONE', #853, #1969, #3695, .T. ) ;
#1618 = EDGE_CURVE ( 'NONE', #1899, #994, #1335, .T. ) ;
#1619 = DIRECTION ( 'NONE',  ( -1.000000000000000000, 0.000000000000000000, 0.000000000000000000 ) ) ;
#1620 = DIRECTION ( 'NONE',  ( -4.878909776184786716E-16, 0.000000000000000000, -1.000000000000000000 ) ) ;
#1621 = CARTESIAN_POINT ( 'NONE',  ( -0.8666666666666664742, 0.4675000000000000266, 0.9166666666666671848 ) ) ;
#1622 = ORIENTED_EDGE ( 'NONE', *, *, #769, .F. ) ;
#1623 = FACE_OUTER_BOUND ( 'NONE', #3722, .T. ) ;
#1624 = LINE ( 'NONE', #2765, #3252 ) ;
#1625 = VERTEX_POINT ( 'NONE', #2135 ) ;
#1626 = CARTESIAN_POINT ( 'NONE',  ( -0.6500000000000001332, 0.5500000000000000444, -0.9000000000000000222 ) ) ;
#1627 = VECTOR ( 'NONE', #1768, 1000.000000000000000 ) ;
#1628 = LINE ( 'NONE', #2831, #2624 ) ;
#1629 = EDGE_LOOP ( 'NONE', ( #2825, #1655, #3008, #2741, #1771, #2651, #1230, #2888 ) ) ;
#1630 = CARTESIAN_POINT ( 'NONE',  ( 0.6666666666666667407, 0.4675000000000000266, 0.9166666666666669627 ) ) ;
#1631 = DIRECTION ( 'NONE',  ( 0.000000000000000000, 0.000000000000000000, -1.000000000000000000 ) ) ;
#1632 = ORIENTED_EDGE ( 'NONE', *, *, #1770, .T. ) ;
#1633 = AXIS2_PLACEMENT_3D ( 'NONE', #1960, #2321, #1662 ) ;
#1634 = EDGE_CURVE ( 'NONE', #1913, #1700, #777, .T. ) ;
#1635 = FACE_OUTER_BOUND ( 'NONE', #1744, .T. ) ;
#1636 = VERTEX_POINT ( 'NONE', #1504 ) ;
#1637 = FACE_OUTER_BOUND ( 'NONE', #3605, .T. ) ;
#1638 = VERTEX_POINT ( 'NONE', #948 ) ;
#1639 = CARTESIAN_POINT ( 'NONE',  ( 0.2500000000000000000, 0.2199999999999999178, 1.149999999999999911 ) ) ;
#1640 = AXIS2_PLACEMENT_3D ( 'NONE', #1722, #2957, #426 ) ;
#1641 = ADVANCED_FACE ( 'NONE', ( #367 ), #3014, .T. ) ;
#1642 = ORIENTED_EDGE ( 'NONE', *, *, #2642, .F. ) ;
#1643 = FACE_OUTER_BOUND ( 'NONE', #28, .T. ) ;
#1644 = CARTESIAN_POINT ( 'NONE',  ( -1.000000000000000000, 0.000000000000000000, 1.049999999999999378 ) ) ;
#1645 = ORIENTED_EDGE ( 'NONE', *, *, #3332, .T. ) ;
#1646 = AXIS2_PLACEMENT_3D ( 'NONE', #767, #1972, #1048 ) ;
#1647 = EDGE_LOOP ( 'NONE', ( #348, #1314, #415, #3708, #365, #738, #255, #2776, #3326, #2677, #3736, #3376, #1382, #884, #3483, #2899, #1045, #1019, #1657, #1965, #2571, #2276, #797, #1157, #131, #2384, #3788, #2560, #2473 ) ) ;
#1648 = CARTESIAN_POINT ( 'NONE',  ( 0.6666666666666666297, 0.5000000000000000000, -1.050000000000000044 ) ) ;
#1649 = DIRECTION ( 'NONE',  ( -0.000000000000000000, -0.000000000000000000, -1.000000000000000000 ) ) ;
#1650 = CARTESIAN_POINT ( 'NONE',  ( 0.9000000000000000222, 0.000000000000000000, 0.9671572875253802160 ) ) ;
#1651 = VECTOR ( 'NONE', #3391, 1000.000000000000000 ) ;
#1652 = CARTESIAN_POINT ( 'NONE',  ( 0.9000000000000000222, 0.000000000000000000, -0.3499999999999999778 ) ) ;
#1653 = DIRECTION ( 'NONE',  ( 0.000000000000000000, -1.000000000000000000, 0.000000000000000000 ) ) ;
#1654 = CARTESIAN_POINT ( 'NONE',  ( -0.9000000000000000222, 0.2199999999999999178, 0.3500000000000000333 ) ) ;
#1655 = ORIENTED_EDGE ( 'NONE', *, *, #305, .T. ) ;
#1656 = CARTESIAN_POINT ( 'NONE',  ( -0.6500000000000001332, 0.5300000000000000266, -0.8499999999999999778 ) ) ;
#1657 = ORIENTED_EDGE ( 'NONE', *, *, #2641, .F. ) ;
#1658 = CARTESIAN_POINT ( 'NONE',  ( 0.7999999999999998224, 1.391537451385998825, -1.250000000000000444 ) ) ;
#1659 = AXIS2_PLACEMENT_3D ( 'NONE', #1560, #971, #3069 ) ;
#1660 = EDGE_CURVE ( 'NONE', #3761, #834, #635, .T. ) ;
#1661 = LINE ( 'NONE', #194, #3763 ) ;
#1662 = DIRECTION ( 'NONE',  ( 0.000000000000000000, 0.000000000000000000, -1.000000000000000000 ) ) ;
#1663 = ORIENTED_EDGE ( 'NONE', *, *, #1068, .T. ) ;
#1664 = STYLED_ITEM ( 'NONE', ( #334 ), #2807 ) ;
#1665 = EDGE_LOOP ( 'NONE', ( #2444, #2509, #1916, #3637 ) ) ;
#1666 = CARTESIAN_POINT ( 'NONE',  ( -1.000000000000000000, 1.391537451385998825, -1.249999999999999556 ) ) ;
#1667 = DIRECTION ( 'NONE',  ( 0.000000000000000000, 0.000000000000000000, -1.000000000000000000 ) ) ;
#1668 = EDGE_CURVE ( 'NONE', #3671, #3381, #2429, .T. ) ;
#1669 = DIRECTION ( 'NONE',  ( 0.000000000000000000, 0.000000000000000000, 1.000000000000000000 ) ) ;
#1670 = PLANE ( 'NONE',  #1481 ) ;
#1671 = ORIENTED_EDGE ( 'NONE', *, *, #2190, .F. ) ;
#1672 = DIRECTION ( 'NONE',  ( -1.000000000000000000, 0.000000000000000000, -0.000000000000000000 ) ) ;
#1673 = ORIENTED_EDGE ( 'NONE', *, *, #2684, .T. ) ;
#1674 = FACE_OUTER_BOUND ( 'NONE', #2445, .T. ) ;
#1675 = ORIENTED_EDGE ( 'NONE', *, *, #321, .F. ) ;
#1676 = DIRECTION ( 'NONE',  ( -0.000000000000000000, -1.000000000000000000, -0.000000000000000000 ) ) ;
#1677 = CARTESIAN_POINT ( 'NONE',  ( -0.6666666666666666297, 0.4675000000000000266, -1.116666666666665808 ) ) ;
#1678 = LINE ( 'NONE', #162, #390 ) ;
#1679 = CARTESIAN_POINT ( 'NONE',  ( -1.000000000000000000, 0.2199999999999999178, 0.9499999999999992895 ) ) ;
#1680 = DIRECTION ( 'NONE',  ( 0.000000000000000000, 0.000000000000000000, 1.000000000000000000 ) ) ;
#1681 = ORIENTED_EDGE ( 'NONE', *, *, #584, .T. ) ;
#1682 = CARTESIAN_POINT ( 'NONE',  ( -0.9000000000000000222, 1.391537451385998825, 0.9671572875253802160 ) ) ;
#1683 = ORIENTED_EDGE ( 'NONE', *, *, #825, .F. ) ;
#1684 = DIRECTION ( 'NONE',  ( 0.000000000000000000, 1.000000000000000000, 0.000000000000000000 ) ) ;
#1685 = ORIENTED_EDGE ( 'NONE', *, *, #2130, .F. ) ;
#1686 = DIRECTION ( 'NONE',  ( -0.000000000000000000, -1.000000000000000000, -0.000000000000000000 ) ) ;
#1687 = CARTESIAN_POINT ( 'NONE',  ( -0.6666666666666665186, 0.4675000000000000266, 0.9166666666666671848 ) ) ;
#1688 = CARTESIAN_POINT ( 'NONE',  ( 0.2500000000000000000, 0.000000000000000000, 1.149999999999999911 ) ) ;
#1689 = VECTOR ( 'NONE', #3679, 1000.000000000000000 ) ;
#1690 = ORIENTED_EDGE ( 'NONE', *, *, #2268, .T. ) ;
#1691 = LINE ( 'NONE', #1143, #2482 ) ;
#1692 = LINE ( 'NONE', #1351, #2799 ) ;
#1693 = ORIENTED_EDGE ( 'NONE', *, *, #13, .T. ) ;
#1694 = LINE ( 'NONE', #3515, #1262 ) ;
#1695 = ADVANCED_FACE ( 'NONE', ( #3030 ), #1558, .F. ) ;
#1696 = ADVANCED_FACE ( 'NONE', ( #71 ), #1261, .F. ) ;
#1697 = DIRECTION ( 'NONE',  ( 0.000000000000000000, 1.000000000000000000, 0.000000000000000000 ) ) ;
#1698 = DIRECTION ( 'NONE',  ( 0.000000000000000000, 1.000000000000000000, -0.000000000000000000 ) ) ;
#1699 = LINE ( 'NONE', #1385, #3418 ) ;
#1700 = VERTEX_POINT ( 'NONE', #1677 ) ;
#1701 = LINE ( 'NONE', #2158, #2530 ) ;
#1702 = DIRECTION ( 'NONE',  ( 0.000000000000000000, 0.000000000000000000, 1.000000000000000000 ) ) ;
#1703 = VERTEX_POINT ( 'NONE', #1949 ) ;
#1704 = DIRECTION ( 'NONE',  ( 1.626303258728256651E-16, -0.000000000000000000, 1.000000000000000000 ) ) ;
#1705 = ORIENTED_EDGE ( 'NONE', *, *, #830, .T. ) ;
#1706 = DIRECTION ( 'NONE',  ( 1.000000000000000000, 0.000000000000000000, -4.336808689942011425E-15 ) ) ;
#1707 = CARTESIAN_POINT ( 'NONE',  ( -0.2500000000000000000, 0.000000000000000000, 0.6500000000000004663 ) ) ;
#1708 = STYLED_ITEM ( 'NONE', ( #1532 ), #193 ) ;
#1709 = DIRECTION ( 'NONE',  ( 0.000000000000000000, 0.000000000000000000, 1.000000000000000000 ) ) ;
#1710 = VERTEX_POINT ( 'NONE', #1004 ) ;
#1711 =( GEOMETRIC_REPRESENTATION_CONTEXT ( 3 ) GLOBAL_UNCERTAINTY_ASSIGNED_CONTEXT ( ( #267 ) ) GLOBAL_UNIT_ASSIGNED_CONTEXT ( ( #958, #3062, #3649 ) ) REPRESENTATION_CONTEXT ( 'NONE', 'WORKASPACE' ) );
#1712 = DIRECTION ( 'NONE',  ( -0.000000000000000000, -1.000000000000000000, -0.000000000000000000 ) ) ;
#1713 = DIRECTION ( 'NONE',  ( 0.000000000000000000, -1.000000000000000000, 0.000000000000000000 ) ) ;
#1714 = ADVANCED_FACE ( 'NONE', ( #2253 ), #139, .F. ) ;
#1715 = VECTOR ( 'NONE', #2019, 1000.000000000000000 ) ;
#1716 = PLANE ( 'NONE',  #361 ) ;
#1717 = ORIENTED_EDGE ( 'NONE', *, *, #108, .T. ) ;
#1718 = DIRECTION ( 'NONE',  ( -0.000000000000000000, -1.000000000000000000, -0.000000000000000000 ) ) ;
#1719 = EDGE_CURVE ( 'NONE', #2989, #2136, #1336, .T. ) ;
#1720 = EDGE_CURVE ( 'NONE', #1460, #2644, #2783, .T. ) ;
#1721 = DIRECTION ( 'NONE',  ( 0.000000000000000000, 0.000000000000000000, -1.000000000000000000 ) ) ;
#1722 = CARTESIAN_POINT ( 'NONE',  ( 0.6666666666666666297, 0.4400000000000000022, -0.9166666666666662966 ) ) ;
#1723 = DIRECTION ( 'NONE',  ( 0.000000000000000000, 0.000000000000000000, 1.000000000000000000 ) ) ;
#1724 = AXIS2_PLACEMENT_3D ( 'NONE', #3317, #2759, #3350 ) ;
#1725 = VERTEX_POINT ( 'NONE', #1911 ) ;
#1726 = CARTESIAN_POINT ( 'NONE',  ( 0.6666666666666666297, 0.4400000000000000022, -1.144166666666666332 ) ) ;
#1727 = ORIENTED_EDGE ( 'NONE', *, *, #1328, .F. ) ;
#1728 = CARTESIAN_POINT ( 'NONE',  ( -0.7999999999999997113, 0.2199999999999999178, -1.250000000000000444 ) ) ;
#1729 = DIRECTION ( 'NONE',  ( -0.000000000000000000, 0.000000000000000000, -1.000000000000000000 ) ) ;
#1730 = VECTOR ( 'NONE', #456, 1000.000000000000000 ) ;
#1731 = DIRECTION ( 'NONE',  ( -1.000000000000000000, 0.000000000000000000, 0.000000000000000000 ) ) ;
#1732 = ORIENTED_EDGE ( 'NONE', *, *, #824, .F. ) ;
#1733 = CARTESIAN_POINT ( 'NONE',  ( -0.9000000000000000222, 1.391537451385998825, -0.9671572875253802160 ) ) ;
#1734 = CIRCLE ( 'NONE', #1659, 0.3000000000000003775 ) ;
#1735 = VECTOR ( 'NONE', #3592, 1000.000000000000000 ) ;
#1736 = CARTESIAN_POINT ( 'NONE',  ( -1.000000000000000000, 0.000000000000000000, 1.249999999999999556 ) ) ;
#1737 = CARTESIAN_POINT ( 'NONE',  ( -0.6666666666666665186, 0.4675000000000000266, 1.144166666666666998 ) ) ;
#1738 = VECTOR ( 'NONE', #532, 1000.000000000000000 ) ;
#1739 = CARTESIAN_POINT ( 'NONE',  ( 0.2500000000000000000, 0.2199999999999999178, 0.3499999999999999778 ) ) ;
#1740 = CIRCLE ( 'NONE', #2236, 0.05000000000000002359 ) ;
#1741 = VECTOR ( 'NONE', #1529, 1000.000000000000000 ) ;
#1742 = AXIS2_PLACEMENT_3D ( 'NONE', #2788, #3081, #338 ) ;
#1743 = DIRECTION ( 'NONE',  ( -4.641700778034424399E-16, 0.000000000000000000, 1.000000000000000000 ) ) ;
#1744 = EDGE_LOOP ( 'NONE', ( #2711, #2147, #1632, #570 ) ) ;
#1745 = EDGE_CURVE ( 'NONE', #1054, #2941, #3675, .T. ) ;
#1746 = ORIENTED_EDGE ( 'NONE', *, *, #1764, .F. ) ;
#1747 = EDGE_LOOP ( 'NONE', ( #2524, #278, #2254, #2165 ) ) ;
#1748 = ORIENTED_EDGE ( 'NONE', *, *, #2245, .T. ) ;
#1749 = DIRECTION ( 'NONE',  ( 1.000000000000000000, 0.000000000000000000, -0.000000000000000000 ) ) ;
#1750 = ORIENTED_EDGE ( 'NONE', *, *, #1617, .F. ) ;
#1751 = EDGE_CURVE ( 'NONE', #114, #3652, #3427, .T. ) ;
#1752 = DIRECTION ( 'NONE',  ( 0.000000000000000000, 0.000000000000000000, -1.000000000000000000 ) ) ;
#1753 = LINE ( 'NONE', #2047, #1464 ) ;
#1754 = ORIENTED_EDGE ( 'NONE', *, *, #2972, .T. ) ;
#1755 = AXIS2_PLACEMENT_3D ( 'NONE', #2435, #2140, #3660 ) ;
#1756 = ORIENTED_EDGE ( 'NONE', *, *, #206, .F. ) ;
#1757 = CARTESIAN_POINT ( 'NONE',  ( 1.000000000000000000, 0.2199999999999999178, -1.249999999999999556 ) ) ;
#1758 = ORIENTED_EDGE ( 'NONE', *, *, #1563, .T. ) ;
#1759 = CARTESIAN_POINT ( 'NONE',  ( 0.6999999999999996225, 1.391537451385998825, -1.249999999999999556 ) ) ;
#1760 = DIRECTION ( 'NONE',  ( 0.000000000000000000, 0.000000000000000000, 1.000000000000000000 ) ) ;
#1761 = CARTESIAN_POINT ( 'NONE',  ( 1.000000000000000000, 0.4399999999999999467, -1.249999999999999556 ) ) ;
#1762 = ORIENTED_EDGE ( 'NONE', *, *, #1634, .F. ) ;
#1763 = CARTESIAN_POINT ( 'NONE',  ( 0.6999999999999996225, 1.391537451385998825, 1.250000000000000888 ) ) ;
#1764 = EDGE_CURVE ( 'NONE', #2024, #2492, #3242, .T. ) ;
#1765 = ORIENTED_EDGE ( 'NONE', *, *, #1769, .T. ) ;
#1766 = DIRECTION ( 'NONE',  ( 0.000000000000000000, 0.000000000000000000, -1.000000000000000000 ) ) ;
#1767 = PLANE ( 'NONE',  #1279 ) ;
#1768 = DIRECTION ( 'NONE',  ( -0.000000000000000000, -1.000000000000000000, -0.000000000000000000 ) ) ;
#1769 = EDGE_CURVE ( 'NONE', #253, #1232, #3408, .T. ) ;
#1770 = EDGE_CURVE ( 'NONE', #3745, #2372, #2287, .T. ) ;
#1771 = ORIENTED_EDGE ( 'NONE', *, *, #1387, .T. ) ;
#1772 = ORIENTED_EDGE ( 'NONE', *, *, #1276, .F. ) ;
#1773 = ORIENTED_EDGE ( 'NONE', *, *, #2751, .T. ) ;
#1774 = LINE ( 'NONE', #576, #3495 ) ;
#1775 = ADVANCED_FACE ( 'NONE', ( #424 ), #683, .T. ) ;
#1776 = CLOSED_SHELL ( 'NONE', ( #2946, #1881, #3598, #3448, #3283, #3130, #2613, #1272, #3790, #2168, #3851, #1952, #1254, #1071, #397, #541, #646, #3509, #439, #1590, #3028 ) ) ;
#1777 = DIRECTION ( 'NONE',  ( -0.000000000000000000, -1.000000000000000000, -0.000000000000000000 ) ) ;
#1778 = DIRECTION ( 'NONE',  ( 1.000000000000000000, 0.000000000000000000, 0.000000000000000000 ) ) ;
#1779 = VERTEX_POINT ( 'NONE', #2518 ) ;
#1780 = DIRECTION ( 'NONE',  ( 0.000000000000000000, 0.000000000000000000, 1.000000000000000000 ) ) ;
#1781 = ORIENTED_EDGE ( 'NONE', *, *, #420, .F. ) ;
#1782 = LINE ( 'NONE', #1763, #3467 ) ;
#1783 = ORIENTED_EDGE ( 'NONE', *, *, #1042, .F. ) ;
#1784 = PLANE ( 'NONE',  #1798 ) ;
#1785 = DIRECTION ( 'NONE',  ( 0.000000000000000000, 0.000000000000000000, -1.000000000000000000 ) ) ;
#1786 = ORIENTED_EDGE ( 'NONE', *, *, #2766, .F. ) ;
#1787 = ORIENTED_EDGE ( 'NONE', *, *, #286, .F. ) ;
#1788 = EDGE_CURVE ( 'NONE', #1559, #2405, #1026, .T. ) ;
#1789 = ORIENTED_EDGE ( 'NONE', *, *, #2766, .T. ) ;
#1790 = VECTOR ( 'NONE', #2273, 1000.000000000000000 ) ;
#1791 = DIRECTION ( 'NONE',  ( 1.000000000000000000, 0.000000000000000000, -8.673617379884022850E-15 ) ) ;
#1792 = VECTOR ( 'NONE', #3863, 1000.000000000000000 ) ;
#1793 = DIRECTION ( 'NONE',  ( -0.000000000000000000, 0.000000000000000000, 1.000000000000000000 ) ) ;
#1794 = LINE ( 'NONE', #2383, #1436 ) ;
#1795 = ADVANCED_FACE ( 'NONE', ( #2800 ), #3748, .T. ) ;
#1796 = ADVANCED_FACE ( 'NONE', ( #2227 ), #1597, .F. ) ;
#1797 = LINE ( 'NONE', #867, #2240 ) ;
#1798 = AXIS2_PLACEMENT_3D ( 'NONE', #1805, #2998, #1205 ) ;
#1799 = AXIS2_PLACEMENT_3D ( 'NONE', #1199, #2940, #251 ) ;
#1800 = PLANE ( 'NONE',  #2616 ) ;
#1801 = ORIENTED_EDGE ( 'NONE', *, *, #3224, .T. ) ;
#1802 = AXIS2_PLACEMENT_3D ( 'NONE', #8, #1202, #317 ) ;
#1803 = CIRCLE ( 'NONE', #2418, 0.04999999999999991257 ) ;
#1804 = ORIENTED_EDGE ( 'NONE', *, *, #1068, .F. ) ;
#1805 = CARTESIAN_POINT ( 'NONE',  ( -0.9000000000000000222, 1.391537451385998825, -0.9671572875253802160 ) ) ;
#1806 = AXIS2_PLACEMENT_3D ( 'NONE', #617, #284, #4 ) ;
#1807 = CARTESIAN_POINT ( 'NONE',  ( 1.000000000000000000, 0.2199999999999999178, 1.249999999999999556 ) ) ;
#1808 = CARTESIAN_POINT ( 'NONE',  ( -0.6666666666666666297, 0.4675000000000000266, -0.9166666666666659635 ) ) ;
#1809 = ORIENTED_EDGE ( 'NONE', *, *, #121, .F. ) ;
#1810 = FACE_OUTER_BOUND ( 'NONE', #2119, .T. ) ;
#1811 = DIRECTION ( 'NONE',  ( 0.000000000000000000, 1.000000000000000000, 0.000000000000000000 ) ) ;
#1812 = ADVANCED_FACE ( 'NONE', ( #3131 ), #1302, .T. ) ;
#1813 = FILL_AREA_STYLE_COLOUR ( '', #101 ) ;
#1814 = CARTESIAN_POINT ( 'NONE',  ( 0.9000000000000000222, 0.000000000000000000, 0.3499999999999999778 ) ) ;
#1815 = CARTESIAN_POINT ( 'NONE',  ( 0.000000000000000000, 0.2200000000000000011, 0.000000000000000000 ) ) ;
#1816 = COLOUR_RGB ( '',1.000000000000000000, 0.8117647058823529438, 0.5019607843137254832 ) ;
#1817 = ADVANCED_FACE ( 'NONE', ( #2499 ), #3791, .F. ) ;
#1818 = EDGE_CURVE ( 'NONE', #1274, #123, #3179, .T. ) ;
#1819 = EDGE_LOOP ( 'NONE', ( #2199, #1877, #269, #2578 ) ) ;
#1820 = ORIENTED_EDGE ( 'NONE', *, *, #3552, .F. ) ;
#1821 = DIRECTION ( 'NONE',  ( -0.000000000000000000, -0.000000000000000000, -1.000000000000000000 ) ) ;
#1822 = CARTESIAN_POINT ( 'NONE',  ( -0.9000000000000000222, 0.2199999999999999178, -0.3499999999999999778 ) ) ;
#1823 = CARTESIAN_POINT ( 'NONE',  ( 0.6999999999999996225, 0.000000000000000000, -1.249999999999999556 ) ) ;
#1824 = ORIENTED_EDGE ( 'NONE', *, *, #2502, .T. ) ;
#1825 = CARTESIAN_POINT ( 'NONE',  ( -1.000000000000000000, 0.000000000000000000, -1.249999999999999556 ) ) ;
#1826 = CYLINDRICAL_SURFACE ( 'NONE', #2981, 0.3000000000000003775 ) ;
#1827 = CARTESIAN_POINT ( 'NONE',  ( 0.6666666666666667407, 0.4675000000000000266, 0.9166666666666669627 ) ) ;
#1828 = CARTESIAN_POINT ( 'NONE',  ( -0.6666666666666666297, 3.190075756488817582, -0.9166666666666659635 ) ) ;
#1829 = CARTESIAN_POINT ( 'NONE',  ( 0.2500000000000000000, 0.000000000000000000, -1.149999999999999911 ) ) ;
#1830 = CARTESIAN_POINT ( 'NONE',  ( 0.2500000000000001110, 0.2199999999999999178, -0.3499999999999999778 ) ) ;
#1831 = CIRCLE ( 'NONE', #3017, 0.08333333333333370341 ) ;
#1832 = CARTESIAN_POINT ( 'NONE',  ( -0.2500000000000000000, 0.000000000000000000, 0.3499999999999999778 ) ) ;
#1833 = VERTEX_POINT ( 'NONE', #2900 ) ;
#1834 = AXIS2_PLACEMENT_3D ( 'NONE', #728, #2520, #3387 ) ;
#1835 = EDGE_CURVE ( 'NONE', #3713, #772, #3498, .T. ) ;
#1836 = ADVANCED_FACE ( 'NONE', ( #3816 ), #795, .F. ) ;
#1837 = LINE ( 'NONE', #947, #1850 ) ;
#1838 = CARTESIAN_POINT ( 'NONE',  ( 0.6666666666666666297, 0.4949999999999999956, -1.050000000000000044 ) ) ;
#1839 = VERTEX_POINT ( 'NONE', #1413 ) ;
#1840 = CARTESIAN_POINT ( 'NONE',  ( -1.000000000000000000, 0.2199999999999999178, 1.249999999999999556 ) ) ;
#1841 = DIRECTION ( 'NONE',  ( 0.000000000000000000, -1.000000000000000000, 0.000000000000000000 ) ) ;
#1842 = CYLINDRICAL_SURFACE ( 'NONE', #3244, 0.3000000000000003775 ) ;
#1843 = DIRECTION ( 'NONE',  ( -0.000000000000000000, -1.000000000000000000, -0.000000000000000000 ) ) ;
#1844 = UNCERTAINTY_MEASURE_WITH_UNIT (LENGTH_MEASURE( 1.000000000000000082E-05 ), #1866, 'distance_accuracy_value', 'NONE');
#1845 = ORIENTED_EDGE ( 'NONE', *, *, #2474, .F. ) ;
#1846 = AXIS2_PLACEMENT_3D ( 'NONE', #2853, #3148, #3447 ) ;
#1847 = CARTESIAN_POINT ( 'NONE',  ( -0.9000000000000000222, 0.2199999999999999178, 0.3500000000000000333 ) ) ;
#1848 = CIRCLE ( 'NONE', #2104, 0.2000000000000003164 ) ;
#1849 = CARTESIAN_POINT ( 'NONE',  ( -0.2500000000000000000, 0.2199999999999999178, -1.149999999999999911 ) ) ;
#1850 = VECTOR ( 'NONE', #70, 1000.000000000000000 ) ;
#1851 = ORIENTED_EDGE ( 'NONE', *, *, #2130, .T. ) ;
#1852 = AXIS2_PLACEMENT_3D ( 'NONE', #934, #2764, #3095 ) ;
#1853 = EDGE_CURVE ( 'NONE', #559, #3753, #1701, .T. ) ;
#1854 = ORIENTED_EDGE ( 'NONE', *, *, #2271, .F. ) ;
#1855 = DIRECTION ( 'NONE',  ( 8.673617379884022850E-15, 0.000000000000000000, -1.000000000000000000 ) ) ;
#1856 = VECTOR ( 'NONE', #1676, 1000.000000000000000 ) ;
#1857 = DIRECTION ( 'NONE',  ( 0.000000000000000000, -1.000000000000000000, 0.000000000000000000 ) ) ;
#1858 = EDGE_CURVE ( 'NONE', #1703, #3254, #916, .T. ) ;
#1859 = EDGE_CURVE ( 'NONE', #3250, #3433, #331, .T. ) ;
#1860 = CIRCLE ( 'NONE', #3314, 0.08333333333333348136 ) ;
#1861 = ORIENTED_EDGE ( 'NONE', *, *, #873, .T. ) ;
#1862 = VERTEX_POINT ( 'NONE', #995 ) ;
#1863 = CIRCLE ( 'NONE', #481, 0.1999999999999998723 ) ;
#1864 = CARTESIAN_POINT ( 'NONE',  ( -0.2500000000000000000, 0.2199999999999999178, 1.149999999999999911 ) ) ;
#1865 = CARTESIAN_POINT ( 'NONE',  ( -0.6500000000000001332, 0.5300000000000000266, -0.9499999999999999556 ) ) ;
#1866 =( LENGTH_UNIT ( ) NAMED_UNIT ( * ) SI_UNIT ( .MILLI., .METRE. ) );
#1867 = ORIENTED_EDGE ( 'NONE', *, *, #1835, .T. ) ;
#1868 = CARTESIAN_POINT ( 'NONE',  ( 1.000000000000000000, 0.000000000000000000, 1.249999999999999556 ) ) ;
#1869 = CARTESIAN_POINT ( 'NONE',  ( -0.2500000000000000000, 0.2199999999999999178, 0.6500000000000005773 ) ) ;
#1870 = CIRCLE ( 'NONE', #2494, 0.02749999999999996197 ) ;
#1871 = EDGE_LOOP ( 'NONE', ( #3901, #529, #3428, #2144, #2202, #91, #722, #3301 ) ) ;
#1872 = DIRECTION ( 'NONE',  ( -0.000000000000000000, -1.000000000000000000, -0.000000000000000000 ) ) ;
#1873 = ADVANCED_FACE ( 'NONE', ( #3356 ), #3306, .T. ) ;
#1874 = CARTESIAN_POINT ( 'NONE',  ( -0.9000000000000000222, 0.000000000000000000, -0.9671572875253802160 ) ) ;
#1875 = VERTEX_POINT ( 'NONE', #2763 ) ;
#1876 = CARTESIAN_POINT ( 'NONE',  ( -0.6500000000000001332, 0.5500000000000000444, -0.8499999999999999778 ) ) ;
#1877 = ORIENTED_EDGE ( 'NONE', *, *, #1145, .T. ) ;
#1878 = LINE ( 'NONE', #1288, #1476 ) ;
#1879 = ADVANCED_FACE ( 'NONE', ( #1233 ), #355, .F. ) ;
#1880 = FACE_OUTER_BOUND ( 'NONE', #364, .T. ) ;
#1881 = ADVANCED_FACE ( 'NONE', ( #315 ), #2750, .F. ) ;
#1882 = LINE ( 'NONE', #67, #2483 ) ;
#1883 = EDGE_CURVE ( 'NONE', #2810, #3622, #1564, .T. ) ;
#1884 =( LENGTH_UNIT ( ) NAMED_UNIT ( * ) SI_UNIT ( .MILLI., .METRE. ) );
#1885 = ORIENTED_EDGE ( 'NONE', *, *, #3577, .T. ) ;
#1886 = VECTOR ( 'NONE', #3193, 1000.000000000000000 ) ;
#1887 = STYLED_ITEM ( 'NONE', ( #2184 ), #208 ) ;
#1888 = CARTESIAN_POINT ( 'NONE',  ( -1.000000000000000000, 0.2199999999999999178, 1.049999999999999600 ) ) ;
#1889 = CARTESIAN_POINT ( 'NONE',  ( -1.000000000000000000, 0.000000000000000000, -1.249999999999999556 ) ) ;
#1890 = AXIS2_PLACEMENT_3D ( 'NONE', #1733, #2933, #1506 ) ;
#1891 = VERTEX_POINT ( 'NONE', #3319 ) ;
#1892 = CARTESIAN_POINT ( 'NONE',  ( 0.7999999999999997113, 0.000000000000000000, 1.250000000000000444 ) ) ;
#1893 = DIRECTION ( 'NONE',  ( 0.000000000000000000, 0.000000000000000000, -1.000000000000000000 ) ) ;
#1894 = ORIENTED_EDGE ( 'NONE', *, *, #566, .T. ) ;
#1895 = CARTESIAN_POINT ( 'NONE',  ( -0.6500000000000001332, 0.5300000000000000266, -0.9000000000000000222 ) ) ;
#1896 = CARTESIAN_POINT ( 'NONE',  ( -0.7171572875253804380, 0.2199999999999999178, -1.149999999999999911 ) ) ;
#1897 = EDGE_LOOP ( 'NONE', ( #86, #499, #2611, #2242 ) ) ;
#1898 = ADVANCED_FACE ( 'NONE', ( #1810 ), #3003, .T. ) ;
#1899 = VERTEX_POINT ( 'NONE', #3658 ) ;
#1900 = CARTESIAN_POINT ( 'NONE',  ( -0.6666666666666665186, 0.4949999999999999956, 1.050000000000000488 ) ) ;
#1901 = SURFACE_STYLE_FILL_AREA ( #2791 ) ;
#1902 = VECTOR ( 'NONE', #374, 1000.000000000000000 ) ;
#1903 = EDGE_CURVE ( 'NONE', #1290, #2749, #3057, .T. ) ;
#1904 = VERTEX_POINT ( 'NONE', #1250 ) ;
#1905 = DIRECTION ( 'NONE',  ( 0.000000000000000000, 0.000000000000000000, -1.000000000000000000 ) ) ;
#1906 = ORIENTED_EDGE ( 'NONE', *, *, #2666, .F. ) ;
#1907 = AXIS2_PLACEMENT_3D ( 'NONE', #1895, #754, #735 ) ;
#1908 = ORIENTED_EDGE ( 'NONE', *, *, #3394, .F. ) ;
#1909 = AXIS2_PLACEMENT_3D ( 'NONE', #547, #1749, #525 ) ;
#1910 = AXIS2_PLACEMENT_3D ( 'NONE', #3022, #981, #2809 ) ;
#1911 = CARTESIAN_POINT ( 'NONE',  ( 0.6999999999999996225, 0.000000000000000000, 1.250000000000000888 ) ) ;
#1912 = CIRCLE ( 'NONE', #231, 0.08333333333333359239 ) ;
#1913 = VERTEX_POINT ( 'NONE', #2139 ) ;
#1914 = CARTESIAN_POINT ( 'NONE',  ( -0.6999999999999996225, 1.391537451385998825, 1.249999999999999556 ) ) ;
#1915 = FACE_BOUND ( 'NONE', #1069, .T. ) ;
#1916 = ORIENTED_EDGE ( 'NONE', *, *, #1903, .F. ) ;
#1917 = VECTOR ( 'NONE', #3666, 1000.000000000000000 ) ;
#1918 = PLANE ( 'NONE',  #1099 ) ;
#1919 = FACE_OUTER_BOUND ( 'NONE', #659, .T. ) ;
#1920 = AXIS2_PLACEMENT_3D ( 'NONE', #1022, #3574, #3517 ) ;
#1921 = PRODUCT_DEFINITION_FORMATION_WITH_SPECIFIED_SOURCE ( 'ANY', '', #282, .NOT_KNOWN. ) ;
#1922 = DIRECTION ( 'NONE',  ( -0.000000000000000000, 1.000000000000000000, -0.000000000000000000 ) ) ;
#1923 = ADVANCED_FACE ( 'NONE', ( #42 ), #1826, .F. ) ;
#1924 = EDGE_LOOP ( 'NONE', ( #2056, #2533, #2504, #1073 ) ) ;
#1925 = CARTESIAN_POINT ( 'NONE',  ( 0.8941666666666665542, 0.4675000000000000266, 0.9166666666666669627 ) ) ;
#1926 = ORIENTED_EDGE ( 'NONE', *, *, #3853, .F. ) ;
#1927 = EDGE_CURVE ( 'NONE', #2919, #2248, #2434, .T. ) ;
#1928 = ADVANCED_FACE ( 'NONE', ( #2467 ), #1842, .T. ) ;
#1929 = CARTESIAN_POINT ( 'NONE',  ( 0.8391666666666666163, 0.4949999999999999956, -0.9166666666666662966 ) ) ;
#1930 = CARTESIAN_POINT ( 'NONE',  ( 0.9000000000000000222, 1.391537451385998825, -0.9671572875253802160 ) ) ;
#1931 = ADVANCED_FACE ( 'NONE', ( #3642 ), #2179, .F. ) ;
#1932 = ORIENTED_EDGE ( 'NONE', *, *, #512, .F. ) ;
#1933 = LINE ( 'NONE', #1029, #3299 ) ;
#1934 = DIRECTION ( 'NONE',  ( -0.000000000000000000, -1.000000000000000000, -0.000000000000000000 ) ) ;
#1935 = DIRECTION ( 'NONE',  ( 1.000000000000000000, -0.000000000000000000, 8.673617379884022850E-15 ) ) ;
#1936 = ORIENTED_EDGE ( 'NONE', *, *, #3245, .F. ) ;
#1937 = DIRECTION ( 'NONE',  ( 0.000000000000000000, 0.000000000000000000, -1.000000000000000000 ) ) ;
#1938 = ORIENTED_EDGE ( 'NONE', *, *, #393, .F. ) ;
#1939 = ORIENTED_EDGE ( 'NONE', *, *, #301, .F. ) ;
#1940 = CARTESIAN_POINT ( 'NONE',  ( -1.000000000000000000, 0.2199999999999999178, -1.249999999999999556 ) ) ;
#1941 = DIRECTION ( 'NONE',  ( -0.000000000000000000, 1.000000000000000000, -0.000000000000000000 ) ) ;
#1942 = ORIENTED_EDGE ( 'NONE', *, *, #802, .F. ) ;
#1943 = DIRECTION ( 'NONE',  ( 0.000000000000000000, 0.000000000000000000, 1.000000000000000000 ) ) ;
#1944 = CARTESIAN_POINT ( 'NONE',  ( 0.2500000000000000000, 0.000000000000000000, 0.3499999999999999778 ) ) ;
#1945 = ORIENTED_EDGE ( 'NONE', *, *, #2217, .T. ) ;
#1946 = EDGE_CURVE ( 'NONE', #589, #3861, #1878, .T. ) ;
#1947 = VERTEX_POINT ( 'NONE', #3701 ) ;
#1948 = DIRECTION ( 'NONE',  ( 0.000000000000000000, 0.000000000000000000, 1.000000000000000000 ) ) ;
#1949 = CARTESIAN_POINT ( 'NONE',  ( -0.7171572875253804380, 0.000000000000000000, -1.149999999999999911 ) ) ;
#1950 = VECTOR ( 'NONE', #1444, 1000.000000000000000 ) ;
#1951 = CARTESIAN_POINT ( 'NONE',  ( -0.9000000000000000222, 0.2199999999999999178, 0.3499999999999999778 ) ) ;
#1953 = EDGE_LOOP ( 'NONE', ( #2220, #3227, #2303, #2587 ) ) ;
#1952 = ADVANCED_FACE ( 'NONE', ( #1214 ), #2412, .F. ) ;
#1954 = LINE ( 'NONE', #732, #2120 ) ;
#1955 = EDGE_CURVE ( 'NONE', #2633, #2405, #2786, .T. ) ;
#1956 = ORIENTED_EDGE ( 'NONE', *, *, #1745, .F. ) ;
#1957 = DIRECTION ( 'NONE',  ( 0.000000000000000000, 1.000000000000000000, 0.000000000000000000 ) ) ;
#1958 = CIRCLE ( 'NONE', #3859, 0.3000000000000003775 ) ;
#1959 = LINE ( 'NONE', #506, #375 ) ;
#1960 = CARTESIAN_POINT ( 'NONE',  ( -0.2500000000000000000, 1.391537451385998825, -0.3499999999999999778 ) ) ;
#1961 = VERTEX_POINT ( 'NONE', #3775 ) ;
#1962 = DIRECTION ( 'NONE',  ( 0.000000000000000000, 0.000000000000000000, 1.000000000000000000 ) ) ;
#1963 = DIRECTION ( 'NONE',  ( -1.000000000000000000, 0.000000000000000000, -0.000000000000000000 ) ) ;
#1964 = DIRECTION ( 'NONE',  ( 1.000000000000000000, 0.000000000000000000, 0.000000000000000000 ) ) ;
#1965 = ORIENTED_EDGE ( 'NONE', *, *, #108, .F. ) ;
#1966 = CARTESIAN_POINT ( 'NONE',  ( 0.7171572875253804380, 0.000000000000000000, 1.150000000000000133 ) ) ;
#1967 = ORIENTED_EDGE ( 'NONE', *, *, #3712, .T. ) ;
#1968 = DIRECTION ( 'NONE',  ( -1.000000000000000000, 0.000000000000000000, 4.878909776184769953E-16 ) ) ;
#1969 = VERTEX_POINT ( 'NONE', #3754 ) ;
#1970 = AXIS2_PLACEMENT_3D ( 'NONE', #3088, #3768, #1318 ) ;
#1971 = VERTEX_POINT ( 'NONE', #1639 ) ;
#1972 = DIRECTION ( 'NONE',  ( 1.000000000000000000, -0.000000000000000000, 0.000000000000000000 ) ) ;
#1973 = EDGE_CURVE ( 'NONE', #3753, #1875, #406, .T. ) ;
#1974 = VECTOR ( 'NONE', #1605, 1000.000000000000000 ) ;
#1975 = DIRECTION ( 'NONE',  ( 0.000000000000000000, -1.000000000000000000, 0.000000000000000000 ) ) ;
#1976 = LINE ( 'NONE', #3520, #2679 ) ;
#1977 = CARTESIAN_POINT ( 'NONE',  ( -0.6999999999999996225, 0.2199999999999999178, -1.249999999999999556 ) ) ;
#1978 = ORIENTED_EDGE ( 'NONE', *, *, #2684, .F. ) ;
#1979 = CARTESIAN_POINT ( 'NONE',  ( -0.6666666666666665186, 0.4949999999999999956, 0.9166666666666671848 ) ) ;
#1980 = ORIENTED_EDGE ( 'NONE', *, *, #799, .T. ) ;
#1981 = DIRECTION ( 'NONE',  ( 0.000000000000000000, 0.000000000000000000, 1.000000000000000000 ) ) ;
#1982 = VECTOR ( 'NONE', #325, 1000.000000000000000 ) ;
#1983 = DIRECTION ( 'NONE',  ( 0.000000000000000000, 1.000000000000000000, 0.000000000000000000 ) ) ;
#1984 = DIRECTION ( 'NONE',  ( 0.000000000000000000, -1.000000000000000000, 0.000000000000000000 ) ) ;
#1985 = ADVANCED_FACE ( 'NONE', ( #3717 ), #485, .T. ) ;
#1986 = ADVANCED_FACE ( 'NONE', ( #1623 ), #3094, .T. ) ;
#1987 = AXIS2_PLACEMENT_3D ( 'NONE', #2925, #2404, #1723 ) ;
#1988 = ORIENTED_EDGE ( 'NONE', *, *, #3375, .T. ) ;
#1989 = FACE_OUTER_BOUND ( 'NONE', #2953, .T. ) ;
#1990 = CARTESIAN_POINT ( 'NONE',  ( 1.000000000000000000, 0.000000000000000000, -1.249999999999999556 ) ) ;
#1991 = VECTOR ( 'NONE', #1080, 1000.000000000000000 ) ;
#1992 = CIRCLE ( 'NONE', #297, 0.3000000000000003775 ) ;
#1993 = EDGE_LOOP ( 'NONE', ( #2157, #3256, #2671, #3214, #2650, #1294, #3351, #2020, #2817, #1773 ) ) ;
#1994 = DIRECTION ( 'NONE',  ( 0.000000000000000000, 1.000000000000000000, 0.000000000000000000 ) ) ;
#1995 = TOROIDAL_SURFACE ( 'NONE', #1806, 0.1724999999999999312, 0.02749999999999999667 ) ;
#1996 = LINE ( 'NONE', #119, #1175 ) ;
#1997 = ORIENTED_EDGE ( 'NONE', *, *, #804, .T. ) ;
#1998 = CARTESIAN_POINT ( 'NONE',  ( 0.7171572875253804380, 1.391537451385998825, -1.149999999999999911 ) ) ;
#1999 = CARTESIAN_POINT ( 'NONE',  ( -0.6666666666666666297, 0.5000000000000000000, -0.9999999999999997780 ) ) ;
#2000 = DIRECTION ( 'NONE',  ( 0.000000000000000000, -1.000000000000000000, 0.000000000000000000 ) ) ;
#2001 = EDGE_LOOP ( 'NONE', ( #1452, #322, #1727, #964 ) ) ;
#2002 = CARTESIAN_POINT ( 'NONE',  ( 1.000000000000000000, 1.391537451385998825, -1.249999999999999556 ) ) ;
#2003 = DIRECTION ( 'NONE',  ( 0.000000000000000000, -1.000000000000000000, 0.000000000000000000 ) ) ;
#2004 = CARTESIAN_POINT ( 'NONE',  ( 0.2500000000000000000, 0.2199999999999999178, -1.149999999999999911 ) ) ;
#2005 = ORIENTED_EDGE ( 'NONE', *, *, #618, .F. ) ;
#2006 = DIRECTION ( 'NONE',  ( 0.000000000000000000, 0.000000000000000000, 1.000000000000000000 ) ) ;
#2007 = EDGE_LOOP ( 'NONE', ( #3414, #2793, #2760, #1515 ) ) ;
#2008 = CYLINDRICAL_SURFACE ( 'NONE', #1593, 0.02749999999999996197 ) ;
#2009 = PRESENTATION_LAYER_ASSIGNMENT (  '', '', ( #2381 ) ) ;
#2010 = CARTESIAN_POINT ( 'NONE',  ( -0.2500000000000000000, 1.391537451385998825, 0.6500000000000005773 ) ) ;
#2011 = VERTEX_POINT ( 'NONE', #2260 ) ;
#2012 = PLANE ( 'NONE',  #977 ) ;
#2013 = EDGE_CURVE ( 'NONE', #3584, #2235, #115, .T. ) ;
#2014 = CYLINDRICAL_SURFACE ( 'NONE', #1433, 0.1333333333333333870 ) ;
#2015 = ORIENTED_EDGE ( 'NONE', *, *, #3508, .F. ) ;
#2016 = DIRECTION ( 'NONE',  ( -0.000000000000000000, -1.000000000000000000, -0.000000000000000000 ) ) ;
#2017 = EDGE_CURVE ( 'NONE', #699, #2812, #1098, .T. ) ;
#2018 = DIRECTION ( 'NONE',  ( 0.000000000000000000, 0.000000000000000000, 1.000000000000000000 ) ) ;
#2019 = DIRECTION ( 'NONE',  ( 1.000000000000000000, -0.000000000000000000, -4.878909776184769953E-16 ) ) ;
#2020 = ORIENTED_EDGE ( 'NONE', *, *, #3478, .T. ) ;
#2021 = DIRECTION ( 'NONE',  ( 0.000000000000000000, 0.000000000000000000, -1.000000000000000000 ) ) ;
#2022 = DIRECTION ( 'NONE',  ( -0.000000000000000000, -1.000000000000000000, -0.000000000000000000 ) ) ;
#2023 = DIRECTION ( 'NONE',  ( 0.000000000000000000, -1.000000000000000000, 0.000000000000000000 ) ) ;
#2024 = VERTEX_POINT ( 'NONE', #708 ) ;
#2025 = FACE_OUTER_BOUND ( 'NONE', #1747, .T. ) ;
#2026 = ORIENTED_EDGE ( 'NONE', *, *, #991, .F. ) ;
#2027 = DIRECTION ( 'NONE',  ( 1.182766006347823355E-16, 0.000000000000000000, 1.000000000000000000 ) ) ;
#2028 = DIRECTION ( 'NONE',  ( 0.000000000000000000, 0.000000000000000000, 1.000000000000000000 ) ) ;
#2029 = ORIENTED_EDGE ( 'NONE', *, *, #935, .F. ) ;
#2030 = AXIS2_PLACEMENT_3D ( 'NONE', #274, #126, #2192 ) ;
#2031 = CARTESIAN_POINT ( 'NONE',  ( 0.7999999999999998224, 0.4399999999999999467, -1.249999999999999556 ) ) ;
#2032 = LINE ( 'NONE', #1759, #655 ) ;
#2033 = EDGE_CURVE ( 'NONE', #637, #323, #3190, .T. ) ;
#2034 = LINE ( 'NONE', #536, #548 ) ;
#2035 = DIRECTION ( 'NONE',  ( 0.000000000000000000, 1.000000000000000000, 0.000000000000000000 ) ) ;
#2036 = EDGE_CURVE ( 'NONE', #2136, #2801, #2545, .T. ) ;
#2037 = EDGE_CURVE ( 'NONE', #328, #1441, #3099, .T. ) ;
#2038 = ORIENTED_EDGE ( 'NONE', *, *, #1387, .F. ) ;
#2039 = DIRECTION ( 'NONE',  ( 0.000000000000000000, 1.000000000000000000, 0.000000000000000000 ) ) ;
#2040 = LINE ( 'NONE', #1650, #443 ) ;
#2041 = LINE ( 'NONE', #3844, #903 ) ;
#2042 = CIRCLE ( 'NONE', #1217, 0.2000000000000000944 ) ;
#2043 = ORIENTED_EDGE ( 'NONE', *, *, #2089, .T. ) ;
#2044 = DIRECTION ( 'NONE',  ( 0.000000000000000000, -1.000000000000000000, 0.000000000000000000 ) ) ;
#2045 = CARTESIAN_POINT ( 'NONE',  ( 0.7999999999999998224, 0.2199999999999999178, 1.250000000000000444 ) ) ;
#2046 = AXIS2_PLACEMENT_3D ( 'NONE', #889, #383, #3349 ) ;
#2047 = CARTESIAN_POINT ( 'NONE',  ( 0.2500000000000000000, 1.391537451385998825, -0.3499999999999999778 ) ) ;
#2048 = ORIENTED_EDGE ( 'NONE', *, *, #2794, .T. ) ;
#2049 = ORIENTED_EDGE ( 'NONE', *, *, #3693, .F. ) ;
#2050 = VECTOR ( 'NONE', #3150, 1000.000000000000000 ) ;
#2051 = DIRECTION ( 'NONE',  ( 0.000000000000000000, 0.000000000000000000, 1.000000000000000000 ) ) ;
#2052 = ORIENTED_EDGE ( 'NONE', *, *, #872, .F. ) ;
#2053 = CARTESIAN_POINT ( 'NONE',  ( -0.8941666666666665542, 0.4400000000000000022, 1.057589937342678707E-16 ) ) ;
#2054 = AXIS2_PLACEMENT_3D ( 'NONE', #1268, #99, #3438 ) ;
#2055 = CARTESIAN_POINT ( 'NONE',  ( -0.6500000000000001332, 0.5300000000000000266, -0.9499999999999999556 ) ) ;
#2056 = ORIENTED_EDGE ( 'NONE', *, *, #2891, .F. ) ;
#2057 = AXIS2_PLACEMENT_3D ( 'NONE', #2621, #1962, #3257 ) ;
#2058 = AXIS2_PLACEMENT_3D ( 'NONE', #3477, #3795, #773 ) ;
#2059 = ORIENTED_EDGE ( 'NONE', *, *, #1973, .T. ) ;
#2060 = EDGE_CURVE ( 'NONE', #1700, #1146, #1531, .T. ) ;
#2061 = EDGE_CURVE ( 'NONE', #3381, #610, #2590, .T. ) ;
#2062 = AXIS2_PLACEMENT_3D ( 'NONE', #2455, #3633, #2131 ) ;
#2063 = DIRECTION ( 'NONE',  ( -0.000000000000000000, -1.000000000000000000, -0.000000000000000000 ) ) ;
#2064 = ORIENTED_EDGE ( 'NONE', *, *, #2272, .T. ) ;
#2065 = FACE_OUTER_BOUND ( 'NONE', #113, .T. ) ;
#2066 = ADVANCED_FACE ( 'NONE', ( #1309 ), #1918, .F. ) ;
#2067 = LINE ( 'NONE', #1487, #2675 ) ;
#2068 = SURFACE_STYLE_USAGE ( .BOTH. , #569 ) ;
#2069 = CARTESIAN_POINT ( 'NONE',  ( -1.000000000000000000, 0.4399999999999999467, 1.049999999999999600 ) ) ;
#2070 = CIRCLE ( 'NONE', #3896, 0.2274999999999998412 ) ;
#2071 = ORIENTED_EDGE ( 'NONE', *, *, #2690, .F. ) ;
#2072 = FACE_OUTER_BOUND ( 'NONE', #1137, .T. ) ;
#2073 = VECTOR ( 'NONE', #3123, 1000.000000000000000 ) ;
#2074 = LINE ( 'NONE', #2700, #2803 ) ;
#2075 = CARTESIAN_POINT ( 'NONE',  ( -0.2500000000000000000, 0.2199999999999999178, 0.3499999999999999778 ) ) ;
#2076 = EDGE_LOOP ( 'NONE', ( #656, #540, #2477, #1340 ) ) ;
#2077 = LINE ( 'NONE', #580, #1041 ) ;
#2078 = CARTESIAN_POINT ( 'NONE',  ( 0.2500000000000000000, 1.391537451385998825, -0.3499999999999999778 ) ) ;
#2079 = ORIENTED_EDGE ( 'NONE', *, *, #2246, .F. ) ;
#2080 = CARTESIAN_POINT ( 'NONE',  ( -0.6999999999999996225, 0.000000000000000000, 1.249999999999999556 ) ) ;
#2081 = EDGE_CURVE ( 'NONE', #1360, #3011, #2849, .T. ) ;
#2082 = EDGE_CURVE ( 'NONE', #3390, #2749, #775, .T. ) ;
#2083 = CIRCLE ( 'NONE', #3331, 0.05000000000000002359 ) ;
#2084 = DIRECTION ( 'NONE',  ( 1.182766006347823355E-16, -0.000000000000000000, 1.000000000000000000 ) ) ;
#2085 = PLANE ( 'NONE',  #681 ) ;
#2086 = AXIS2_PLACEMENT_3D ( 'NONE', #3265, #3501, #2857 ) ;
#2087 = ORIENTED_EDGE ( 'NONE', *, *, #519, .F. ) ;
#2088 = EDGE_CURVE ( 'NONE', #2528, #2103, #2733, .T. ) ;
#2089 = EDGE_CURVE ( 'NONE', #2387, #3330, #192, .T. ) ;
#2090 = ORIENTED_EDGE ( 'NONE', *, *, #3151, .T. ) ;
#2091 = VERTEX_POINT ( 'NONE', #2525 ) ;
#2092 = CARTESIAN_POINT ( 'NONE',  ( 0.6666666666666667407, 0.4675000000000000266, 0.9166666666666669627 ) ) ;
#2093 = DIRECTION ( 'NONE',  ( 0.000000000000000000, 0.000000000000000000, -1.000000000000000000 ) ) ;
#2094 = VECTOR ( 'NONE', #3449, 1000.000000000000000 ) ;
#2095 = AXIS2_PLACEMENT_3D ( 'NONE', #855, #928, #1709 ) ;
#2096 = ORIENTED_EDGE ( 'NONE', *, *, #393, .T. ) ;
#2097 = ORIENTED_EDGE ( 'NONE', *, *, #942, .T. ) ;
#2098 = LINE ( 'NONE', #3580, #3101 ) ;
#2099 = LINE ( 'NONE', #1206, #1982 ) ;
#2100 = ADVANCED_FACE ( 'NONE', ( #3735 ), #2008, .F. ) ;
#2101 = AXIS2_PLACEMENT_3D ( 'NONE', #2002, #2606, #3207 ) ;
#2102 = ORIENTED_EDGE ( 'NONE', *, *, #1412, .F. ) ;
#2103 = VERTEX_POINT ( 'NONE', #2318 ) ;
#2104 = AXIS2_PLACEMENT_3D ( 'NONE', #2948, #3654, #3370 ) ;
#2105 = EDGE_CURVE ( 'NONE', #1573, #2024, #3524, .T. ) ;
#2106 = ADVANCED_FACE ( 'NONE', ( #2655 ), #2929, .F. ) ;
#2107 = AXIS2_PLACEMENT_3D ( 'NONE', #2725, #33, #2151 ) ;
#2108 = FACE_OUTER_BOUND ( 'NONE', #527, .T. ) ;
#2109 = VECTOR ( 'NONE', #2440, 1000.000000000000000 ) ;
#2110 = DIRECTION ( 'NONE',  ( 0.000000000000000000, -1.000000000000000000, 0.000000000000000000 ) ) ;
#2111 = UNCERTAINTY_MEASURE_WITH_UNIT (LENGTH_MEASURE( 1.000000000000000082E-05 ), #1239, 'distance_accuracy_value', 'NONE');
#2112 = AXIS2_PLACEMENT_3D ( 'NONE', #1130, #1082, #1405 ) ;
#2113 = AXIS2_PLACEMENT_3D ( 'NONE', #2092, #1811, #3004 ) ;
#2114 = AXIS2_PLACEMENT_3D ( 'NONE', #785, #1994, #3201 ) ;
#2115 = CARTESIAN_POINT ( 'NONE',  ( -0.9000000000000000222, 0.000000000000000000, -0.3499999999999999778 ) ) ;
#2116 = ORIENTED_EDGE ( 'NONE', *, *, #1087, .T. ) ;
#2117 = VECTOR ( 'NONE', #197, 1000.000000000000000 ) ;
#2118 = VECTOR ( 'NONE', #2768, 1000.000000000000000 ) ;
#2119 = EDGE_LOOP ( 'NONE', ( #2225, #877, #1824, #1121 ) ) ;
#2120 = VECTOR ( 'NONE', #168, 1000.000000000000000 ) ;
#2121 = CARTESIAN_POINT ( 'NONE',  ( -0.9000000000000000222, 0.2199999999999999178, -0.9671572875253802160 ) ) ;
#2122 = CARTESIAN_POINT ( 'NONE',  ( -0.6666666666666665186, 0.5500000000000000444, 1.000000000000000666 ) ) ;
#2123 = ORIENTED_EDGE ( 'NONE', *, *, #3604, .T. ) ;
#2124 = LINE ( 'NONE', #204, #2476 ) ;
#2125 = ADVANCED_FACE ( 'NONE', ( #3270 ), #1767, .T. ) ;
#2126 = CARTESIAN_POINT ( 'NONE',  ( 1.000000000000000000, 0.000000000000000000, -1.049999999999999378 ) ) ;
#2127 = DIRECTION ( 'NONE',  ( 0.000000000000000000, 0.000000000000000000, -1.000000000000000000 ) ) ;
#2128 = ORIENTED_EDGE ( 'NONE', *, *, #3669, .F. ) ;
#2129 = EDGE_CURVE ( 'NONE', #878, #2136, #1417, .T. ) ;
#2130 = EDGE_CURVE ( 'NONE', #1616, #298, #1455, .T. ) ;
#2131 = DIRECTION ( 'NONE',  ( 0.000000000000000000, 0.000000000000000000, 1.000000000000000000 ) ) ;
#2132 = ORIENTED_EDGE ( 'NONE', *, *, #1541, .F. ) ;
#2133 = DIRECTION ( 'NONE',  ( 1.000000000000000000, -0.000000000000000000, -1.626303258728256651E-16 ) ) ;
#2134 = DIRECTION ( 'NONE',  ( 0.000000000000000000, -1.000000000000000000, 0.000000000000000000 ) ) ;
#2135 = CARTESIAN_POINT ( 'NONE',  ( 0.8000000000000003775, 0.4949999999999999956, 0.9166666666666669627 ) ) ;
#2136 = VERTEX_POINT ( 'NONE', #2376 ) ;
#2137 = CARTESIAN_POINT ( 'NONE',  ( 1.000000000000000000, 0.000000000000000000, 1.049999999999999378 ) ) ;
#2138 = ORIENTED_EDGE ( 'NONE', *, *, #961, .F. ) ;
#2139 = CARTESIAN_POINT ( 'NONE',  ( -0.8666666666666666963, 0.4675000000000000266, -0.9166666666666657415 ) ) ;
#2140 = DIRECTION ( 'NONE',  ( -1.000000000000000000, 0.000000000000000000, 0.000000000000000000 ) ) ;
#2141 = VERTEX_POINT ( 'NONE', #1728 ) ;
#2142 = SURFACE_STYLE_FILL_AREA ( #302 ) ;
#2143 = DIRECTION ( 'NONE',  ( 0.000000000000000000, 1.000000000000000000, 0.000000000000000000 ) ) ;
#2144 = ORIENTED_EDGE ( 'NONE', *, *, #3875, .T. ) ;
#2145 = LINE ( 'NONE', #411, #2109 ) ;
#2146 = EDGE_CURVE ( 'NONE', #2337, #939, #3280, .T. ) ;
#2147 = ORIENTED_EDGE ( 'NONE', *, *, #1386, .T. ) ;
#2148 = VECTOR ( 'NONE', #2705, 1000.000000000000000 ) ;
#2149 = EDGE_CURVE ( 'NONE', #1700, #1360, #568, .T. ) ;
#2150 = ADVANCED_FACE ( 'NONE', ( #3562 ), #857, .T. ) ;
#2151 = DIRECTION ( 'NONE',  ( -1.000000000000000000, 0.000000000000000000, 0.000000000000000000 ) ) ;
#2152 = DIRECTION ( 'NONE',  ( -1.000000000000000000, 0.000000000000000000, -0.000000000000000000 ) ) ;
#2153 = ORIENTED_EDGE ( 'NONE', *, *, #1859, .T. ) ;
#2154 = LINE ( 'NONE', #2193, #35 ) ;
#2155 = CARTESIAN_POINT ( 'NONE',  ( 0.9000000000000000222, 0.2199999999999999178, -0.3500000000000000333 ) ) ;
#2156 = DIRECTION ( 'NONE',  ( -1.000000000000000000, 0.000000000000000000, -0.000000000000000000 ) ) ;
#2157 = ORIENTED_EDGE ( 'NONE', *, *, #2198, .T. ) ;
#2158 = CARTESIAN_POINT ( 'NONE',  ( 0.9000000000000000222, 0.2199999999999999178, 0.3499999999999999778 ) ) ;
#2159 = FACE_OUTER_BOUND ( 'NONE', #22, .T. ) ;
#2160 = VECTOR ( 'NONE', #498, 1000.000000000000000 ) ;
#2161 = CARTESIAN_POINT ( 'NONE',  ( 0.2500000000000000000, 0.000000000000000000, 1.149999999999999911 ) ) ;
#2162 = AXIS2_PLACEMENT_3D ( 'NONE', #1010, #3159, #1076 ) ;
#2163 = EDGE_CURVE ( 'NONE', #372, #3422, #2067, .T. ) ;
#2164 = CIRCLE ( 'NONE', #465, 0.3000000000000003775 ) ;
#2165 = ORIENTED_EDGE ( 'NONE', *, *, #2603, .F. ) ;
#2166 = AXIS2_PLACEMENT_3D ( 'NONE', #2348, #843, #1760 ) ;
#2167 = ORIENTED_EDGE ( 'NONE', *, *, #1745, .T. ) ;
#2168 = ADVANCED_FACE ( 'NONE', ( #2338 ), #505, .T. ) ;
#2169 = ADVANCED_FACE ( 'NONE', ( #2695 ), #2674, .T. ) ;
#2170 = LINE ( 'NONE', #1537, #2223 ) ;
#2171 = VECTOR ( 'NONE', #471, 1000.000000000000000 ) ;
#2172 = AXIS2_PLACEMENT_3D ( 'NONE', #2330, #2286, #2877 ) ;
#2173 = DIRECTION ( 'NONE',  ( -0.000000000000000000, -1.000000000000000000, -0.000000000000000000 ) ) ;
#2174 = EDGE_LOOP ( 'NONE', ( #1270, #262, #314, #3322 ) ) ;
#2175 = CARTESIAN_POINT ( 'NONE',  ( -0.2500000000000000000, 0.000000000000000000, 0.6500000000000017986 ) ) ;
#2176 = CARTESIAN_POINT ( 'NONE',  ( -0.2500000000000000000, 0.2199999999999999178, -0.3499999999999999778 ) ) ;
#2177 = AXIS2_PLACEMENT_3D ( 'NONE', #1083, #844, #3261 ) ;
#2178 = ORIENTED_EDGE ( 'NONE', *, *, #3871, .F. ) ;
#2179 = PLANE ( 'NONE',  #3174 ) ;
#2180 = DIRECTION ( 'NONE',  ( 0.000000000000000000, 0.000000000000000000, -1.000000000000000000 ) ) ;
#2181 = ORIENTED_EDGE ( 'NONE', *, *, #2088, .F. ) ;
#2182 = ORIENTED_EDGE ( 'NONE', *, *, #3392, .T. ) ;
#2183 = LINE ( 'NONE', #3663, #549 ) ;
#2184 = PRESENTATION_STYLE_ASSIGNMENT (( #3706 ) ) ;
#2185 = CARTESIAN_POINT ( 'NONE',  ( 0.6999999999999996225, 1.391537451385998825, -1.249999999999999556 ) ) ;
#2186 = ORIENTED_EDGE ( 'NONE', *, *, #1769, .F. ) ;
#2187 = EDGE_LOOP ( 'NONE', ( #3354, #734, #1027, #209, #2693, #1104, #862, #1906, #461 ) ) ;
#2188 = CARTESIAN_POINT ( 'NONE',  ( -0.2500000000000000000, 0.000000000000000000, 0.3499999999999999778 ) ) ;
#2189 = CARTESIAN_POINT ( 'NONE',  ( 1.000000000000000000, 0.2199999999999999178, -1.249999999999999556 ) ) ;
#2190 = EDGE_CURVE ( 'NONE', #924, #216, #3251, .T. ) ;
#2191 = ORIENTED_EDGE ( 'NONE', *, *, #2013, .F. ) ;
#2192 = DIRECTION ( 'NONE',  ( 0.000000000000000000, 0.000000000000000000, -1.000000000000000000 ) ) ;
#2193 = CARTESIAN_POINT ( 'NONE',  ( -0.9000000000000000222, 0.2199999999999999178, -0.9671572875253802160 ) ) ;
#2194 = CYLINDRICAL_SURFACE ( 'NONE', #974, 0.05000000000000002359 ) ;
#2195 = ORIENTED_EDGE ( 'NONE', *, *, #3060, .T. ) ;
#2196 = CARTESIAN_POINT ( 'NONE',  ( -1.000000000000000000, 1.391537451385998825, 0.9499999999999992895 ) ) ;
#2197 = CARTESIAN_POINT ( 'NONE',  ( 0.000000000000000000, 0.4674999999999999711, 1.089166666666667060 ) ) ;
#2198 = EDGE_CURVE ( 'NONE', #878, #2229, #2638, .T. ) ;
#2199 = ORIENTED_EDGE ( 'NONE', *, *, #1751, .T. ) ;
#2200 = DIRECTION ( 'NONE',  ( 1.000000000000000000, -0.000000000000000000, 0.000000000000000000 ) ) ;
#2201 = DIRECTION ( 'NONE',  ( 0.000000000000000000, 0.000000000000000000, -1.000000000000000000 ) ) ;
#2202 = ORIENTED_EDGE ( 'NONE', *, *, #2642, .T. ) ;
#2203 = VERTEX_POINT ( 'NONE', #1470 ) ;
#2204 = CARTESIAN_POINT ( 'NONE',  ( 0.8941666666666666652, 0.4675000000000000266, -0.9166666666666662966 ) ) ;
#2205 = AXIS2_PLACEMENT_3D ( 'NONE', #3149, #686, #1304 ) ;
#2206 = EDGE_LOOP ( 'NONE', ( #1804, #1440, #3516, #810 ) ) ;
#2207 = DIRECTION ( 'NONE',  ( 0.000000000000000000, 1.000000000000000000, 0.000000000000000000 ) ) ;
#2208 = LINE ( 'NONE', #1914, #346 ) ;
#2209 = DIRECTION ( 'NONE',  ( 1.000000000000000000, -0.000000000000000000, 0.000000000000000000 ) ) ;
#2210 = ORIENTED_EDGE ( 'NONE', *, *, #966, .T. ) ;
#2211 = EDGE_LOOP ( 'NONE', ( #1065, #2841, #2747, #2123 ) ) ;
#2212 = CARTESIAN_POINT ( 'NONE',  ( 1.000000000000000000, 1.391537451385998825, -0.9499999999999992895 ) ) ;
#2213 = CARTESIAN_POINT ( 'NONE',  ( -0.6500000000000001332, 0.5300000000000000266, -0.8499999999999999778 ) ) ;
#2214 = VERTEX_POINT ( 'NONE', #3846 ) ;
#2215 = DIRECTION ( 'NONE',  ( 0.000000000000000000, 0.000000000000000000, 1.000000000000000000 ) ) ;
#2216 = ADVANCED_FACE ( 'NONE', ( #2962 ), #836, .F. ) ;
#2217 = EDGE_CURVE ( 'NONE', #1495, #3494, #1848, .T. ) ;
#2218 = DIRECTION ( 'NONE',  ( 0.000000000000000000, 0.000000000000000000, -1.000000000000000000 ) ) ;
#2219 = VECTOR ( 'NONE', #57, 1000.000000000000000 ) ;
#2220 = ORIENTED_EDGE ( 'NONE', *, *, #3218, .F. ) ;
#2221 = DIRECTION ( 'NONE',  ( -1.000000000000000000, 0.000000000000000000, 0.000000000000000000 ) ) ;
#2222 = ORIENTED_EDGE ( 'NONE', *, *, #3530, .T. ) ;
#2223 = VECTOR ( 'NONE', #56, 1000.000000000000000 ) ;
#2224 = CYLINDRICAL_SURFACE ( 'NONE', #1154, 0.2000000000000003164 ) ;
#2225 = ORIENTED_EDGE ( 'NONE', *, *, #3668, .F. ) ;
#2226 = VECTOR ( 'NONE', #2829, 1000.000000000000000 ) ;
#2227 = FACE_OUTER_BOUND ( 'NONE', #1819, .T. ) ;
#2228 = AXIS2_PLACEMENT_3D ( 'NONE', #3589, #880, #2397 ) ;
#2229 = VERTEX_POINT ( 'NONE', #668 ) ;
#2230 = CARTESIAN_POINT ( 'NONE',  ( -0.6666666666666666297, 0.4675000000000000266, -0.9166666666666659635 ) ) ;
#2231 = PLANE ( 'NONE',  #3787 ) ;
#2232 = VERTEX_POINT ( 'NONE', #366 ) ;
#2233 = DIRECTION ( 'NONE',  ( 0.000000000000000000, 1.000000000000000000, 0.000000000000000000 ) ) ;
#2234 = ORIENTED_EDGE ( 'NONE', *, *, #2641, .T. ) ;
#2235 = VERTEX_POINT ( 'NONE', #3050 ) ;
#2236 = AXIS2_PLACEMENT_3D ( 'NONE', #154, #3084, #1273 ) ;
#2237 = DIRECTION ( 'NONE',  ( 1.000000000000000000, 0.000000000000000000, 0.000000000000000000 ) ) ;
#2238 = DIRECTION ( 'NONE',  ( -1.000000000000000000, 0.000000000000000000, -0.000000000000000000 ) ) ;
#2239 = VECTOR ( 'NONE', #1778, 1000.000000000000000 ) ;
#2240 = VECTOR ( 'NONE', #1588, 1000.000000000000000 ) ;
#2241 = DIRECTION ( 'NONE',  ( 0.000000000000000000, -1.000000000000000000, 0.000000000000000000 ) ) ;
#2242 = ORIENTED_EDGE ( 'NONE', *, *, #3007, .F. ) ;
#2243 =( GEOMETRIC_REPRESENTATION_CONTEXT ( 3 ) GLOBAL_UNCERTAINTY_ASSIGNED_CONTEXT ( ( #1844 ) ) GLOBAL_UNIT_ASSIGNED_CONTEXT ( ( #1866, #3681, #715 ) ) REPRESENTATION_CONTEXT ( 'NONE', 'WORKASPACE' ) );
#2244 = CARTESIAN_POINT ( 'NONE',  ( 0.7171572875253804380, 1.391537451385998825, 1.150000000000000133 ) ) ;
#2245 = EDGE_CURVE ( 'NONE', #2488, #727, #2604, .T. ) ;
#2246 = EDGE_CURVE ( 'NONE', #3264, #1625, #3617, .T. ) ;
#2247 = DIRECTION ( 'NONE',  ( 0.000000000000000000, 0.000000000000000000, -1.000000000000000000 ) ) ;
#2248 = VERTEX_POINT ( 'NONE', #2745 ) ;
#2249 = ORIENTED_EDGE ( 'NONE', *, *, #3853, .T. ) ;
#2250 = EDGE_CURVE ( 'NONE', #3212, #2335, #2170, .T. ) ;
#2251 = EDGE_CURVE ( 'NONE', #2928, #1392, #3899, .T. ) ;
#2252 = CARTESIAN_POINT ( 'NONE',  ( -0.6666666666666666297, 3.190075756488817582, -1.049999999999999822 ) ) ;
#2253 = FACE_OUTER_BOUND ( 'NONE', #3012, .T. ) ;
#2254 = ORIENTED_EDGE ( 'NONE', *, *, #3577, .F. ) ;
#2255 = CARTESIAN_POINT ( 'NONE',  ( -0.7171572875253804380, 1.391537451385998825, -1.149999999999999911 ) ) ;
#2256 = DIRECTION ( 'NONE',  ( 0.000000000000000000, -1.000000000000000000, 0.000000000000000000 ) ) ;
#2257 = DIRECTION ( 'NONE',  ( 0.000000000000000000, 0.000000000000000000, 1.000000000000000000 ) ) ;
#2258 = ORIENTED_EDGE ( 'NONE', *, *, #2583, .T. ) ;
#2259 = EDGE_LOOP ( 'NONE', ( #989, #2614, #3883, #1368 ) ) ;
#2260 = CARTESIAN_POINT ( 'NONE',  ( 0.8000000000000003775, 0.5000000000000000000, 0.9166666666666669627 ) ) ;
#2261 = LINE ( 'NONE', #507, #515 ) ;
#2262 = ORIENTED_EDGE ( 'NONE', *, *, #3263, .F. ) ;
#2263 = CARTESIAN_POINT ( 'NONE',  ( -1.626303258728256651E-16, 0.5000000000000000000, -1.000000000000000000 ) ) ;
#2264 = DIRECTION ( 'NONE',  ( -0.000000000000000000, -1.000000000000000000, -0.000000000000000000 ) ) ;
#2265 = CARTESIAN_POINT ( 'NONE',  ( -1.000000000000000000, 3.641562118716424212, -1.249999999999999556 ) ) ;
#2266 = ORIENTED_EDGE ( 'NONE', *, *, #2474, .T. ) ;
#2267 = ORIENTED_EDGE ( 'NONE', *, *, #2367, .F. ) ;
#2268 = EDGE_CURVE ( 'NONE', #2801, #2229, #3066, .T. ) ;
#2269 = DIRECTION ( 'NONE',  ( -0.7071067811865441310, -0.000000000000000000, -0.7071067811865507924 ) ) ;
#2270 = ORIENTED_EDGE ( 'NONE', *, *, #2704, .F. ) ;
#2271 = EDGE_CURVE ( 'NONE', #2812, #3823, #634, .T. ) ;
#2272 = EDGE_CURVE ( 'NONE', #2387, #1245, #704, .T. ) ;
#2273 = DIRECTION ( 'NONE',  ( -1.000000000000000000, -0.000000000000000000, 8.673617379884003918E-15 ) ) ;
#2274 = CARTESIAN_POINT ( 'NONE',  ( -1.000000000000000000, 0.4399999999999999467, -1.249999999999999556 ) ) ;
#2275 = DIRECTION ( 'NONE',  ( 0.000000000000000000, -0.000000000000000000, 1.000000000000000000 ) ) ;
#2276 = ORIENTED_EDGE ( 'NONE', *, *, #2342, .F. ) ;
#2277 = DIRECTION ( 'NONE',  ( -1.000000000000000000, 0.000000000000000000, 0.000000000000000000 ) ) ;
#2278 = ORIENTED_EDGE ( 'NONE', *, *, #1257, .F. ) ;
#2279 = DIRECTION ( 'NONE',  ( 0.000000000000000000, 0.000000000000000000, 1.000000000000000000 ) ) ;
#2280 = CARTESIAN_POINT ( 'NONE',  ( -0.7999999999999998224, 0.000000000000000000, -1.250000000000000444 ) ) ;
#2281 = ORIENTED_EDGE ( 'NONE', *, *, #923, .T. ) ;
#2282 = LINE ( 'NONE', #2031, #2117 ) ;
#2283 = DIRECTION ( 'NONE',  ( 0.000000000000000000, 0.000000000000000000, -1.000000000000000000 ) ) ;
#2284 = CARTESIAN_POINT ( 'NONE',  ( 1.000000000000000000, 0.4399999999999999467, 1.049999999999999378 ) ) ;
#2285 = DIRECTION ( 'NONE',  ( 0.000000000000000000, 0.000000000000000000, -1.000000000000000000 ) ) ;
#2286 = DIRECTION ( 'NONE',  ( 0.000000000000000000, -1.000000000000000000, 0.000000000000000000 ) ) ;
#2287 = CIRCLE ( 'NONE', #1970, 0.05000000000000002359 ) ;
#2288 = EDGE_CURVE ( 'NONE', #3866, #2955, #148, .T. ) ;
#2289 = ORIENTED_EDGE ( 'NONE', *, *, #6, .F. ) ;
#2290 = AXIS2_PLACEMENT_3D ( 'NONE', #1123, #2320, #3525 ) ;
#2291 = CARTESIAN_POINT ( 'NONE',  ( -0.9000000000000000222, 1.391537451385998825, 0.9671572875253802160 ) ) ;
#2292 = DIRECTION ( 'NONE',  ( 0.000000000000000000, 0.000000000000000000, 1.000000000000000000 ) ) ;
#2293 = AXIS2_PLACEMENT_3D ( 'NONE', #1140, #2044, #1752 ) ;
#2294 = CARTESIAN_POINT ( 'NONE',  ( -0.7999999999999997113, 0.2199999999999999178, -1.250000000000000444 ) ) ;
#2295 = EDGE_CURVE ( 'NONE', #427, #1460, #3013, .T. ) ;
#2296 = ADVANCED_FACE ( 'NONE', ( #1557 ), #14, .T. ) ;
#2297 = ORIENTED_EDGE ( 'NONE', *, *, #799, .F. ) ;
#2298 = CARTESIAN_POINT ( 'NONE',  ( -0.8941666666666666652, 0.4675000000000000266, -0.9166666666666658525 ) ) ;
#2299 = AXIS2_PLACEMENT_3D ( 'NONE', #929, #2134, #3333 ) ;
#2300 = CARTESIAN_POINT ( 'NONE',  ( 0.6666666666666666297, 0.5500000000000000444, -1.000000000000000000 ) ) ;
#2301 = CARTESIAN_POINT ( 'NONE',  ( 0.2500000000000000000, 0.000000000000000000, -0.3499999999999999778 ) ) ;
#2302 = VECTOR ( 'NONE', #849, 1000.000000000000000 ) ;
#2303 = ORIENTED_EDGE ( 'NONE', *, *, #830, .F. ) ;
#2304 = FACE_OUTER_BOUND ( 'NONE', #870, .T. ) ;
#2305 = FACE_OUTER_BOUND ( 'NONE', #2211, .T. ) ;
#2306 = CIRCLE ( 'NONE', #475, 0.05000000000000002359 ) ;
#2307 = VECTOR ( 'NONE', #3694, 1000.000000000000000 ) ;
#2308 = AXIS2_PLACEMENT_3D ( 'NONE', #3824, #503, #1937 ) ;
#2309 = DIRECTION ( 'NONE',  ( 1.000000000000000000, 0.000000000000000000, 0.000000000000000000 ) ) ;
#2310 = DIRECTION ( 'NONE',  ( -1.000000000000000000, 0.000000000000000000, 0.000000000000000000 ) ) ;
#2311 = DIRECTION ( 'NONE',  ( -0.000000000000000000, -1.000000000000000000, -0.000000000000000000 ) ) ;
#2312 = CARTESIAN_POINT ( 'NONE',  ( -0.6666666666666665186, 0.5000000000000000000, 1.050000000000000488 ) ) ;
#2313 = LINE ( 'NONE', #1366, #1035 ) ;
#2314 = DIRECTION ( 'NONE',  ( 0.000000000000000000, 1.000000000000000000, 0.000000000000000000 ) ) ;
#2315 = VERTEX_POINT ( 'NONE', #1575 ) ;
#2316 = CARTESIAN_POINT ( 'NONE',  ( -1.000000000000000000, 0.000000000000000000, -1.049999999999999378 ) ) ;
#2317 = ORIENTED_EDGE ( 'NONE', *, *, #1379, .F. ) ;
#2318 = CARTESIAN_POINT ( 'NONE',  ( -0.7171572875253804380, 0.2199999999999999178, -1.149999999999999911 ) ) ;
#2319 = EDGE_CURVE ( 'NONE', #123, #3124, #1193, .T. ) ;
#2320 = DIRECTION ( 'NONE',  ( 0.000000000000000000, 1.000000000000000000, 0.000000000000000000 ) ) ;
#2321 = DIRECTION ( 'NONE',  ( 1.000000000000000000, -0.000000000000000000, 0.000000000000000000 ) ) ;
#2322 = ORIENTED_EDGE ( 'NONE', *, *, #2970, .T. ) ;
#2323 = DIRECTION ( 'NONE',  ( 0.000000000000000000, 0.000000000000000000, -1.000000000000000000 ) ) ;
#2324 = CARTESIAN_POINT ( 'NONE',  ( 1.000000000000000000, 0.4399999999999999467, -1.049999999999999378 ) ) ;
#2325 = EDGE_CURVE ( 'NONE', #2492, #3264, #1837, .T. ) ;
#2326 = CARTESIAN_POINT ( 'NONE',  ( 0.9000000000000000222, 1.391537451385998825, 0.9671572875253802160 ) ) ;
#2327 = DIRECTION ( 'NONE',  ( -0.000000000000000000, 1.000000000000000000, -0.000000000000000000 ) ) ;
#2328 = DIRECTION ( 'NONE',  ( 0.000000000000000000, 1.000000000000000000, 0.000000000000000000 ) ) ;
#2329 = ORIENTED_EDGE ( 'NONE', *, *, #1210, .F. ) ;
#2330 = CARTESIAN_POINT ( 'NONE',  ( -1.000000000000000000, 0.000000000000000000, 1.249999999999999556 ) ) ;
#2331 = ORIENTED_EDGE ( 'NONE', *, *, #3277, .T. ) ;
#2332 = DIRECTION ( 'NONE',  ( -0.000000000000000000, 1.000000000000000000, -0.000000000000000000 ) ) ;
#2333 = DIRECTION ( 'NONE',  ( 0.000000000000000000, 0.000000000000000000, 1.000000000000000000 ) ) ;
#2334 = DIRECTION ( 'NONE',  ( -0.000000000000000000, -1.000000000000000000, -0.000000000000000000 ) ) ;
#2335 = VERTEX_POINT ( 'NONE', #3601 ) ;
#2336 = DIRECTION ( 'NONE',  ( 0.000000000000000000, 0.000000000000000000, 1.000000000000000000 ) ) ;
#2337 = VERTEX_POINT ( 'NONE', #2462 ) ;
#2338 = FACE_OUTER_BOUND ( 'NONE', #2935, .T. ) ;
#2339 =( NAMED_UNIT ( * ) PLANE_ANGLE_UNIT ( ) SI_UNIT ( $, .RADIAN. ) );
#2340 = COLOUR_RGB ( '',0.2509803921568627416, 0.2509803921568627416, 0.2509803921568627416 ) ;
#2341 = DIRECTION ( 'NONE',  ( -1.000000000000000000, 0.000000000000000000, 1.182766006347825820E-16 ) ) ;
#2342 = EDGE_CURVE ( 'NONE', #2644, #3212, #2099, .T. ) ;
#2343 = ORIENTED_EDGE ( 'NONE', *, *, #237, .T. ) ;
#2344 = CIRCLE ( 'NONE', #2400, 0.3000000000000003775 ) ;
#2345 = CARTESIAN_POINT ( 'NONE',  ( -1.000000000000000000, 0.4399999999999998357, 1.250000000000000444 ) ) ;
#2346 = ORIENTED_EDGE ( 'NONE', *, *, #591, .F. ) ;
#2347 = DIRECTION ( 'NONE',  ( 0.000000000000000000, 0.000000000000000000, 1.000000000000000000 ) ) ;
#2348 = CARTESIAN_POINT ( 'NONE',  ( 0.6666666666666666297, 0.4675000000000000266, -0.9166666666666662966 ) ) ;
#2349 = ADVANCED_FACE ( 'NONE', ( #3298 ), #1520, .F. ) ;
#2350 = EDGE_CURVE ( 'NONE', #265, #1505, #603, .T. ) ;
#2351 = CARTESIAN_POINT ( 'NONE',  ( 0.9000000000000000222, 0.2199999999999999178, 0.3500000000000000333 ) ) ;
#2352 = ADVANCED_FACE ( 'NONE', ( #2406 ), #3638, .F. ) ;
#2353 = ORIENTED_EDGE ( 'NONE', *, *, #2433, .F. ) ;
#2354 = EDGE_LOOP ( 'NONE', ( #2983, #3404, #1015, #763 ) ) ;
#2355 = DIRECTION ( 'NONE',  ( -0.000000000000000000, -1.000000000000000000, -0.000000000000000000 ) ) ;
#2356 = AXIS2_PLACEMENT_3D ( 'NONE', #2189, #2173, #2484 ) ;
#2357 = DIRECTION ( 'NONE',  ( 1.000000000000000000, -0.000000000000000000, 0.000000000000000000 ) ) ;
#2358 = VECTOR ( 'NONE', #1821, 1000.000000000000000 ) ;
#2359 = EDGE_LOOP ( 'NONE', ( #1265, #2138, #2915, #53 ) ) ;
#2360 = AXIS2_PLACEMENT_3D ( 'NONE', #482, #3820, #1680 ) ;
#2361 = AXIS2_PLACEMENT_3D ( 'NONE', #3867, #2380, #1165 ) ;
#2362 = VERTEX_POINT ( 'NONE', #344 ) ;
#2363 = CARTESIAN_POINT ( 'NONE',  ( -0.9000000000000000222, 0.2199999999999999178, 0.9671572875253802160 ) ) ;
#2364 = AXIS2_PLACEMENT_3D ( 'NONE', #177, #3807, #1669 ) ;
#2365 = DIRECTION ( 'NONE',  ( 0.000000000000000000, -0.000000000000000000, 1.000000000000000000 ) ) ;
#2366 = AXIS2_PLACEMENT_3D ( 'NONE', #1406, #3742, #2247 ) ;
#2367 = EDGE_CURVE ( 'NONE', #1616, #2214, #2154, .T. ) ;
#2368 = EDGE_CURVE ( 'NONE', #1392, #3857, #1734, .T. ) ;
#2369 = AXIS2_PLACEMENT_3D ( 'NONE', #1333, #1571, #697 ) ;
#2370 = LINE ( 'NONE', #2075, #156 ) ;
#2371 = VERTEX_POINT ( 'NONE', #1892 ) ;
#2372 = VERTEX_POINT ( 'NONE', #1876 ) ;
#2373 = ADVANCED_FACE ( 'NONE', ( #2449 ), #3373, .T. ) ;
#2374 = ORIENTED_EDGE ( 'NONE', *, *, #2603, .T. ) ;
#2375 = DIRECTION ( 'NONE',  ( -0.000000000000000000, -1.000000000000000000, -0.000000000000000000 ) ) ;
#2376 = CARTESIAN_POINT ( 'NONE',  ( -0.9000000000000000222, 0.000000000000000000, 0.3499999999999999778 ) ) ;
#2377 = CARTESIAN_POINT ( 'NONE',  ( -0.2500000000000000000, 0.2199999999999999178, -0.3499999999999999778 ) ) ;
#2378 = ORIENTED_EDGE ( 'NONE', *, *, #2129, .F. ) ;
#2379 = ORIENTED_EDGE ( 'NONE', *, *, #2818, .T. ) ;
#2380 = DIRECTION ( 'NONE',  ( 1.000000000000000000, 0.000000000000000000, 0.000000000000000000 ) ) ;
#2381 = STYLED_ITEM ( 'NONE', ( #429 ), #1491 ) ;
#2382 = CYLINDRICAL_SURFACE ( 'NONE', #2865, 0.1333333333333337201 ) ;
#2383 = CARTESIAN_POINT ( 'NONE',  ( -0.9000000000000000222, 0.2199999999999999178, -0.3499999999999999778 ) ) ;
#2384 = ORIENTED_EDGE ( 'NONE', *, *, #3240, .F. ) ;
#2385 = EDGE_CURVE ( 'NONE', #2605, #2522, #638, .T. ) ;
#2386 = VERTEX_POINT ( 'NONE', #2175 ) ;
#2387 = VERTEX_POINT ( 'NONE', #404 ) ;
#2388 = CARTESIAN_POINT ( 'NONE',  ( 1.000000000000000000, 0.2199999999999999178, -1.049999999999999378 ) ) ;
#2389 = EDGE_CURVE ( 'NONE', #3523, #1360, #2735, .T. ) ;
#2390 = EDGE_CURVE ( 'NONE', #2941, #3462, #1284, .T. ) ;
#2391 = PRESENTATION_LAYER_ASSIGNMENT (  '', '', ( #817 ) ) ;
#2392 = DIRECTION ( 'NONE',  ( 0.000000000000000000, 0.000000000000000000, 1.000000000000000000 ) ) ;
#2393 = ORIENTED_EDGE ( 'NONE', *, *, #618, .T. ) ;
#2394 = EDGE_LOOP ( 'NONE', ( #2379, #1801, #1938, #1932 ) ) ;
#2395 = PLANE ( 'NONE',  #1345 ) ;
#2396 = AXIS2_PLACEMENT_3D ( 'NONE', #720, #2471, #1297 ) ;
#2397 = DIRECTION ( 'NONE',  ( 0.000000000000000000, 0.000000000000000000, 1.000000000000000000 ) ) ;
#2398 = CARTESIAN_POINT ( 'NONE',  ( -1.000000000000000000, 0.2199999999999999178, 1.049999999999999378 ) ) ;
#2399 = DIRECTION ( 'NONE',  ( -1.000000000000000000, 0.000000000000000000, 0.000000000000000000 ) ) ;
#2400 = AXIS2_PLACEMENT_3D ( 'NONE', #3185, #1339, #2541 ) ;
#2401 = VERTEX_POINT ( 'NONE', #3033 ) ;
#2402 = EDGE_CURVE ( 'NONE', #2362, #924, #1534, .T. ) ;
#2403 = ORIENTED_EDGE ( 'NONE', *, *, #1117, .F. ) ;
#2404 = DIRECTION ( 'NONE',  ( 0.000000000000000000, 1.000000000000000000, 0.000000000000000000 ) ) ;
#2405 = VERTEX_POINT ( 'NONE', #349 ) ;
#2406 = FACE_OUTER_BOUND ( 'NONE', #2772, .T. ) ;
#2407 = DIRECTION ( 'NONE',  ( -0.000000000000000000, 1.000000000000000000, -0.000000000000000000 ) ) ;
#2408 = EDGE_CURVE ( 'NONE', #3866, #2637, #1594, .T. ) ;
#2409 = EDGE_CURVE ( 'NONE', #3302, #2235, #3698, .T. ) ;
#2410 = ORIENTED_EDGE ( 'NONE', *, *, #3500, .F. ) ;
#2411 = VERTEX_POINT ( 'NONE', #73 ) ;
#2412 = PLANE ( 'NONE',  #598 ) ;
#2413 = VECTOR ( 'NONE', #2999, 1000.000000000000000 ) ;
#2414 = CARTESIAN_POINT ( 'NONE',  ( -0.6666666666666666297, 0.4949999999999999956, -0.9166666666666659635 ) ) ;
#2415 = EDGE_CURVE ( 'NONE', #2232, #1947, #2164, .T. ) ;
#2416 = VECTOR ( 'NONE', #2431, 1000.000000000000000 ) ;
#2417 = CARTESIAN_POINT ( 'NONE',  ( 1.000000000000000000, 0.000000000000000000, -1.049999999999999378 ) ) ;
#2418 = AXIS2_PLACEMENT_3D ( 'NONE', #1999, #1431, #3226 ) ;
#2419 = DIRECTION ( 'NONE',  ( 1.000000000000000000, 0.000000000000000000, -0.000000000000000000 ) ) ;
#2420 = CARTESIAN_POINT ( 'NONE',  ( 0.6666666666666667407, 0.4949999999999999956, 1.089166666666667060 ) ) ;
#2421 = CIRCLE ( 'NONE', #45, 0.02749999999999996197 ) ;
#2422 = EDGE_LOOP ( 'NONE', ( #3636, #1867, #2270, #442 ) ) ;
#2423 = CARTESIAN_POINT ( 'NONE',  ( 0.2500000000000000000, 0.2199999999999999178, -1.149999999999999689 ) ) ;
#2424 = AXIS2_PLACEMENT_3D ( 'NONE', #3783, #3203, #3225 ) ;
#2425 = CIRCLE ( 'NONE', #3827, 0.1333333333333336090 ) ;
#2426 = ORIENTED_EDGE ( 'NONE', *, *, #2769, .F. ) ;
#2427 = MECHANICAL_DESIGN_GEOMETRIC_PRESENTATION_REPRESENTATION (  '', ( #243 ), #2243 ) ;
#2428 = CARTESIAN_POINT ( 'NONE',  ( -0.2500000000000000000, 0.2199999999999999178, -0.3499999999999999778 ) ) ;
#2429 = LINE ( 'NONE', #1539, #3804 ) ;
#2430 = ORIENTED_EDGE ( 'NONE', *, *, #3628, .F. ) ;
#2431 = DIRECTION ( 'NONE',  ( -0.000000000000000000, -0.000000000000000000, 1.000000000000000000 ) ) ;
#2432 = ORIENTED_EDGE ( 'NONE', *, *, #1236, .F. ) ;
#2433 = EDGE_CURVE ( 'NONE', #1710, #81, #2761, .T. ) ;
#2434 = LINE ( 'NONE', #1864, #2917 ) ;
#2435 = CARTESIAN_POINT ( 'NONE',  ( 0.8000000000000003775, 3.190075756488817582, 0.9166666666666669627 ) ) ;
#2436 = AXIS2_PLACEMENT_3D ( 'NONE', #2197, #2782, #98 ) ;
#2437 = DIRECTION ( 'NONE',  ( 0.000000000000000000, 0.000000000000000000, 1.000000000000000000 ) ) ;
#2438 = EDGE_CURVE ( 'NONE', #3433, #134, #705, .T. ) ;
#2439 = EDGE_CURVE ( 'NONE', #2812, #2697, #2208, .T. ) ;
#2440 = DIRECTION ( 'NONE',  ( -1.000000000000000000, -0.000000000000000000, -0.000000000000000000 ) ) ;
#2441 = ORIENTED_EDGE ( 'NONE', *, *, #1550, .T. ) ;
#2442 = DIRECTION ( 'NONE',  ( 0.000000000000000000, 0.000000000000000000, -1.000000000000000000 ) ) ;
#2443 = CARTESIAN_POINT ( 'NONE',  ( -0.6666666666666666297, 0.5500000000000000444, -0.9166666666666659635 ) ) ;
#2444 = ORIENTED_EDGE ( 'NONE', *, *, #396, .T. ) ;
#2445 = EDGE_LOOP ( 'NONE', ( #2262, #1248, #38, #2132 ) ) ;
#2446 = CARTESIAN_POINT ( 'NONE',  ( -0.6999999999999996225, 1.391537451385998825, -1.249999999999999556 ) ) ;
#2447 = DIRECTION ( 'NONE',  ( 1.084202172485504434E-15, 0.000000000000000000, 1.000000000000000000 ) ) ;
#2448 = VERTEX_POINT ( 'NONE', #951 ) ;
#2449 = FACE_OUTER_BOUND ( 'NONE', #1064, .T. ) ;
#2450 = DIRECTION ( 'NONE',  ( -1.000000000000000000, 0.000000000000000000, 1.182766006347822862E-16 ) ) ;
#2451 = FACE_OUTER_BOUND ( 'NONE', #3647, .T. ) ;
#2452 = DIRECTION ( 'NONE',  ( -0.000000000000000000, -1.000000000000000000, -0.000000000000000000 ) ) ;
#2453 = DIRECTION ( 'NONE',  ( 0.000000000000000000, 0.000000000000000000, 1.000000000000000000 ) ) ;
#2454 = ADVANCED_FACE ( 'NONE', ( #3409 ), #1524, .T. ) ;
#2455 = CARTESIAN_POINT ( 'NONE',  ( 1.000000000000000000, 0.2199999999999999178, -1.249999999999999556 ) ) ;
#2456 = DIRECTION ( 'NONE',  ( 0.000000000000000000, 0.000000000000000000, 1.000000000000000000 ) ) ;
#2457 = ADVANCED_FACE ( 'NONE', ( #2540 ), #3741, .F. ) ;
#2458 = EDGE_CURVE ( 'NONE', #3254, #2779, #1933, .T. ) ;
#2459 = FACE_OUTER_BOUND ( 'NONE', #3703, .T. ) ;
#2460 = ORIENTED_EDGE ( 'NONE', *, *, #2891, .T. ) ;
#2461 = AXIS2_PLACEMENT_3D ( 'NONE', #2691, #467, #2623 ) ;
#2462 = CARTESIAN_POINT ( 'NONE',  ( -0.8000000000000001554, 0.4949999999999999956, -0.9166666666666657415 ) ) ;
#2463 = DIRECTION ( 'NONE',  ( 0.000000000000000000, -1.000000000000000000, 0.000000000000000000 ) ) ;
#2464 = ORIENTED_EDGE ( 'NONE', *, *, #2295, .F. ) ;
#2465 = ORIENTED_EDGE ( 'NONE', *, *, #1187, .F. ) ;
#2466 = FACE_OUTER_BOUND ( 'NONE', #2359, .T. ) ;
#2467 = FACE_OUTER_BOUND ( 'NONE', #2354, .T. ) ;
#2468 = CARTESIAN_POINT ( 'NONE',  ( 0.6666666666666666297, 0.4675000000000000266, -1.116666666666666474 ) ) ;
#2469 = VECTOR ( 'NONE', #2781, 1000.000000000000000 ) ;
#2470 = LINE ( 'NONE', #2161, #3813 ) ;
#2471 = DIRECTION ( 'NONE',  ( 0.000000000000000000, 1.000000000000000000, 0.000000000000000000 ) ) ;
#2472 = VECTOR ( 'NONE', #386, 1000.000000000000000 ) ;
#2473 = ORIENTED_EDGE ( 'NONE', *, *, #1145, .F. ) ;
#2474 = EDGE_CURVE ( 'NONE', #2214, #564, #1976, .T. ) ;
#2475 = CIRCLE ( 'NONE', #2796, 0.02749999999999996197 ) ;
#2476 = VECTOR ( 'NONE', #2310, 1000.000000000000000 ) ;
#2477 = ORIENTED_EDGE ( 'NONE', *, *, #1751, .F. ) ;
#2478 = CARTESIAN_POINT ( 'NONE',  ( 0.8391666666666666163, 0.4949999999999999956, -0.9166666666666662966 ) ) ;
#2479 = ADVANCED_FACE ( 'NONE', ( #3184 ), #2585, .T. ) ;
#2480 = EDGE_CURVE ( 'NONE', #3124, #1875, #3209, .T. ) ;
#2481 = DIRECTION ( 'NONE',  ( 0.000000000000000000, -1.000000000000000000, 0.000000000000000000 ) ) ;
#2482 = VECTOR ( 'NONE', #2889, 1000.000000000000000 ) ;
#2483 = VECTOR ( 'NONE', #1255, 1000.000000000000000 ) ;
#2484 = DIRECTION ( 'NONE',  ( 0.000000000000000000, 0.000000000000000000, 1.000000000000000000 ) ) ;
#2485 = ORIENTED_EDGE ( 'NONE', *, *, #869, .F. ) ;
#2486 = DIRECTION ( 'NONE',  ( 1.000000000000000000, 0.000000000000000000, 0.000000000000000000 ) ) ;
#2487 = CIRCLE ( 'NONE', #2369, 0.3000000000000003775 ) ;
#2488 = VERTEX_POINT ( 'NONE', #1051 ) ;
#2489 = DIRECTION ( 'NONE',  ( 0.000000000000000000, 0.000000000000000000, 1.000000000000000000 ) ) ;
#2490 = FACE_OUTER_BOUND ( 'NONE', #2967, .T. ) ;
#2491 = ORIENTED_EDGE ( 'NONE', *, *, #3128, .T. ) ;
#2492 = VERTEX_POINT ( 'NONE', #188 ) ;
#2493 = DIRECTION ( 'NONE',  ( -0.000000000000000000, -1.000000000000000000, -0.000000000000000000 ) ) ;
#2494 = AXIS2_PLACEMENT_3D ( 'NONE', #3393, #3629, #376 ) ;
#2495 = ORIENTED_EDGE ( 'NONE', *, *, #3739, .F. ) ;
#2496 = AXIS2_PLACEMENT_3D ( 'NONE', #624, #3018, #3643 ) ;
#2497 = EDGE_CURVE ( 'NONE', #3575, #2448, #1391, .T. ) ;
#2498 = CARTESIAN_POINT ( 'NONE',  ( 1.000000000000000000, 0.000000000000000000, -1.249999999999999556 ) ) ;
#2499 = FACE_OUTER_BOUND ( 'NONE', #3862, .T. ) ;
#2500 = DIRECTION ( 'NONE',  ( 0.000000000000000000, 0.000000000000000000, 1.000000000000000000 ) ) ;
#2501 = CARTESIAN_POINT ( 'NONE',  ( 0.6666666666666667407, 0.4674999999999999711, 1.089166666666667060 ) ) ;
#2502 = EDGE_CURVE ( 'NONE', #2103, #1703, #3133, .T. ) ;
#2503 = LINE ( 'NONE', #3118, #18 ) ;
#2504 = ORIENTED_EDGE ( 'NONE', *, *, #3668, .T. ) ;
#2505 = CARTESIAN_POINT ( 'NONE',  ( 1.000000000000000000, 0.4399999999999999467, 1.249999999999999556 ) ) ;
#2506 = DIRECTION ( 'NONE',  ( 1.000000000000000000, 0.000000000000000000, 0.000000000000000000 ) ) ;
#2507 = PRESENTATION_STYLE_ASSIGNMENT (( #2787 ) ) ;
#2508 = DIRECTION ( 'NONE',  ( 0.000000000000000000, -1.000000000000000000, 0.000000000000000000 ) ) ;
#2509 = ORIENTED_EDGE ( 'NONE', *, *, #2082, .T. ) ;
#2510 = DIRECTION ( 'NONE',  ( -0.000000000000000000, -0.000000000000000000, -1.000000000000000000 ) ) ;
#2511 = ORIENTED_EDGE ( 'NONE', *, *, #2704, .T. ) ;
#2512 = CARTESIAN_POINT ( 'NONE',  ( -0.7171572875253804380, 0.000000000000000000, 1.149999999999999911 ) ) ;
#2513 = ORIENTED_EDGE ( 'NONE', *, *, #3079, .T. ) ;
#2514 = CIRCLE ( 'NONE', #2584, 0.3000000000000003775 ) ;
#2515 = ORIENTED_EDGE ( 'NONE', *, *, #1788, .F. ) ;
#2516 = ORIENTED_EDGE ( 'NONE', *, *, #285, .F. ) ;
#2517 = CIRCLE ( 'NONE', #1516, 0.3000000000000003775 ) ;
#2518 = CARTESIAN_POINT ( 'NONE',  ( -1.000000000000000000, 0.4400000000000000022, -1.049999999999999600 ) ) ;
#2519 = ORIENTED_EDGE ( 'NONE', *, *, #1903, .T. ) ;
#2520 = DIRECTION ( 'NONE',  ( -0.000000000000000000, -1.000000000000000000, -0.000000000000000000 ) ) ;
#2521 = LINE ( 'NONE', #3731, #289 ) ;
#2522 = VERTEX_POINT ( 'NONE', #2294 ) ;
#2523 = CARTESIAN_POINT ( 'NONE',  ( 1.000000000000000000, 0.000000000000000000, -0.9499999999999992895 ) ) ;
#2524 = ORIENTED_EDGE ( 'NONE', *, *, #3419, .T. ) ;
#2525 = CARTESIAN_POINT ( 'NONE',  ( -0.9000000000000000222, 0.000000000000000000, -0.3499999999999999778 ) ) ;
#2526 = ADVANCED_FACE ( 'NONE', ( #3451 ), #1072, .F. ) ;
#2527 = DIRECTION ( 'NONE',  ( 0.000000000000000000, 0.000000000000000000, -1.000000000000000000 ) ) ;
#2528 = VERTEX_POINT ( 'NONE', #796 ) ;
#2529 = LINE ( 'NONE', #3416, #3189 ) ;
#2530 = VECTOR ( 'NONE', #933, 1000.000000000000000 ) ;
#2531 = ORIENTED_EDGE ( 'NONE', *, *, #1853, .T. ) ;
#2532 = CARTESIAN_POINT ( 'NONE',  ( 1.000000000000000000, 0.2199999999999999178, 1.249999999999999556 ) ) ;
#2533 = ORIENTED_EDGE ( 'NONE', *, *, #2896, .T. ) ;
#2534 = VECTOR ( 'NONE', #909, 1000.000000000000000 ) ;
#2535 = VECTOR ( 'NONE', #2552, 1000.000000000000000 ) ;
#2536 = LINE ( 'NONE', #1047, #3312 ) ;
#2537 = DIRECTION ( 'NONE',  ( 1.000000000000000000, 0.000000000000000000, -0.000000000000000000 ) ) ;
#2538 = ORIENTED_EDGE ( 'NONE', *, *, #1567, .F. ) ;
#2539 = LINE ( 'NONE', #1652, #3145 ) ;
#2540 = FACE_OUTER_BOUND ( 'NONE', #1348, .T. ) ;
#2541 = DIRECTION ( 'NONE',  ( 0.000000000000000000, 0.000000000000000000, -1.000000000000000000 ) ) ;
#2542 = ORIENTED_EDGE ( 'NONE', *, *, #1386, .F. ) ;
#2543 = ORIENTED_EDGE ( 'NONE', *, *, #421, .F. ) ;
#2544 = AXIS2_PLACEMENT_3D ( 'NONE', #2595, #1212, #1162 ) ;
#2545 = LINE ( 'NONE', #1371, #1974 ) ;
#2546 = PLANE ( 'NONE',  #1059 ) ;
#2547 = AXIS2_PLACEMENT_3D ( 'NONE', #190, #2233, #2006 ) ;
#2548 = EDGE_CURVE ( 'NONE', #3560, #2401, #750, .T. ) ;
#2549 = EDGE_LOOP ( 'NONE', ( #731, #2567, #2997, #3596 ) ) ;
#2550 = CARTESIAN_POINT ( 'NONE',  ( 0.8391666666666666163, 0.4675000000000000266, -0.9166666666666662966 ) ) ;
#2551 = VECTOR ( 'NONE', #2686, 1000.000000000000000 ) ;
#2552 = DIRECTION ( 'NONE',  ( 0.000000000000000000, -1.000000000000000000, 0.000000000000000000 ) ) ;
#2553 = CARTESIAN_POINT ( 'NONE',  ( 0.9000000000000000222, 0.2199999999999999178, 0.3500000000000000333 ) ) ;
#2554 = EDGE_CURVE ( 'NONE', #2609, #2810, #2313, .T. ) ;
#2555 = ADVANCED_FACE ( 'NONE', ( #214 ), #814, .T. ) ;
#2556 = CARTESIAN_POINT ( 'NONE',  ( 1.000000000000000000, 1.391537451385998825, -1.049999999999999378 ) ) ;
#2557 = ORIENTED_EDGE ( 'NONE', *, *, #1835, .F. ) ;
#2558 = CARTESIAN_POINT ( 'NONE',  ( -0.6999999999999996225, 1.391537451385998825, -1.249999999999999556 ) ) ;
#2559 = ORIENTED_EDGE ( 'NONE', *, *, #2082, .F. ) ;
#2560 = ORIENTED_EDGE ( 'NONE', *, *, #967, .F. ) ;
#2561 = ORIENTED_EDGE ( 'NONE', *, *, #2390, .F. ) ;
#2562 = CARTESIAN_POINT ( 'NONE',  ( -0.9000000000000000222, 1.391537451385998825, 0.3499999999999999778 ) ) ;
#2563 = CARTESIAN_POINT ( 'NONE',  ( 0.7999999999999997113, 1.391537451385998825, -1.250000000000000444 ) ) ;
#2564 = DIRECTION ( 'NONE',  ( 0.000000000000000000, 0.000000000000000000, 1.000000000000000000 ) ) ;
#2565 = ORIENTED_EDGE ( 'NONE', *, *, #3348, .F. ) ;
#2566 = LINE ( 'NONE', #2316, #3048 ) ;
#2567 = ORIENTED_EDGE ( 'NONE', *, *, #2149, .T. ) ;
#2568 = DIRECTION ( 'NONE',  ( 1.000000000000000000, -0.000000000000000000, 0.000000000000000000 ) ) ;
#2569 = FILL_AREA_STYLE_COLOUR ( '', #2575 ) ;
#2570 = DIRECTION ( 'NONE',  ( -1.182766006347823355E-16, 0.000000000000000000, -1.000000000000000000 ) ) ;
#2571 = ORIENTED_EDGE ( 'NONE', *, *, #2250, .F. ) ;
#2572 = LINE ( 'NONE', #1446, #1991 ) ;
#2573 = DIRECTION ( 'NONE',  ( -0.000000000000000000, 1.000000000000000000, 0.000000000000000000 ) ) ;
#2574 = EDGE_CURVE ( 'NONE', #994, #446, #2823, .T. ) ;
#2575 = COLOUR_RGB ( '',1.000000000000000000, 0.8117647058823529438, 0.5019607843137254832 ) ;
#2576 = CARTESIAN_POINT ( 'NONE',  ( 1.000000000000000000, 0.2199999999999999178, -1.049999999999999378 ) ) ;
#2577 = CARTESIAN_POINT ( 'NONE',  ( -0.7499999999999998890, 0.5500000000000000444, 0.9166666666666672958 ) ) ;
#2578 = ORIENTED_EDGE ( 'NONE', *, *, #1477, .F. ) ;
#2579 = EDGE_CURVE ( 'NONE', #2609, #1899, #2521, .T. ) ;
#2580 = ORIENTED_EDGE ( 'NONE', *, *, #1456, .F. ) ;
#2581 = VERTEX_POINT ( 'NONE', #768 ) ;
#2582 = DIRECTION ( 'NONE',  ( 0.000000000000000000, 0.000000000000000000, -1.000000000000000000 ) ) ;
#2583 = EDGE_CURVE ( 'NONE', #772, #1213, #3038, .T. ) ;
#2584 = AXIS2_PLACEMENT_3D ( 'NONE', #247, #1252, #3732 ) ;
#2585 = CYLINDRICAL_SURFACE ( 'NONE', #2360, 0.05000000000000002359 ) ;
#2586 = CARTESIAN_POINT ( 'NONE',  ( 1.000000000000000000, 0.000000000000000000, -1.249999999999999556 ) ) ;
#2587 = ORIENTED_EDGE ( 'NONE', *, *, #2408, .F. ) ;
#2588 = CARTESIAN_POINT ( 'NONE',  ( 0.7171572875253804380, 1.391537451385998825, 1.150000000000000133 ) ) ;
#2589 = ORIENTED_EDGE ( 'NONE', *, *, #3891, .T. ) ;
#2590 = LINE ( 'NONE', #3480, #3357 ) ;
#2591 = AXIS2_PLACEMENT_3D ( 'NONE', #1091, #3772, #3430 ) ;
#2592 = SURFACE_STYLE_FILL_AREA ( #1398 ) ;
#2593 = CARTESIAN_POINT ( 'NONE',  ( -1.000000000000000000, 0.000000000000000000, 1.250000000000000444 ) ) ;
#2594 = ORIENTED_EDGE ( 'NONE', *, *, #1011, .F. ) ;
#2595 = CARTESIAN_POINT ( 'NONE',  ( -0.6666666666666666297, 0.4675000000000000266, -1.144166666666665888 ) ) ;
#2596 = CARTESIAN_POINT ( 'NONE',  ( -0.2500000000000000000, 1.391537451385998825, 0.6500000000000019096 ) ) ;
#2597 = VERTEX_POINT ( 'NONE', #2977 ) ;
#2598 = FACE_OUTER_BOUND ( 'NONE', #7, .T. ) ;
#2599 = ORIENTED_EDGE ( 'NONE', *, *, #286, .T. ) ;
#2600 = CYLINDRICAL_SURFACE ( 'NONE', #3510, 0.05000000000000002359 ) ;
#2601 = LINE ( 'NONE', #3811, #1735 ) ;
#2602 = AXIS2_PLACEMENT_3D ( 'NONE', #639, #1583, #3627 ) ;
#2603 = EDGE_CURVE ( 'NONE', #1891, #3275, #2792, .T. ) ;
#2604 = CIRCLE ( 'NONE', #3737, 0.3000000000000003775 ) ;
#2605 = VERTEX_POINT ( 'NONE', #11 ) ;
#2606 = DIRECTION ( 'NONE',  ( -0.000000000000000000, -1.000000000000000000, -0.000000000000000000 ) ) ;
#2607 = VECTOR ( 'NONE', #425, 1000.000000000000000 ) ;
#2608 = CIRCLE ( 'NONE', #50, 0.2000000000000003164 ) ;
#2609 = VERTEX_POINT ( 'NONE', #2388 ) ;
#2611 = ORIENTED_EDGE ( 'NONE', *, *, #1568, .F. ) ;
#2610 = EDGE_CURVE ( 'NONE', #2248, #3594, #654, .T. ) ;
#2612 = CARTESIAN_POINT ( 'NONE',  ( 1.000000000000000000, 0.000000000000000000, 1.249999999999999556 ) ) ;
#2613 = ADVANCED_FACE ( 'NONE', ( #1138 ), #2923, .T. ) ;
#2614 = ORIENTED_EDGE ( 'NONE', *, *, #3581, .T. ) ;
#2615 = CARTESIAN_POINT ( 'NONE',  ( -0.9000000000000000222, 0.2199999999999999178, 0.3499999999999999778 ) ) ;
#2616 = AXIS2_PLACEMENT_3D ( 'NONE', #3243, #1743, #2628 ) ;
#2617 = VECTOR ( 'NONE', #612, 1000.000000000000000 ) ;
#2618 = DIRECTION ( 'NONE',  ( -0.000000000000000000, -1.000000000000000000, -0.000000000000000000 ) ) ;
#2619 = DIRECTION ( 'NONE',  ( -1.000000000000000000, 0.000000000000000000, -0.000000000000000000 ) ) ;
#2620 = CIRCLE ( 'NONE', #910, 0.3000000000000003775 ) ;
#2621 = CARTESIAN_POINT ( 'NONE',  ( 0.7500000000000003331, 0.5000000000000000000, -0.9166666666666662966 ) ) ;
#2622 = PLANE ( 'NONE',  #2985 ) ;
#2623 = DIRECTION ( 'NONE',  ( 0.000000000000000000, -0.000000000000000000, 1.000000000000000000 ) ) ;
#2624 = VECTOR ( 'NONE', #2770, 1000.000000000000000 ) ;
#2625 = DIRECTION ( 'NONE',  ( 0.000000000000000000, 0.000000000000000000, 1.000000000000000000 ) ) ;
#2626 = CARTESIAN_POINT ( 'NONE',  ( -0.6500000000000001332, 0.5500000000000000444, -0.9499999999999999556 ) ) ;
#2627 = LINE ( 'NONE', #207, #1715 ) ;
#2628 = DIRECTION ( 'NONE',  ( 1.000000000000000000, 0.000000000000000000, 4.641700778034424399E-16 ) ) ;
#2629 = EDGE_LOOP ( 'NONE', ( #3273, #1789, #1956, #2986 ) ) ;
#2630 = CARTESIAN_POINT ( 'NONE',  ( -0.6666666666666665186, 0.5000000000000000000, 0.9166666666666671848 ) ) ;
#2631 = VECTOR ( 'NONE', #2180, 1000.000000000000000 ) ;
#2632 = FACE_OUTER_BOUND ( 'NONE', #2206, .T. ) ;
#2633 = VERTEX_POINT ( 'NONE', #2672 ) ;
#2634 = ORIENTED_EDGE ( 'NONE', *, *, #213, .F. ) ;
#2635 = LINE ( 'NONE', #30, #2854 ) ;
#2636 = EDGE_LOOP ( 'NONE', ( #972, #3548, #997, #423 ) ) ;
#2637 = VERTEX_POINT ( 'NONE', #291 ) ;
#2638 = LINE ( 'NONE', #2615, #3806 ) ;
#2639 = CARTESIAN_POINT ( 'NONE',  ( 0.9000000000000000222, 0.000000000000000000, 0.9671572875253802160 ) ) ;
#2640 = DIRECTION ( 'NONE',  ( 0.000000000000000000, 0.000000000000000000, -1.000000000000000000 ) ) ;
#2641 = EDGE_CURVE ( 'NONE', #298, #564, #2041, .T. ) ;
#2642 = EDGE_CURVE ( 'NONE', #3011, #1146, #2098, .T. ) ;
#2643 = CYLINDRICAL_SURFACE ( 'NONE', #2030, 0.3000000000000003775 ) ;
#2644 = VERTEX_POINT ( 'NONE', #3249 ) ;
#2645 = CARTESIAN_POINT ( 'NONE',  ( 0.7171572875253804380, 0.2199999999999999178, 1.150000000000000133 ) ) ;
#2646 = CARTESIAN_POINT ( 'NONE',  ( -0.2500000000000000000, 0.000000000000000000, 0.6500000000000019096 ) ) ;
#2647 = PLANE ( 'NONE',  #3570 ) ;
#2648 = ORIENTED_EDGE ( 'NONE', *, *, #1093, .T. ) ;
#2649 = LINE ( 'NONE', #3855, #2302 ) ;
#2650 = ORIENTED_EDGE ( 'NONE', *, *, #2017, .T. ) ;
#2651 = ORIENTED_EDGE ( 'NONE', *, *, #872, .T. ) ;
#2652 = CARTESIAN_POINT ( 'NONE',  ( -0.2500000000000000000, 1.391537451385998825, -0.3499999999999999778 ) ) ;
#2653 = ORIENTED_EDGE ( 'NONE', *, *, #3469, .F. ) ;
#2654 = ORIENTED_EDGE ( 'NONE', *, *, #2385, .F. ) ;
#2655 = FACE_OUTER_BOUND ( 'NONE', #3752, .T. ) ;
#2656 = DIRECTION ( 'NONE',  ( -0.000000000000000000, -1.000000000000000000, -0.000000000000000000 ) ) ;
#2657 = DIRECTION ( 'NONE',  ( 0.000000000000000000, 0.000000000000000000, -1.000000000000000000 ) ) ;
#2658 = VERTEX_POINT ( 'NONE', #2694 ) ;
#2659 = ADVANCED_FACE ( 'NONE', ( #2065 ), #565, .T. ) ;
#2660 = EDGE_LOOP ( 'NONE', ( #2828, #3782, #3541, #308 ) ) ;
#2661 = DIRECTION ( 'NONE',  ( 0.000000000000000000, -0.000000000000000000, -1.000000000000000000 ) ) ;
#2662 = VERTEX_POINT ( 'NONE', #1177 ) ;
#2663 = SURFACE_STYLE_USAGE ( .BOTH. , #3039 ) ;
#2664 = FACE_OUTER_BOUND ( 'NONE', #1286, .T. ) ;
#2665 = PLANE ( 'NONE',  #2424 ) ;
#2666 = EDGE_CURVE ( 'NONE', #3575, #2609, #782, .T. ) ;
#2667 = UNCERTAINTY_MEASURE_WITH_UNIT (LENGTH_MEASURE( 1.000000000000000082E-05 ), #1160, 'distance_accuracy_value', 'NONE');
#2668 = ADVANCED_FACE ( 'NONE', ( #3228 ), #3296, .T. ) ;
#2669 = FACE_OUTER_BOUND ( 'NONE', #104, .T. ) ;
#2670 = ORIENTED_EDGE ( 'NONE', *, *, #3599, .T. ) ;
#2671 = ORIENTED_EDGE ( 'NONE', *, *, #2951, .T. ) ;
#2672 = CARTESIAN_POINT ( 'NONE',  ( 1.000000000000000000, 0.4400000000000000022, 1.049999999999999378 ) ) ;
#2673 = CIRCLE ( 'NONE', #1275, 0.3000000000000003775 ) ;
#2674 = PLANE ( 'NONE',  #403 ) ;
#2675 = VECTOR ( 'NONE', #874, 1000.000000000000000 ) ;
#2676 = DIRECTION ( 'NONE',  ( 0.000000000000000000, -1.000000000000000000, 0.000000000000000000 ) ) ;
#2677 = ORIENTED_EDGE ( 'NONE', *, *, #748, .F. ) ;
#2678 = ORIENTED_EDGE ( 'NONE', *, *, #3891, .F. ) ;
#2679 = VECTOR ( 'NONE', #2883, 1000.000000000000000 ) ;
#2680 = CIRCLE ( 'NONE', #2361, 0.04999999999999991257 ) ;
#2681 = ORIENTED_EDGE ( 'NONE', *, *, #650, .T. ) ;
#2682 = CARTESIAN_POINT ( 'NONE',  ( -0.7999999999999999334, 0.000000000000000000, 1.250000000000000444 ) ) ;
#2683 = PRESENTATION_LAYER_ASSIGNMENT (  '', '', ( #712 ) ) ;
#2684 = EDGE_CURVE ( 'NONE', #2011, #1625, #254, .T. ) ;
#2685 = DIRECTION ( 'NONE',  ( 0.000000000000000000, 0.000000000000000000, 1.000000000000000000 ) ) ;
#2686 = DIRECTION ( 'NONE',  ( -1.000000000000000000, 0.000000000000000000, 0.000000000000000000 ) ) ;
#2687 = AXIS2_PLACEMENT_3D ( 'NONE', #1925, #2510, #2221 ) ;
#2688 = VECTOR ( 'NONE', #511, 1000.000000000000000 ) ;
#2689 = EDGE_CURVE ( 'NONE', #3422, #3085, #228, .T. ) ;
#2690 = EDGE_CURVE ( 'NONE', #630, #2779, #1191, .T. ) ;
#2691 = CARTESIAN_POINT ( 'NONE',  ( -1.000000000000000000, 0.4399999999999999467, 1.049999999999999600 ) ) ;
#2692 = VECTOR ( 'NONE', #1216, 1000.000000000000000 ) ;
#2693 = ORIENTED_EDGE ( 'NONE', *, *, #3832, .F. ) ;
#2694 = CARTESIAN_POINT ( 'NONE',  ( -0.7171572875253804380, 0.000000000000000000, 1.149999999999999911 ) ) ;
#2695 = FACE_OUTER_BOUND ( 'NONE', #3796, .T. ) ;
#2696 = FACE_OUTER_BOUND ( 'NONE', #1312, .T. ) ;
#2697 = VERTEX_POINT ( 'NONE', #2080 ) ;
#2698 = DIRECTION ( 'NONE',  ( 0.000000000000000000, -1.000000000000000000, 0.000000000000000000 ) ) ;
#2699 = DIRECTION ( 'NONE',  ( 0.000000000000000000, 1.000000000000000000, 0.000000000000000000 ) ) ;
#2700 = CARTESIAN_POINT ( 'NONE',  ( 0.2500000000000000000, 1.391537451385998825, 0.3499999999999999778 ) ) ;
#2701 = UNCERTAINTY_MEASURE_WITH_UNIT (LENGTH_MEASURE( 1.000000000000000082E-05 ), #2909, 'distance_accuracy_value', 'NONE');
#2702 = VERTEX_POINT ( 'NONE', #582 ) ;
#2703 = ADVANCED_FACE ( 'NONE', ( #602 ), #1784, .F. ) ;
#2704 = EDGE_CURVE ( 'NONE', #1213, #772, #3417, .T. ) ;
#2705 = DIRECTION ( 'NONE',  ( -0.000000000000000000, -1.000000000000000000, -0.000000000000000000 ) ) ;
#2706 = ORIENTED_EDGE ( 'NONE', *, *, #3765, .F. ) ;
#2707 = CARTESIAN_POINT ( 'NONE',  ( 1.000000000000000000, 0.2199999999999999178, 1.249999999999999556 ) ) ;
#2708 = DIRECTION ( 'NONE',  ( 0.000000000000000000, 1.000000000000000000, 0.000000000000000000 ) ) ;
#2709 = DIRECTION ( 'NONE',  ( -1.000000000000000000, 0.000000000000000000, 0.000000000000000000 ) ) ;
#2710 = DIRECTION ( 'NONE',  ( 0.000000000000000000, 0.000000000000000000, -1.000000000000000000 ) ) ;
#2711 = ORIENTED_EDGE ( 'NONE', *, *, #2037, .F. ) ;
#2712 = EDGE_LOOP ( 'NONE', ( #469, #3368, #1031, #3196 ) ) ;
#2713 = CARTESIAN_POINT ( 'NONE',  ( 0.2500000000000000000, 0.2199999999999999178, 1.149999999999999911 ) ) ;
#2714 = PRESENTATION_LAYER_ASSIGNMENT (  '', '', ( #1708 ) ) ;
#2715 = LINE ( 'NONE', #279, #2617 ) ;
#2716 = ORIENTED_EDGE ( 'NONE', *, *, #3764, .T. ) ;
#2717 = PLANE ( 'NONE',  #3856 ) ;
#2718 =( NAMED_UNIT ( * ) PLANE_ANGLE_UNIT ( ) SI_UNIT ( $, .RADIAN. ) );
#2719 = CARTESIAN_POINT ( 'NONE',  ( 0.7999999999999998224, 0.2200000000000003619, -1.249999999999999556 ) ) ;
#2720 = DIRECTION ( 'NONE',  ( 1.000000000000000000, 0.000000000000000000, 0.000000000000000000 ) ) ;
#2721 = CIRCLE ( 'NONE', #1577, 0.05000000000000002359 ) ;
#2722 = SURFACE_STYLE_FILL_AREA ( #925 ) ;
#2723 = ORIENTED_EDGE ( 'NONE', *, *, #3241, .F. ) ;
#2724 = EDGE_CURVE ( 'NONE', #3861, #1153, #2635, .T. ) ;
#2725 = CARTESIAN_POINT ( 'NONE',  ( 0.8941666666666665542, 0.4675000000000000266, 0.9166666666666669627 ) ) ;
#2726 = DIRECTION ( 'NONE',  ( -0.000000000000000000, -1.000000000000000000, -0.000000000000000000 ) ) ;
#2727 = VECTOR ( 'NONE', #161, 1000.000000000000000 ) ;
#2728 = EDGE_LOOP ( 'NONE', ( #2542, #1756, #2222, #831 ) ) ;
#2729 = DIRECTION ( 'NONE',  ( 0.000000000000000000, 0.000000000000000000, -1.000000000000000000 ) ) ;
#2730 = EDGE_CURVE ( 'NONE', #1839, #3607, #1912, .T. ) ;
#2731 = EDGE_CURVE ( 'NONE', #3560, #3885, #3854, .T. ) ;
#2732 = CARTESIAN_POINT ( 'NONE',  ( -0.2500000000000000000, 0.000000000000000000, -1.149999999999999911 ) ) ;
#2733 = CIRCLE ( 'NONE', #902, 0.3000000000000003775 ) ;
#2734 = DIRECTION ( 'NONE',  ( 0.000000000000000000, 1.000000000000000000, 0.000000000000000000 ) ) ;
#2735 = CIRCLE ( 'NONE', #3247, 0.02749999999999996197 ) ;
#2736 = DIRECTION ( 'NONE',  ( -0.000000000000000000, -1.000000000000000000, -0.000000000000000000 ) ) ;
#2737 = LINE ( 'NONE', #3041, #1741 ) ;
#2738 = LINE ( 'NONE', #957, #1608 ) ;
#2739 = CIRCLE ( 'NONE', #3744, 0.02749999999999996197 ) ;
#2740 = CIRCLE ( 'NONE', #3504, 0.1999999999999998723 ) ;
#2741 = ORIENTED_EDGE ( 'NONE', *, *, #3072, .T. ) ;
#2742 = AXIS2_PLACEMENT_3D ( 'NONE', #2612, #1120, #1032 ) ;
#2743 = CIRCLE ( 'NONE', #1223, 0.1724999999999999034 ) ;
#2744 = AXIS2_PLACEMENT_3D ( 'NONE', #3440, #2215, #82 ) ;
#2745 = CARTESIAN_POINT ( 'NONE',  ( -0.7171572875253804380, 0.2199999999999999178, 1.149999999999999911 ) ) ;
#2746 = CARTESIAN_POINT ( 'NONE',  ( -0.9000000000000000222, 1.391537451385998825, 0.3499999999999999778 ) ) ;
#2747 = ORIENTED_EDGE ( 'NONE', *, *, #78, .T. ) ;
#2748 = CARTESIAN_POINT ( 'NONE',  ( 0.2500000000000000000, 1.391537451385998825, 1.149999999999999911 ) ) ;
#2749 = VERTEX_POINT ( 'NONE', #557 ) ;
#2750 = PLANE ( 'NONE',  #3612 ) ;
#2751 = EDGE_CURVE ( 'NONE', #31, #878, #1150, .T. ) ;
#2752 = DIRECTION ( 'NONE',  ( 0.000000000000000000, 0.000000000000000000, -1.000000000000000000 ) ) ;
#2753 = ORIENTED_EDGE ( 'NONE', *, *, #3328, .T. ) ;
#2754 = CARTESIAN_POINT ( 'NONE',  ( 0.7999999999999998224, 0.4399999999999999467, 1.250000000000000444 ) ) ;
#2755 = VECTOR ( 'NONE', #486, 1000.000000000000000 ) ;
#2756 = VERTEX_POINT ( 'NONE', #201 ) ;
#2757 = CARTESIAN_POINT ( 'NONE',  ( 0.7500000000000003331, 0.5000000000000000000, 0.9166666666666669627 ) ) ;
#2758 = DIRECTION ( 'NONE',  ( -1.000000000000000000, 0.000000000000000000, -8.673617379884022850E-15 ) ) ;
#2759 = DIRECTION ( 'NONE',  ( 0.000000000000000000, -1.000000000000000000, 0.000000000000000000 ) ) ;
#2760 = ORIENTED_EDGE ( 'NONE', *, *, #651, .F. ) ;
#2761 = LINE ( 'NONE', #2137, #2984 ) ;
#2762 = ORIENTED_EDGE ( 'NONE', *, *, #660, .F. ) ;
#2763 = CARTESIAN_POINT ( 'NONE',  ( 0.9000000000000000222, 0.000000000000000000, 0.3499999999999999778 ) ) ;
#2764 = DIRECTION ( 'NONE',  ( -1.000000000000000000, 0.000000000000000000, 0.000000000000000000 ) ) ;
#2765 = CARTESIAN_POINT ( 'NONE',  ( 0.7171572875253804380, 1.391537451385998825, -1.149999999999999911 ) ) ;
#2766 = EDGE_CURVE ( 'NONE', #1360, #2941, #2930, .T. ) ;
#2767 = EDGE_LOOP ( 'NONE', ( #2191, #17, #546, #647, #1127, #2102, #1681, #3470 ) ) ;
#2768 = DIRECTION ( 'NONE',  ( -1.000000000000000000, 0.000000000000000000, -0.000000000000000000 ) ) ;
#2769 = EDGE_CURVE ( 'NONE', #504, #2141, #3499, .T. ) ;
#2770 = DIRECTION ( 'NONE',  ( -0.000000000000000000, -0.000000000000000000, 1.000000000000000000 ) ) ;
#2771 = LINE ( 'NONE', #1849, #2861 ) ;
#2772 = EDGE_LOOP ( 'NONE', ( #3656, #3071, #808, #1861 ) ) ;
#2773 = AXIS2_PLACEMENT_3D ( 'NONE', #3613, #2063, #563 ) ;
#2774 = DIRECTION ( 'NONE',  ( 0.000000000000000000, 0.000000000000000000, 1.000000000000000000 ) ) ;
#2775 = FACE_OUTER_BOUND ( 'NONE', #2728, .T. ) ;
#2776 = ORIENTED_EDGE ( 'NONE', *, *, #351, .F. ) ;
#2777 = CARTESIAN_POINT ( 'NONE',  ( -0.9000000000000000222, 0.000000000000000000, -0.9671572875253802160 ) ) ;
#2778 = DIRECTION ( 'NONE',  ( -1.000000000000000000, 0.000000000000000000, 0.000000000000000000 ) ) ;
#2779 = VERTEX_POINT ( 'NONE', #3780 ) ;
#2780 = ORIENTED_EDGE ( 'NONE', *, *, #631, .T. ) ;
#2781 = DIRECTION ( 'NONE',  ( 0.000000000000000000, 0.000000000000000000, 1.000000000000000000 ) ) ;
#2782 = DIRECTION ( 'NONE',  ( -1.000000000000000000, 0.000000000000000000, 0.000000000000000000 ) ) ;
#2783 = CIRCLE ( 'NONE', #1092, 0.3000000000000003775 ) ;
#2784 = ORIENTED_EDGE ( 'NONE', *, *, #744, .T. ) ;
#2785 = FACE_OUTER_BOUND ( 'NONE', #1194, .T. ) ;
#2786 = CIRCLE ( 'NONE', #1167, 0.2000000000000003164 ) ;
#2787 = SURFACE_STYLE_USAGE ( .BOTH. , #2808 ) ;
#2788 = CARTESIAN_POINT ( 'NONE',  ( -1.000000000000000000, 0.4399999999999999467, 1.249999999999999556 ) ) ;
#2789 = EDGE_CURVE ( 'NONE', #3170, #2633, #3168, .T. ) ;
#2790 = VECTOR ( 'NONE', #144, 1000.000000000000000 ) ;
#2791 = FILL_AREA_STYLE ('',( #1018 ) ) ;
#2792 = CIRCLE ( 'NONE', #152, 0.3000000000000003775 ) ;
#2793 = ORIENTED_EDGE ( 'NONE', *, *, #2268, .F. ) ;
#2794 = EDGE_CURVE ( 'NONE', #2637, #733, #604, .T. ) ;
#2795 = ADVANCED_FACE ( 'NONE', ( #3488 ), #2988, .F. ) ;
#2796 = AXIS2_PLACEMENT_3D ( 'NONE', #27, #645, #1964 ) ;
#2797 = LINE ( 'NONE', #109, #3505 ) ;
#2798 = VECTOR ( 'NONE', #363, 1000.000000000000000 ) ;
#2799 = VECTOR ( 'NONE', #464, 1000.000000000000000 ) ;
#2800 = FACE_OUTER_BOUND ( 'NONE', #1665, .T. ) ;
#2801 = VERTEX_POINT ( 'NONE', #2871 ) ;
#2802 = DIRECTION ( 'NONE',  ( 0.000000000000000000, -1.000000000000000000, 0.000000000000000000 ) ) ;
#2803 = VECTOR ( 'NONE', #2110, 1000.000000000000000 ) ;
#2804 = ORIENTED_EDGE ( 'NONE', *, *, #3367, .F. ) ;
#2805 = CARTESIAN_POINT ( 'NONE',  ( 0.9000000000000000222, 1.391537451385998825, -0.3499999999999999778 ) ) ;
#2806 = DIRECTION ( 'NONE',  ( -0.000000000000000000, -1.000000000000000000, -0.000000000000000000 ) ) ;
#2807 = MANIFOLD_SOLID_BREP ( 'Split1[3]', #1006 ) ;
#2808 = SURFACE_SIDE_STYLE ('',( #739 ) ) ;
#2809 = DIRECTION ( 'NONE',  ( 1.000000000000000000, 0.000000000000000000, 0.000000000000000000 ) ) ;
#2810 = VERTEX_POINT ( 'NONE', #2417 ) ;
#2811 = FACE_OUTER_BOUND ( 'NONE', #3845, .T. ) ;
#2812 = VERTEX_POINT ( 'NONE', #2990 ) ;
#2813 = CARTESIAN_POINT ( 'NONE',  ( -1.000000000000000000, 0.000000000000000000, 0.9499999999999992895 ) ) ;
#2814 = EDGE_CURVE ( 'NONE', #2662, #1833, #2739, .T. ) ;
#2815 = MANIFOLD_SOLID_BREP ( 'Split1[2]', #1776 ) ;
#2816 = ORIENTED_EDGE ( 'NONE', *, *, #459, .T. ) ;
#2817 = ORIENTED_EDGE ( 'NONE', *, *, #512, .T. ) ;
#2818 = EDGE_CURVE ( 'NONE', #313, #3653, #1195, .T. ) ;
#2819 = EDGE_CURVE ( 'NONE', #3622, #446, #1287, .T. ) ;
#2820 = DIRECTION ( 'NONE',  ( 1.000000000000000000, -0.000000000000000000, 0.000000000000000000 ) ) ;
#2821 = ORIENTED_EDGE ( 'NONE', *, *, #2368, .T. ) ;
#2822 = DIRECTION ( 'NONE',  ( -1.000000000000000000, 0.000000000000000000, 0.000000000000000000 ) ) ;
#2823 = LINE ( 'NONE', #3771, #1480 ) ;
#2824 = DIRECTION ( 'NONE',  ( 0.000000000000000000, -0.000000000000000000, 1.000000000000000000 ) ) ;
#2825 = ORIENTED_EDGE ( 'NONE', *, *, #1188, .T. ) ;
#2826 = CARTESIAN_POINT ( 'NONE',  ( -0.6500000000000001332, 0.5300000000000000266, -0.9000000000000000222 ) ) ;
#2827 =( NAMED_UNIT ( * ) PLANE_ANGLE_UNIT ( ) SI_UNIT ( $, .RADIAN. ) );
#2828 = ORIENTED_EDGE ( 'NONE', *, *, #6, .T. ) ;
#2829 = DIRECTION ( 'NONE',  ( 0.000000000000000000, -1.000000000000000000, 0.000000000000000000 ) ) ;
#2830 = PLANE ( 'NONE',  #789 ) ;
#2831 = CARTESIAN_POINT ( 'NONE',  ( 0.8000000000000003775, 0.5000000000000000000, 0.9166666666666669627 ) ) ;
#2832 = ORIENTED_EDGE ( 'NONE', *, *, #1243, .F. ) ;
#2833 = MECHANICAL_DESIGN_GEOMETRIC_PRESENTATION_REPRESENTATION (  '', ( #1708 ), #135 ) ;
#2834 = AXIS2_PLACEMENT_3D ( 'NONE', #687, #1601, #3154 ) ;
#2835 = DIRECTION ( 'NONE',  ( -0.000000000000000000, -1.000000000000000000, -0.000000000000000000 ) ) ;
#2836 = CARTESIAN_POINT ( 'NONE',  ( -0.9000000000000000222, 0.000000000000000000, 0.9671572875253802160 ) ) ;
#2837 = ADVANCED_FACE ( 'NONE', ( #2108 ), #898, .T. ) ;
#2838 = FACE_OUTER_BOUND ( 'NONE', #3511, .T. ) ;
#2839 = ORIENTED_EDGE ( 'NONE', *, *, #1349, .T. ) ;
#2840 = CYLINDRICAL_SURFACE ( 'NONE', #2058, 0.3000000000000003775 ) ;
#2841 = ORIENTED_EDGE ( 'NONE', *, *, #3345, .T. ) ;
#2842 = CARTESIAN_POINT ( 'NONE',  ( 0.9000000000000000222, 1.391537451385998825, 0.3499999999999999778 ) ) ;
#2843 = ADVANCED_FACE ( 'NONE', ( #2785 ), #1037, .T. ) ;
#2844 = FACE_OUTER_BOUND ( 'NONE', #3411, .T. ) ;
#2845 = CARTESIAN_POINT ( 'NONE',  ( 1.000000000000000000, 1.391537451385998825, 0.9499999999999992895 ) ) ;
#2846 = DIRECTION ( 'NONE',  ( -0.000000000000000000, -0.000000000000000000, 1.000000000000000000 ) ) ;
#2847 = PLANE ( 'NONE',  #1354 ) ;
#2848 = VERTEX_POINT ( 'NONE', #1566 ) ;
#2849 = CIRCLE ( 'NONE', #3297, 0.02749999999999996197 ) ;
#2850 = VECTOR ( 'NONE', #3091, 1000.000000000000000 ) ;
#2851 = AXIS2_PLACEMENT_3D ( 'NONE', #996, #676, #77 ) ;
#2852 = EDGE_LOOP ( 'NONE', ( #3001, #2064, #1562, #2634 ) ) ;
#2853 = CARTESIAN_POINT ( 'NONE',  ( 0.2500000000000000000, 1.391537451385998825, -0.3499999999999999778 ) ) ;
#2854 = VECTOR ( 'NONE', #3027, 1000.000000000000000 ) ;
#2855 = AXIS2_PLACEMENT_3D ( 'NONE', #1825, #1841, #1285 ) ;
#2856 = CARTESIAN_POINT ( 'NONE',  ( -0.9000000000000000222, 0.2199999999999999178, 0.9671572875253802160 ) ) ;
#2857 = DIRECTION ( 'NONE',  ( 1.000000000000000000, 0.000000000000000000, 4.641700778034424399E-16 ) ) ;
#2858 = DIRECTION ( 'NONE',  ( 1.000000000000000000, 0.000000000000000000, -4.878909776184769953E-16 ) ) ;
#2859 = LINE ( 'NONE', #215, #848 ) ;
#2860 = ORIENTED_EDGE ( 'NONE', *, *, #520, .T. ) ;
#2861 = VECTOR ( 'NONE', #3025, 1000.000000000000000 ) ;
#2862 = DIRECTION ( 'NONE',  ( 0.000000000000000000, 0.000000000000000000, -1.000000000000000000 ) ) ;
#2863 = LINE ( 'NONE', #3507, #184 ) ;
#2864 = CARTESIAN_POINT ( 'NONE',  ( 0.2500000000000000000, 0.000000000000000000, 1.149999999999999911 ) ) ;
#2865 = AXIS2_PLACEMENT_3D ( 'NONE', #1828, #881, #1240 ) ;
#2866 = ORIENTED_EDGE ( 'NONE', *, *, #3693, .T. ) ;
#2867 = DIRECTION ( 'NONE',  ( 0.000000000000000000, -1.000000000000000000, 0.000000000000000000 ) ) ;
#2868 = EDGE_CURVE ( 'NONE', #2401, #2848, #1624, .T. ) ;
#2869 = ADVANCED_FACE ( 'NONE', ( #63 ), #79, .T. ) ;
#2870 = LINE ( 'NONE', #198, #229 ) ;
#2871 = CARTESIAN_POINT ( 'NONE',  ( -0.5499999999999990452, 0.000000000000000000, 0.3499999999999999778 ) ) ;
#2872 = PLANE ( 'NONE',  #3109 ) ;
#2873 = EDGE_LOOP ( 'NONE', ( #373, #1410, #3624, #3699 ) ) ;
#2874 = DIRECTION ( 'NONE',  ( -0.000000000000000000, -1.000000000000000000, -0.000000000000000000 ) ) ;
#2875 = ADVANCED_FACE ( 'NONE', ( #2451 ), #3120, .T. ) ;
#2876 = ORIENTED_EDGE ( 'NONE', *, *, #2458, .T. ) ;
#2877 = DIRECTION ( 'NONE',  ( 0.000000000000000000, 0.000000000000000000, -1.000000000000000000 ) ) ;
#2878 = ORIENTED_EDGE ( 'NONE', *, *, #1257, .T. ) ;
#2879 = LINE ( 'NONE', #2252, #1856 ) ;
#2880 = DIRECTION ( 'NONE',  ( 0.000000000000000000, -1.000000000000000000, 0.000000000000000000 ) ) ;
#2881 = FACE_OUTER_BOUND ( 'NONE', #1629, .T. ) ;
#2882 = PLANE ( 'NONE',  #2461 ) ;
#2883 = DIRECTION ( 'NONE',  ( -0.000000000000000000, -1.000000000000000000, -0.000000000000000000 ) ) ;
#2884 = CARTESIAN_POINT ( 'NONE',  ( 0.6999999999999996225, 0.000000000000000000, 1.250000000000000888 ) ) ;
#2885 = VERTEX_POINT ( 'NONE', #658 ) ;
#2886 = DIRECTION ( 'NONE',  ( 0.000000000000000000, -1.000000000000000000, 0.000000000000000000 ) ) ;
#2887 = CARTESIAN_POINT ( 'NONE',  ( 0.2500000000000000000, 0.000000000000000000, -0.3499999999999999778 ) ) ;
#2888 = ORIENTED_EDGE ( 'NONE', *, *, #1170, .T. ) ;
#2889 = DIRECTION ( 'NONE',  ( -0.000000000000000000, -0.000000000000000000, -1.000000000000000000 ) ) ;
#2890 = CARTESIAN_POINT ( 'NONE',  ( -0.6500000000000001332, 0.5300000000000000266, -0.8499999999999999778 ) ) ;
#2891 = EDGE_CURVE ( 'NONE', #2141, #3494, #371, .T. ) ;
#2892 = ORIENTED_EDGE ( 'NONE', *, *, #1549, .F. ) ;
#2893 = CARTESIAN_POINT ( 'NONE',  ( -0.9000000000000000222, 0.000000000000000000, -0.9671572875253802160 ) ) ;
#2894 = FACE_OUTER_BOUND ( 'NONE', #1993, .T. ) ;
#2895 = DIRECTION ( 'NONE',  ( -1.000000000000000000, 0.000000000000000000, 4.336808689942011425E-15 ) ) ;
#2896 = EDGE_CURVE ( 'NONE', #2141, #2528, #2859, .T. ) ;
#2897 = EDGE_CURVE ( 'NONE', #1245, #1554, #166, .T. ) ;
#2898 = VECTOR ( 'NONE', #1116, 1000.000000000000000 ) ;
#2899 = ORIENTED_EDGE ( 'NONE', *, *, #3224, .F. ) ;
#2900 = CARTESIAN_POINT ( 'NONE',  ( -0.6666666666666665186, 0.4675000000000000266, 1.116666666666667140 ) ) ;
#2901 = CARTESIAN_POINT ( 'NONE',  ( 0.9000000000000000222, 0.2199999999999999178, 0.3499999999999999778 ) ) ;
#2902 = COLOUR_RGB ( '',1.000000000000000000, 0.8117647058823529438, 0.5019607843137254832 ) ;
#2903 = CARTESIAN_POINT ( 'NONE',  ( 0.000000000000000000, 0.2200000000000000011, 0.000000000000000000 ) ) ;
#2904 = DIRECTION ( 'NONE',  ( 1.000000000000000000, 0.000000000000000000, -0.000000000000000000 ) ) ;
#2905 = ORIENTED_EDGE ( 'NONE', *, *, #943, .T. ) ;
#2906 = CARTESIAN_POINT ( 'NONE',  ( 0.6666666666666666297, 3.190075756488817582, -1.050000000000000044 ) ) ;
#2907 = CARTESIAN_POINT ( 'NONE',  ( 0.9000000000000000222, 1.391537451385998825, 0.3499999999999999778 ) ) ;
#2908 = VECTOR ( 'NONE', #1934, 1000.000000000000000 ) ;
#2909 =( LENGTH_UNIT ( ) NAMED_UNIT ( * ) SI_UNIT ( .MILLI., .METRE. ) );
#2910 = FACE_OUTER_BOUND ( 'NONE', #432, .T. ) ;
#2911 = CYLINDRICAL_SURFACE ( 'NONE', #1291, 0.3000000000000003775 ) ;
#2912 = LINE ( 'NONE', #3125, #240 ) ;
#2913 = ORIENTED_EDGE ( 'NONE', *, *, #1540, .T. ) ;
#2914 = CARTESIAN_POINT ( 'NONE',  ( 0.000000000000000000, 0.2200000000000000011, 0.000000000000000000 ) ) ;
#2915 = ORIENTED_EDGE ( 'NONE', *, *, #1497, .F. ) ;
#2916 = CARTESIAN_POINT ( 'NONE',  ( 1.000000000000000000, 0.2199999999999999178, 0.9499999999999992895 ) ) ;
#2917 = VECTOR ( 'NONE', #3016, 1000.000000000000000 ) ;
#2918 = AXIS2_PLACEMENT_3D ( 'NONE', #1658, #1397, #440 ) ;
#2919 = VERTEX_POINT ( 'NONE', #3794 ) ;
#2920 = EDGE_CURVE ( 'NONE', #3823, #753, #1347, .T. ) ;
#2921 = EDGE_CURVE ( 'NONE', #2401, #1862, #3625, .T. ) ;
#2922 = DIRECTION ( 'NONE',  ( 0.000000000000000000, 0.000000000000000000, 1.000000000000000000 ) ) ;
#2923 = TOROIDAL_SURFACE ( 'NONE', #539, 0.08333333333333367565, 0.04999999999999999584 ) ;
#2924 = CIRCLE ( 'NONE', #1292, 0.02749999999999996197 ) ;
#2925 = CARTESIAN_POINT ( 'NONE',  ( -0.6500000000000001332, 0.5500000000000000444, -0.9000000000000000222 ) ) ;
#2926 = ORIENTED_EDGE ( 'NONE', *, *, #2367, .T. ) ;
#2927 = DIRECTION ( 'NONE',  ( -1.182766006347823355E-16, -0.000000000000000000, -1.000000000000000000 ) ) ;
#2928 = VERTEX_POINT ( 'NONE', #3211 ) ;
#2929 = CYLINDRICAL_SURFACE ( 'NONE', #1028, 0.2000000000000003164 ) ;
#2930 = CIRCLE ( 'NONE', #2166, 0.2000000000000000944 ) ;
#2931 = CARTESIAN_POINT ( 'NONE',  ( 0.8000000000000003775, 3.190075756488817582, -0.9166666666666662966 ) ) ;
#2932 = CARTESIAN_POINT ( 'NONE',  ( -1.000000000000000000, 1.391537451385998825, 1.049999999999999378 ) ) ;
#2933 = DIRECTION ( 'NONE',  ( -1.000000000000000000, 0.000000000000000000, 0.000000000000000000 ) ) ;
#2934 = VECTOR ( 'NONE', #490, 1000.000000000000000 ) ;
#2935 = EDGE_LOOP ( 'NONE', ( #1978, #792, #746, #1320 ) ) ;
#2936 = FACE_OUTER_BOUND ( 'NONE', #1599, .T. ) ;
#2937 = DIRECTION ( 'NONE',  ( -1.182766006347823355E-16, 0.000000000000000000, -1.000000000000000000 ) ) ;
#2938 = AXIS2_PLACEMENT_3D ( 'NONE', #999, #2200, #1271 ) ;
#2939 = DIRECTION ( 'NONE',  ( 0.000000000000000000, -0.000000000000000000, 1.000000000000000000 ) ) ;
#2940 = DIRECTION ( 'NONE',  ( 0.000000000000000000, 1.000000000000000000, 0.000000000000000000 ) ) ;
#2941 = VERTEX_POINT ( 'NONE', #437 ) ;
#2942 = ORIENTED_EDGE ( 'NONE', *, *, #3104, .T. ) ;
#2943 = CARTESIAN_POINT ( 'NONE',  ( 0.9000000000000000222, 0.000000000000000000, -0.3499999999999999778 ) ) ;
#2944 = ORIENTED_EDGE ( 'NONE', *, *, #3445, .F. ) ;
#2945 = CARTESIAN_POINT ( 'NONE',  ( 0.6666666666666666297, 0.5000000000000000000, -0.9166666666666662966 ) ) ;
#2946 = ADVANCED_FACE ( 'NONE', ( #1635 ), #771, .F. ) ;
#2947 = AXIS2_PLACEMENT_3D ( 'NONE', #2414, #409, #1565 ) ;
#2948 = CARTESIAN_POINT ( 'NONE',  ( -1.000000000000000000, 0.000000000000000000, -1.249999999999999556 ) ) ;
#2949 = DIRECTION ( 'NONE',  ( 0.000000000000000000, 1.000000000000000000, 0.000000000000000000 ) ) ;
#2950 = FACE_OUTER_BOUND ( 'NONE', #1897, .T. ) ;
#2951 = EDGE_CURVE ( 'NONE', #1636, #1961, #2370, .T. ) ;
#2952 = ADVANCED_FACE ( 'NONE', ( #521 ), #1800, .T. ) ;
#2953 = EDGE_LOOP ( 'NONE', ( #2784, #120, #2832, #3457 ) ) ;
#2954 = DIRECTION ( 'NONE',  ( 1.000000000000000000, 0.000000000000000000, 0.000000000000000000 ) ) ;
#2955 = VERTEX_POINT ( 'NONE', #287 ) ;
#2956 = FACE_OUTER_BOUND ( 'NONE', #3229, .T. ) ;
#2957 = DIRECTION ( 'NONE',  ( -0.000000000000000000, -1.000000000000000000, -0.000000000000000000 ) ) ;
#2958 = ORIENTED_EDGE ( 'NONE', *, *, #3604, .F. ) ;
#2959 = DIRECTION ( 'NONE',  ( 0.000000000000000000, -1.000000000000000000, 0.000000000000000000 ) ) ;
#2960 = EDGE_LOOP ( 'NONE', ( #2538, #866, #1003, #473 ) ) ;
#2961 = CARTESIAN_POINT ( 'NONE',  ( 1.000000000000000000, 1.391537451385998825, -1.249999999999999556 ) ) ;
#2962 = FACE_OUTER_BOUND ( 'NONE', #1388, .T. ) ;
#2963 = ADVANCED_FACE ( 'NONE', ( #2995 ), #5, .F. ) ;
#2964 = FACE_OUTER_BOUND ( 'NONE', #2852, .T. ) ;
#2965 = ORIENTED_EDGE ( 'NONE', *, *, #2190, .T. ) ;
#2966 = FACE_OUTER_BOUND ( 'NONE', #2960, .T. ) ;
#2967 = EDGE_LOOP ( 'NONE', ( #2491, #2029, #1746, #1225 ) ) ;
#2968 = VECTOR ( 'NONE', #1353, 1000.000000000000000 ) ;
#2969 = ORIENTED_EDGE ( 'NONE', *, *, #748, .T. ) ;
#2970 = EDGE_CURVE ( 'NONE', #2779, #2091, #1467, .T. ) ;
#2971 = LINE ( 'NONE', #2646, #1428 ) ;
#2972 = EDGE_CURVE ( 'NONE', #1971, #559, #2649, .T. ) ;
#2973 = CARTESIAN_POINT ( 'NONE',  ( -0.9000000000000000222, 0.2199999999999999178, -0.3499999999999999778 ) ) ;
#2974 = FACE_OUTER_BOUND ( 'NONE', #2187, .T. ) ;
#2975 = ORIENTED_EDGE ( 'NONE', *, *, #2921, .T. ) ;
#2976 = VERTEX_POINT ( 'NONE', #3262 ) ;
#2977 = CARTESIAN_POINT ( 'NONE',  ( 0.6999999999999996225, 0.2199999999999999178, 1.250000000000000888 ) ) ;
#2978 = CIRCLE ( 'NONE', #2290, 0.2000000000000003164 ) ;
#2979 = CARTESIAN_POINT ( 'NONE',  ( 0.6666666666666667407, 0.5500000000000000444, 1.000000000000000666 ) ) ;
#2980 = SURFACE_STYLE_USAGE ( .BOTH. , #3583 ) ;
#2981 = AXIS2_PLACEMENT_3D ( 'NONE', #20, #2452, #76 ) ;
#2982 = EDGE_LOOP ( 'NONE', ( #3651, #497, #2460, #3344 ) ) ;
#2983 = ORIENTED_EDGE ( 'NONE', *, *, #264, .F. ) ;
#2984 = VECTOR ( 'NONE', #329, 1000.000000000000000 ) ;
#2985 = AXIS2_PLACEMENT_3D ( 'NONE', #3441, #759, #1963 ) ;
#2986 = ORIENTED_EDGE ( 'NONE', *, *, #350, .F. ) ;
#2987 = DIRECTION ( 'NONE',  ( 0.000000000000000000, 0.000000000000000000, 1.000000000000000000 ) ) ;
#2988 = TOROIDAL_SURFACE ( 'NONE', #2114, 0.2275000000000000355, 0.02749999999999999667 ) ;
#2989 = VERTEX_POINT ( 'NONE', #560 ) ;
#2990 = CARTESIAN_POINT ( 'NONE',  ( -0.6999999999999996225, 0.2199999999999999178, 1.249999999999999556 ) ) ;
#2991 = ADVANCED_FACE ( 'NONE', ( #2669 ), #983, .F. ) ;
#2992 = CARTESIAN_POINT ( 'NONE',  ( 0.9000000000000000222, 0.2200000000000003619, 0.9671572875253802160 ) ) ;
#2993 = AXIS2_PLACEMENT_3D ( 'NONE', #1409, #2481, #3491 ) ;
#2994 = CIRCLE ( 'NONE', #49, 0.2000000000000003164 ) ;
#2995 = FACE_OUTER_BOUND ( 'NONE', #489, .T. ) ;
#2996 = ORIENTED_EDGE ( 'NONE', *, *, #3669, .T. ) ;
#2997 = ORIENTED_EDGE ( 'NONE', *, *, #2389, .F. ) ;
#2998 = DIRECTION ( 'NONE',  ( -1.000000000000000000, 0.000000000000000000, 0.000000000000000000 ) ) ;
#2999 = DIRECTION ( 'NONE',  ( -1.000000000000000000, 0.000000000000000000, 8.673617379884003918E-15 ) ) ;
#3000 = DIRECTION ( 'NONE',  ( 0.000000000000000000, 0.000000000000000000, 1.000000000000000000 ) ) ;
#3001 = ORIENTED_EDGE ( 'NONE', *, *, #2089, .F. ) ;
#3002 = ORIENTED_EDGE ( 'NONE', *, *, #2342, .T. ) ;
#3003 = CYLINDRICAL_SURFACE ( 'NONE', #224, 0.3000000000000003775 ) ;
#3004 = DIRECTION ( 'NONE',  ( 0.000000000000000000, 0.000000000000000000, 1.000000000000000000 ) ) ;
#3005 = EDGE_LOOP ( 'NONE', ( #724, #1578 ) ) ;
#3006 = LINE ( 'NONE', #1512, #3751 ) ;
#3007 = EDGE_CURVE ( 'NONE', #2756, #419, #2475, .T. ) ;
#3008 = ORIENTED_EDGE ( 'NONE', *, *, #350, .T. ) ;
#3009 = ADVANCED_FACE ( 'NONE', ( #494 ), #1670, .T. ) ;
#3010 = MECHANICAL_DESIGN_GEOMETRIC_PRESENTATION_REPRESENTATION (  '', ( #817 ), #3532 ) ;
#3011 = VERTEX_POINT ( 'NONE', #180 ) ;
#3012 = EDGE_LOOP ( 'NONE', ( #2343, #3825, #2762, #1582 ) ) ;
#3013 = LINE ( 'NONE', #2446, #2534 ) ;
#3014 = PLANE ( 'NONE',  #962 ) ;
#3015 = EDGE_LOOP ( 'NONE', ( #3378, #1690, #1238, #3068 ) ) ;
#3016 = DIRECTION ( 'NONE',  ( -1.000000000000000000, 0.000000000000000000, 0.000000000000000000 ) ) ;
#3017 = AXIS2_PLACEMENT_3D ( 'NONE', #832, #2039, #1514 ) ;
#3018 = DIRECTION ( 'NONE',  ( 0.000000000000000000, 0.000000000000000000, 1.000000000000000000 ) ) ;
#3019 = ORIENTED_EDGE ( 'NONE', *, *, #2548, .T. ) ;
#3020 = DIRECTION ( 'NONE',  ( 0.000000000000000000, 0.000000000000000000, -1.000000000000000000 ) ) ;
#3021 = VERTEX_POINT ( 'NONE', #3760 ) ;
#3022 = CARTESIAN_POINT ( 'NONE',  ( 0.8391666666666666163, 0.4674999999999999711, 0.000000000000000000 ) ) ;
#3023 = SURFACE_SIDE_STYLE ('',( #2722 ) ) ;
#3024 = PRODUCT_DEFINITION ( 'UNKNOWN', '', #1921, #358 ) ;
#3025 = DIRECTION ( 'NONE',  ( 1.000000000000000000, -0.000000000000000000, 0.000000000000000000 ) ) ;
#3026 = ORIENTED_EDGE ( 'NONE', *, *, #1462, .T. ) ;
#3027 = DIRECTION ( 'NONE',  ( 0.000000000000000000, -1.000000000000000000, 0.000000000000000000 ) ) ;
#3028 = ADVANCED_FACE ( 'NONE', ( #695 ), #2830, .T. ) ;
#3029 = CARTESIAN_POINT ( 'NONE',  ( 0.6666666666666667407, 0.4949999999999999956, 0.9166666666666669627 ) ) ;
#3030 = FACE_OUTER_BOUND ( 'NONE', #3015, .T. ) ;
#3031 = AXIS2_PLACEMENT_3D ( 'NONE', #1471, #2618, #3829 ) ;
#3032 = ORIENTED_EDGE ( 'NONE', *, *, #873, .F. ) ;
#3033 = CARTESIAN_POINT ( 'NONE',  ( 0.7171572875253804380, 0.2199999999999999178, -1.149999999999999911 ) ) ;
#3034 = ORIENTED_EDGE ( 'NONE', *, *, #1087, .F. ) ;
#3035 = CARTESIAN_POINT ( 'NONE',  ( 0.2500000000000000000, 1.391537451385998825, -1.149999999999999911 ) ) ;
#3036 = AXIS2_PLACEMENT_3D ( 'NONE', #3029, #2708, #968 ) ;
#3037 = CARTESIAN_POINT ( 'NONE',  ( -1.000000000000000000, 0.2199999999999999178, -1.049999999999999378 ) ) ;
#3038 = CIRCLE ( 'NONE', #600, 0.05000000000000002359 ) ;
#3039 = SURFACE_SIDE_STYLE ('',( #3323 ) ) ;
#3040 = AXIS2_PLACEMENT_3D ( 'NONE', #1475, #863, #1447 ) ;
#3041 = CARTESIAN_POINT ( 'NONE',  ( 0.9000000000000000222, 0.2199999999999999178, -0.9671572875253802160 ) ) ;
#3042 = UNCERTAINTY_MEASURE_WITH_UNIT (LENGTH_MEASURE( 1.000000000000000082E-05 ), #268, 'distance_accuracy_value', 'NONE');
#3043 = CARTESIAN_POINT ( 'NONE',  ( -0.6666666666666666297, 0.5000000000000000000, -0.9166666666666659635 ) ) ;
#3044 = VECTOR ( 'NONE', #2023, 1000.000000000000000 ) ;
#3045 = CIRCLE ( 'NONE', #1352, 0.02749999999999996197 ) ;
#3046 = CYLINDRICAL_SURFACE ( 'NONE', #412, 0.3000000000000003775 ) ;
#3047 = ORIENTED_EDGE ( 'NONE', *, *, #3289, .T. ) ;
#3048 = VECTOR ( 'NONE', #1395, 1000.000000000000000 ) ;
#3049 = DIRECTION ( 'NONE',  ( 0.000000000000000000, 0.000000000000000000, 1.000000000000000000 ) ) ;
#3050 = CARTESIAN_POINT ( 'NONE',  ( 1.000000000000000000, 0.000000000000000000, -0.9499999999999992895 ) ) ;
#3051 = FACE_OUTER_BOUND ( 'NONE', #2767, .T. ) ;
#3052 = EDGE_CURVE ( 'NONE', #2091, #1587, #3169, .T. ) ;
#3053 = ADVANCED_FACE ( 'NONE', ( #2811 ), #202, .F. ) ;
#3054 = ORIENTED_EDGE ( 'NONE', *, *, #2439, .F. ) ;
#3055 = ORIENTED_EDGE ( 'NONE', *, *, #3200, .T. ) ;
#3056 = ORIENTED_EDGE ( 'NONE', *, *, #2146, .F. ) ;
#3057 = LINE ( 'NONE', #954, #1902 ) ;
#3058 = LINE ( 'NONE', #976, #806 ) ;
#3059 = ADVANCED_FACE ( 'NONE', ( #2598 ), #2872, .F. ) ;
#3060 = EDGE_CURVE ( 'NONE', #1961, #2702, #1381, .T. ) ;
#3061 = DIRECTION ( 'NONE',  ( -0.000000000000000000, -1.000000000000000000, -0.000000000000000000 ) ) ;
#3062 =( NAMED_UNIT ( * ) PLANE_ANGLE_UNIT ( ) SI_UNIT ( $, .RADIAN. ) );
#3063 = DIRECTION ( 'NONE',  ( 1.000000000000000000, 0.000000000000000000, 0.000000000000000000 ) ) ;
#3064 = CARTESIAN_POINT ( 'NONE',  ( -0.8391666666666665053, 0.4949999999999999956, -0.9166666666666657415 ) ) ;
#3065 = ORIENTED_EDGE ( 'NONE', *, *, #923, .F. ) ;
#3066 = LINE ( 'NONE', #3672, #226 ) ;
#3067 = CYLINDRICAL_SURFACE ( 'NONE', #146, 0.2000000000000003164 ) ;
#3068 = ORIENTED_EDGE ( 'NONE', *, *, #2129, .T. ) ;
#3069 = DIRECTION ( 'NONE',  ( -2.891205793294674678E-15, 0.000000000000000000, 1.000000000000000000 ) ) ;
#3070 = ORIENTED_EDGE ( 'NONE', *, *, #2415, .T. ) ;
#3071 = ORIENTED_EDGE ( 'NONE', *, *, #2789, .T. ) ;
#3072 = EDGE_CURVE ( 'NONE', #1054, #3743, #414, .T. ) ;
#3073 = DIRECTION ( 'NONE',  ( -1.000000000000000000, 0.000000000000000000, -4.641700778034424399E-16 ) ) ;
#3074 = DIRECTION ( 'NONE',  ( -1.000000000000000000, 0.000000000000000000, 0.000000000000000000 ) ) ;
#3075 = DIRECTION ( 'NONE',  ( -0.000000000000000000, 0.000000000000000000, -1.000000000000000000 ) ) ;
#3076 = VECTOR ( 'NONE', #2676, 1000.000000000000000 ) ;
#3077 = EDGE_CURVE ( 'NONE', #81, #2371, #1227, .T. ) ;
#3078 = UNCERTAINTY_MEASURE_WITH_UNIT (LENGTH_MEASURE( 1.000000000000000082E-05 ), #1884, 'distance_accuracy_value', 'NONE');
#3079 = EDGE_CURVE ( 'NONE', #3743, #3462, #102, .T. ) ;
#3080 = VERTEX_POINT ( 'NONE', #1355 ) ;
#3081 = DIRECTION ( 'NONE',  ( 0.000000000000000000, -1.000000000000000000, 0.000000000000000000 ) ) ;
#3082 = VECTOR ( 'NONE', #3234, 1000.000000000000000 ) ;
#3083 =( NAMED_UNIT ( * ) PLANE_ANGLE_UNIT ( ) SI_UNIT ( $, .RADIAN. ) );
#3084 = DIRECTION ( 'NONE',  ( 1.000000000000000000, 0.000000000000000000, 0.000000000000000000 ) ) ;
#3085 = VERTEX_POINT ( 'NONE', #2576 ) ;
#3086 = AXIS2_PLACEMENT_3D ( 'NONE', #3527, #572, #3585 ) ;
#3087 = DIRECTION ( 'NONE',  ( 1.000000000000000000, 0.000000000000000000, 0.000000000000000000 ) ) ;
#3088 = CARTESIAN_POINT ( 'NONE',  ( -0.6500000000000001332, 0.5500000000000000444, -0.9000000000000000222 ) ) ;
#3089 = ORIENTED_EDGE ( 'NONE', *, *, #851, .T. ) ;
#3090 = CARTESIAN_POINT ( 'NONE',  ( 1.000000000000000000, 1.391537451385998825, 0.9499999999999992895 ) ) ;
#3091 = DIRECTION ( 'NONE',  ( 0.000000000000000000, -1.000000000000000000, 0.000000000000000000 ) ) ;
#3092 = ORIENTED_EDGE ( 'NONE', *, *, #1525, .F. ) ;
#3093 = ORIENTED_EDGE ( 'NONE', *, *, #3894, .T. ) ;
#3094 = PLANE ( 'NONE',  #2918 ) ;
#3095 = DIRECTION ( 'NONE',  ( 0.000000000000000000, 0.000000000000000000, 1.000000000000000000 ) ) ;
#3096 = VECTOR ( 'NONE', #124, 1000.000000000000000 ) ;
#3097 = ORIENTED_EDGE ( 'NONE', *, *, #632, .F. ) ;
#3098 = ORIENTED_EDGE ( 'NONE', *, *, #3650, .F. ) ;
#3099 = CIRCLE ( 'NONE', #1907, 0.05000000000000002359 ) ;
#3100 = CARTESIAN_POINT ( 'NONE',  ( -1.000000000000000000, 0.2199999999999999178, 1.049999999999999600 ) ) ;
#3101 = VECTOR ( 'NONE', #3561, 1000.000000000000000 ) ;
#3102 = AXIS2_PLACEMENT_3D ( 'NONE', #1868, #2508, #3721 ) ;
#3103 = ADVANCED_FACE ( 'NONE', ( #3443 ), #741, .T. ) ;
#3104 = EDGE_CURVE ( 'NONE', #3594, #2362, #1996, .T. ) ;
#3105 = DIRECTION ( 'NONE',  ( -0.000000000000000000, -1.000000000000000000, -0.000000000000000000 ) ) ;
#3106 = ORIENTED_EDGE ( 'NONE', *, *, #3311, .T. ) ;
#3107 = CARTESIAN_POINT ( 'NONE',  ( 0.9000000000000000222, 0.000000000000000000, -0.9671572875253802160 ) ) ;
#3108 = DIRECTION ( 'NONE',  ( 0.000000000000000000, -1.000000000000000000, 0.000000000000000000 ) ) ;
#3109 = AXIS2_PLACEMENT_3D ( 'NONE', #2265, #3808, #468 ) ;
#3110 = ORIENTED_EDGE ( 'NONE', *, *, #145, .T. ) ;
#3111 = AXIS2_PLACEMENT_3D ( 'NONE', #1737, #1461, #2347 ) ;
#3112 = APPLICATION_CONTEXT ( 'automotive_design' ) ;
#3113 = VECTOR ( 'NONE', #811, 1000.000000000000000 ) ;
#3114 = VECTOR ( 'NONE', #1383, 1000.000000000000000 ) ;
#3115 = VECTOR ( 'NONE', #2218, 1000.000000000000000 ) ;
#3116 = DIRECTION ( 'NONE',  ( 1.000000000000000000, 0.000000000000000000, 0.000000000000000000 ) ) ;
#3117 = CARTESIAN_POINT ( 'NONE',  ( -5.313945897894576635E-16, 0.4674999999999999711, -1.089166666666666172 ) ) ;
#3118 = CARTESIAN_POINT ( 'NONE',  ( -1.000000000000000000, 0.4399999999999999467, -1.049999999999999600 ) ) ;
#3119 = VECTOR ( 'NONE', #2927, 1000.000000000000000 ) ;
#3120 = PLANE ( 'NONE',  #3817 ) ;
#3121 = ORIENTED_EDGE ( 'NONE', *, *, #3822, .T. ) ;
#3122 = CARTESIAN_POINT ( 'NONE',  ( -0.6666666666666665186, 3.190075756488817582, 1.050000000000000488 ) ) ;
#3123 = DIRECTION ( 'NONE',  ( 0.000000000000000000, 0.000000000000000000, 1.000000000000000000 ) ) ;
#3124 = VERTEX_POINT ( 'NONE', #1944 ) ;
#3125 = CARTESIAN_POINT ( 'NONE',  ( -0.6500000000000001332, 0.3885786437626904122, -0.8499999999999999778 ) ) ;
#3126 = ORIENTED_EDGE ( 'NONE', *, *, #1617, .T. ) ;
#3127 = VERTEX_POINT ( 'NONE', #3142 ) ;
#3128 = EDGE_CURVE ( 'NONE', #1573, #340, #1740, .T. ) ;
#3129 = EDGE_CURVE ( 'NONE', #2386, #2702, #3707, .T. ) ;
#3130 = ADVANCED_FACE ( 'NONE', ( #2459 ), #1001, .T. ) ;
#3131 = FACE_OUTER_BOUND ( 'NONE', #2712, .T. ) ;
#3132 = DIRECTION ( 'NONE',  ( 0.000000000000000000, -1.000000000000000000, 0.000000000000000000 ) ) ;
#3133 = LINE ( 'NONE', #2255, #2607 ) ;
#3134 = CARTESIAN_POINT ( 'NONE',  ( 1.000000000000000000, 0.2199999999999999178, -1.249999999999999556 ) ) ;
#3135 = ORIENTED_EDGE ( 'NONE', *, *, #1955, .F. ) ;
#3136 = LINE ( 'NONE', #3774, #3119 ) ;
#3137 = ORIENTED_EDGE ( 'NONE', *, *, #1144, .T. ) ;
#3138 = DIRECTION ( 'NONE',  ( -0.000000000000000000, -1.000000000000000000, -0.000000000000000000 ) ) ;
#3139 =( NAMED_UNIT ( * ) SI_UNIT ( $, .STERADIAN. ) SOLID_ANGLE_UNIT ( ) );
#3140 = DIRECTION ( 'NONE',  ( 0.000000000000000000, -0.000000000000000000, 1.000000000000000000 ) ) ;
#3141 = VERTEX_POINT ( 'NONE', #698 ) ;
#3142 = CARTESIAN_POINT ( 'NONE',  ( 1.000000000000000000, 0.2199999999999999178, 1.049999999999999378 ) ) ;
#3143 = ORIENTED_EDGE ( 'NONE', *, *, #1210, .T. ) ;
#3144 = VECTOR ( 'NONE', #3799, 1000.000000000000000 ) ;
#3145 = VECTOR ( 'NONE', #2822, 1000.000000000000000 ) ;
#3146 = ORIENTED_EDGE ( 'NONE', *, *, #1438, .T. ) ;
#3147 = CYLINDRICAL_SURFACE ( 'NONE', #3188, 0.3000000000000003775 ) ;
#3148 = DIRECTION ( 'NONE',  ( -1.000000000000000000, 0.000000000000000000, 0.000000000000000000 ) ) ;
#3149 = CARTESIAN_POINT ( 'NONE',  ( -0.8000000000000001554, 3.190075756488817582, -0.9166666666666657415 ) ) ;
#3150 = DIRECTION ( 'NONE',  ( 0.000000000000000000, -1.000000000000000000, 0.000000000000000000 ) ) ;
#3151 = EDGE_CURVE ( 'NONE', #372, #1947, #1533, .T. ) ;
#3152 = LINE ( 'NONE', #2478, #883 ) ;
#3153 = EDGE_CURVE ( 'NONE', #1316, #265, #2771, .T. ) ;
#3154 = DIRECTION ( 'NONE',  ( 0.000000000000000000, 0.000000000000000000, 1.000000000000000000 ) ) ;
#3155 = CARTESIAN_POINT ( 'NONE',  ( -0.9000000000000000222, 1.391537451385998825, 0.9671572875253802160 ) ) ;
#3156 = VERTEX_POINT ( 'NONE', #3064 ) ;
#3157 = CARTESIAN_POINT ( 'NONE',  ( 0.2500000000000000000, 0.2199999999999999178, -1.149999999999999689 ) ) ;
#3158 = EDGE_LOOP ( 'NONE', ( #1055, #3110, #3121, #1663 ) ) ;
#3159 = DIRECTION ( 'NONE',  ( 1.000000000000000000, -0.000000000000000000, 0.000000000000000000 ) ) ;
#3160 = CARTESIAN_POINT ( 'NONE',  ( 1.000000000000000000, 1.391537451385998825, 1.049999999999999378 ) ) ;
#3161 = LINE ( 'NONE', #2301, #1886 ) ;
#3162 = ORIENTED_EDGE ( 'NONE', *, *, #2794, .F. ) ;
#3163 = ADVANCED_FACE ( 'NONE', ( #52 ), #3046, .T. ) ;
#3164 = CARTESIAN_POINT ( 'NONE',  ( -0.2500000000000000000, 1.391537451385998825, -0.3499999999999999778 ) ) ;
#3165 = PLANE ( 'NONE',  #3313 ) ;
#3166 = DIRECTION ( 'NONE',  ( 0.000000000000000000, 0.000000000000000000, 1.000000000000000000 ) ) ;
#3167 = VECTOR ( 'NONE', #2726, 1000.000000000000000 ) ;
#3168 = LINE ( 'NONE', #2284, #3362 ) ;
#3169 = LINE ( 'NONE', #2893, #1108 ) ;
#3170 = VERTEX_POINT ( 'NONE', #1613 ) ;
#3171 = LINE ( 'NONE', #470, #913 ) ;
#3172 = ORIENTED_EDGE ( 'NONE', *, *, #3814, .T. ) ;
#3173 = DIRECTION ( 'NONE',  ( 0.000000000000000000, 0.000000000000000000, 1.000000000000000000 ) ) ;
#3174 = AXIS2_PLACEMENT_3D ( 'NONE', #3035, #3377, #674 ) ;
#3175 = VECTOR ( 'NONE', #3473, 1000.000000000000000 ) ;
#3176 = ORIENTED_EDGE ( 'NONE', *, *, #1618, .T. ) ;
#3177 = ORIENTED_EDGE ( 'NONE', *, *, #718, .F. ) ;
#3178 = LINE ( 'NONE', #3497, #3113 ) ;
#3179 = LINE ( 'NONE', #480, #2160 ) ;
#3180 = AXIS2_PLACEMENT_3D ( 'NONE', #501, #2314, #1053 ) ;
#3181 = PLANE ( 'NONE',  #1198 ) ;
#3182 = ORIENTED_EDGE ( 'NONE', *, *, #2251, .F. ) ;
#3183 = CARTESIAN_POINT ( 'NONE',  ( 0.2500000000000000000, 0.2199999999999999178, 0.3499999999999999778 ) ) ;
#3184 = FACE_OUTER_BOUND ( 'NONE', #1219, .T. ) ;
#3185 = CARTESIAN_POINT ( 'NONE',  ( -1.000000000000000000, 0.000000000000000000, -1.249999999999999556 ) ) ;
#3186 = DIRECTION ( 'NONE',  ( -0.000000000000000000, 1.000000000000000000, -0.000000000000000000 ) ) ;
#3187 = CARTESIAN_POINT ( 'NONE',  ( -0.7500000000000002220, 0.5500000000000000444, -0.9166666666666657415 ) ) ;
#3188 = AXIS2_PLACEMENT_3D ( 'NONE', #160, #478, #2021 ) ;
#3189 = VECTOR ( 'NONE', #803, 1000.000000000000000 ) ;
#3190 = LINE ( 'NONE', #2805, #2790 ) ;
#3191 = EDGE_CURVE ( 'NONE', #1396, #1839, #68, .T. ) ;
#3192 = CARTESIAN_POINT ( 'NONE',  ( -0.2500000000000000000, 0.2199999999999999178, -1.149999999999999911 ) ) ;
#3193 = DIRECTION ( 'NONE',  ( 0.000000000000000000, 0.000000000000000000, -1.000000000000000000 ) ) ;
#3194 = VECTOR ( 'NONE', #3020, 1000.000000000000000 ) ;
#3195 = MECHANICAL_DESIGN_GEOMETRIC_PRESENTATION_REPRESENTATION (  '', ( #3571 ), #1545 ) ;
#3196 = ORIENTED_EDGE ( 'NONE', *, *, #747, .F. ) ;
#3197 = CARTESIAN_POINT ( 'NONE',  ( -0.2500000000000000000, 0.000000000000000000, 1.149999999999999911 ) ) ;
#3198 = EDGE_CURVE ( 'NONE', #574, #3272, #959, .T. ) ;
#3199 = LINE ( 'NONE', #492, #36 ) ;
#3200 = EDGE_CURVE ( 'NONE', #3716, #3080, #2306, .T. ) ;
#3201 = DIRECTION ( 'NONE',  ( 0.000000000000000000, 0.000000000000000000, 1.000000000000000000 ) ) ;
#3202 = DIRECTION ( 'NONE',  ( 0.000000000000000000, 1.000000000000000000, 0.000000000000000000 ) ) ;
#3203 = DIRECTION ( 'NONE',  ( 0.000000000000000000, 1.000000000000000000, 0.000000000000000000 ) ) ;
#3204 = CARTESIAN_POINT ( 'NONE',  ( -0.7499999999999998890, 0.5000000000000000000, 0.9166666666666672958 ) ) ;
#3205 = LINE ( 'NONE', #2188, #723 ) ;
#3206 = ORIENTED_EDGE ( 'NONE', *, *, #85, .F. ) ;
#3207 = DIRECTION ( 'NONE',  ( 0.000000000000000000, 0.000000000000000000, -1.000000000000000000 ) ) ;
#3208 = CARTESIAN_POINT ( 'NONE',  ( -0.6500000000000001332, 0.5300000000000000266, -0.9499999999999999556 ) ) ;
#3209 = LINE ( 'NONE', #729, #407 ) ;
#3210 = ORIENTED_EDGE ( 'NONE', *, *, #3822, .F. ) ;
#3211 = CARTESIAN_POINT ( 'NONE',  ( -0.9000000000000000222, 0.2199999999999999178, -0.3499999999999999778 ) ) ;
#3212 = VERTEX_POINT ( 'NONE', #3850 ) ;
#3213 = CYLINDRICAL_SURFACE ( 'NONE', #2308, 0.2000000000000000944 ) ;
#3214 = ORIENTED_EDGE ( 'NONE', *, *, #3871, .T. ) ;
#3215 = DIRECTION ( 'NONE',  ( 0.000000000000000000, -1.000000000000000000, 0.000000000000000000 ) ) ;
#3216 = DIRECTION ( 'NONE',  ( 0.000000000000000000, 0.000000000000000000, 1.000000000000000000 ) ) ;
#3217 = DIRECTION ( 'NONE',  ( 0.000000000000000000, 1.000000000000000000, 0.000000000000000000 ) ) ;
#3218 = EDGE_CURVE ( 'NONE', #2662, #3866, #2572, .T. ) ;
#3219 = DIRECTION ( 'NONE',  ( 0.000000000000000000, -1.000000000000000000, 0.000000000000000000 ) ) ;
#3220 = LINE ( 'NONE', #510, #1430 ) ;
#3221 = DIRECTION ( 'NONE',  ( -0.000000000000000000, -1.000000000000000000, -0.000000000000000000 ) ) ;
#3222 = DIRECTION ( 'NONE',  ( 0.000000000000000000, 0.000000000000000000, 1.000000000000000000 ) ) ;
#3223 = ADVANCED_FACE ( 'NONE', ( #2304 ), #2012, .T. ) ;
#3224 = EDGE_CURVE ( 'NONE', #3653, #2989, #791, .T. ) ;
#3225 = DIRECTION ( 'NONE',  ( 0.000000000000000000, -0.000000000000000000, 1.000000000000000000 ) ) ;
#3226 = DIRECTION ( 'NONE',  ( 0.000000000000000000, 0.000000000000000000, -1.000000000000000000 ) ) ;
#3227 = ORIENTED_EDGE ( 'NONE', *, *, #2814, .T. ) ;
#3228 = FACE_OUTER_BOUND ( 'NONE', #3158, .T. ) ;
#3229 = EDGE_LOOP ( 'NONE', ( #1675, #2942, #1980, #2186 ) ) ;
#3230 = CARTESIAN_POINT ( 'NONE',  ( -0.2500000000000000000, 0.000000000000000000, 1.149999999999999911 ) ) ;
#3231 = ORIENTED_EDGE ( 'NONE', *, *, #1519, .F. ) ;
#3232 = DIRECTION ( 'NONE',  ( -0.000000000000000000, 0.000000000000000000, -1.000000000000000000 ) ) ;
#3233 =( GEOMETRIC_REPRESENTATION_CONTEXT ( 3 ) GLOBAL_UNCERTAINTY_ASSIGNED_CONTEXT ( ( #3078 ) ) GLOBAL_UNIT_ASSIGNED_CONTEXT ( ( #1884, #3083, #1244 ) ) REPRESENTATION_CONTEXT ( 'NONE', 'WORKASPACE' ) );
#3234 = DIRECTION ( 'NONE',  ( -0.000000000000000000, -1.000000000000000000, -0.000000000000000000 ) ) ;
#3235 = ORIENTED_EDGE ( 'NONE', *, *, #306, .T. ) ;
#3236 = CARTESIAN_POINT ( 'NONE',  ( 0.9000000000000000222, 1.391537451385998825, 0.3499999999999999778 ) ) ;
#3237 = DIRECTION ( 'NONE',  ( 0.000000000000000000, -1.000000000000000000, 0.000000000000000000 ) ) ;
#3238 = DIRECTION ( 'NONE',  ( 0.000000000000000000, 0.000000000000000000, 1.000000000000000000 ) ) ;
#3239 = CARTESIAN_POINT ( 'NONE',  ( -0.2500000000000000000, 0.2199999999999999178, 0.6500000000000019096 ) ) ;
#3240 = EDGE_CURVE ( 'NONE', #3897, #2232, #1060, .T. ) ;
#3241 = EDGE_CURVE ( 'NONE', #3422, #1904, #2282, .T. ) ;
#3242 = CIRCLE ( 'NONE', #3487, 0.05000000000000002359 ) ;
#3243 = CARTESIAN_POINT ( 'NONE',  ( 0.2500000000000000000, 1.391537451385998825, 1.149999999999999911 ) ) ;
#3244 = AXIS2_PLACEMENT_3D ( 'NONE', #3677, #975, #96 ) ;
#3245 = EDGE_CURVE ( 'NONE', #2941, #275, #2421, .T. ) ;
#3246 = FACE_OUTER_BOUND ( 'NONE', #684, .T. ) ;
#3247 = AXIS2_PLACEMENT_3D ( 'NONE', #672, #2778, #94 ) ;
#3248 = ORIENTED_EDGE ( 'NONE', *, *, #2731, .F. ) ;
#3249 = CARTESIAN_POINT ( 'NONE',  ( -0.7171572875253804380, 0.000000000000000000, -1.149999999999999911 ) ) ;
#3250 = VERTEX_POINT ( 'NONE', #3778 ) ;
#3251 = LINE ( 'NONE', #219, #965 ) ;
#3252 = VECTOR ( 'NONE', #2241, 1000.000000000000000 ) ;
#3253 = DIRECTION ( 'NONE',  ( -1.000000000000000000, 0.000000000000000000, 4.336808689942011425E-15 ) ) ;
#3254 = VERTEX_POINT ( 'NONE', #3757 ) ;
#3255 = AXIS2_PLACEMENT_3D ( 'NONE', #1611, #3401, #2201 ) ;
#3256 = ORIENTED_EDGE ( 'NONE', *, *, #692, .T. ) ;
#3257 = DIRECTION ( 'NONE',  ( 1.000000000000000000, 0.000000000000000000, 0.000000000000000000 ) ) ;
#3258 = ORIENTED_EDGE ( 'NONE', *, *, #2574, .F. ) ;
#3259 = CARTESIAN_POINT ( 'NONE',  ( -0.6500000000000001332, 0.5500000000000000444, -0.8499999999999999778 ) ) ;
#3260 = CIRCLE ( 'NONE', #859, 0.1725000000000000144 ) ;
#3261 = DIRECTION ( 'NONE',  ( 0.000000000000000000, 0.000000000000000000, 1.000000000000000000 ) ) ;
#3262 = CARTESIAN_POINT ( 'NONE',  ( -0.8941666666666664431, 0.4400000000000000022, 0.9166666666666671848 ) ) ;
#3263 = EDGE_CURVE ( 'NONE', #589, #2315, #223, .T. ) ;
#3264 = VERTEX_POINT ( 'NONE', #530 ) ;
#3265 = CARTESIAN_POINT ( 'NONE',  ( 0.2500000000000000000, 1.391537451385998825, 1.149999999999999911 ) ) ;
#3266 = ORIENTED_EDGE ( 'NONE', *, *, #2896, .F. ) ;
#3267 = DIRECTION ( 'NONE',  ( 0.000000000000000000, 1.000000000000000000, 0.000000000000000000 ) ) ;
#3268 = ADVANCED_FACE ( 'NONE', ( #2936 ), #245, .T. ) ;
#3269 = EDGE_CURVE ( 'NONE', #134, #2203, #1691, .T. ) ;
#3270 = FACE_OUTER_BOUND ( 'NONE', #778, .T. ) ;
#3271 =( NAMED_UNIT ( * ) SI_UNIT ( $, .STERADIAN. ) SOLID_ANGLE_UNIT ( ) );
#3272 = VERTEX_POINT ( 'NONE', #780 ) ;
#3273 = ORIENTED_EDGE ( 'NONE', *, *, #2389, .T. ) ;
#3274 = CARTESIAN_POINT ( 'NONE',  ( 1.000000000000000000, 0.000000000000000000, 1.249999999999999556 ) ) ;
#3275 = VERTEX_POINT ( 'NONE', #2645 ) ;
#3276 = ORIENTED_EDGE ( 'NONE', *, *, #1328, .T. ) ;
#3277 = EDGE_CURVE ( 'NONE', #1779, #3141, #801, .T. ) ;
#3278 = ORIENTED_EDGE ( 'NONE', *, *, #420, .T. ) ;
#3279 = DIRECTION ( 'NONE',  ( 0.000000000000000000, 0.000000000000000000, 1.000000000000000000 ) ) ;
#3280 = LINE ( 'NONE', #818, #32 ) ;
#3281 = FILL_AREA_STYLE_COLOUR ( '', #609 ) ;
#3282 = AXIS2_PLACEMENT_3D ( 'NONE', #3769, #187, #3792 ) ;
#3283 = ADVANCED_FACE ( 'NONE', ( #1989 ), #509, .T. ) ;
#3284 = ORIENTED_EDGE ( 'NONE', *, *, #1518, .T. ) ;
#3285 = ORIENTED_EDGE ( 'NONE', *, *, #2819, .F. ) ;
#3286 = AXIS2_PLACEMENT_3D ( 'NONE', #2, #3888, #897 ) ;
#3287 = EDGE_LOOP ( 'NONE', ( #2167, #1023, #402, #3369 ) ) ;
#3288 = DIRECTION ( 'NONE',  ( 0.000000000000000000, 0.000000000000000000, 1.000000000000000000 ) ) ;
#3289 = EDGE_CURVE ( 'NONE', #590, #3272, #3363, .T. ) ;
#3290 = DIRECTION ( 'NONE',  ( -1.000000000000000000, 0.000000000000000000, -0.000000000000000000 ) ) ;
#3291 = PLANE ( 'NONE',  #1548 ) ;
#3292 = UNCERTAINTY_MEASURE_WITH_UNIT (LENGTH_MEASURE( 1.000000000000000082E-05 ), #710, 'distance_accuracy_value', 'NONE');
#3293 = EDGE_LOOP ( 'NONE', ( #3210, #2878, #3496, #2317, #751, #2485, #766, #1222, #3696, #288 ) ) ;
#3294 = AXIS2_PLACEMENT_3D ( 'NONE', #1930, #3116, #1070 ) ;
#3295 = EDGE_LOOP ( 'NONE', ( #1033, #141, #1334, #745 ) ) ;
#3296 = PLANE ( 'NONE',  #1909 ) ;
#3297 = AXIS2_PLACEMENT_3D ( 'NONE', #132, #2237, #2862 ) ;
#3298 = FACE_OUTER_BOUND ( 'NONE', #3287, .T. ) ;
#3299 = VECTOR ( 'NONE', #3429, 1000.000000000000000 ) ;
#3300 = CIRCLE ( 'NONE', #2993, 0.3000000000000003775 ) ;
#3301 = ORIENTED_EDGE ( 'NONE', *, *, #3469, .T. ) ;
#3302 = VERTEX_POINT ( 'NONE', #554 ) ;
#3303 = AXIS2_PLACEMENT_3D ( 'NONE', #1600, #1580, #1543 ) ;
#3304 = TOROIDAL_SURFACE ( 'NONE', #2113, 0.1724999999999999867, 0.02749999999999999667 ) ;
#3305 = ORIENTED_EDGE ( 'NONE', *, *, #3200, .F. ) ;
#3306 = PLANE ( 'NONE',  #2602 ) ;
#3307 = CARTESIAN_POINT ( 'NONE',  ( 1.000000000000000000, 0.2199999999999999178, 0.9499999999999992895 ) ) ;
#3308 = VECTOR ( 'NONE', #1449, 1000.000000000000000 ) ;
#3309 = CARTESIAN_POINT ( 'NONE',  ( 0.000000000000000000, 0.2200000000000000011, 0.000000000000000000 ) ) ;
#3310 = EDGE_CURVE ( 'NONE', #3584, #114, #2620, .T. ) ;
#3311 = EDGE_CURVE ( 'NONE', #1005, #3667, #1128, .T. ) ;
#3312 = VECTOR ( 'NONE', #2332, 1000.000000000000000 ) ;
#3313 = AXIS2_PLACEMENT_3D ( 'NONE', #2596, #444, #2573 ) ;
#3314 = AXIS2_PLACEMENT_3D ( 'NONE', #47, #2143, #3355 ) ;
#3315 = ORIENTED_EDGE ( 'NONE', *, *, #1144, .F. ) ;
#3316 = DIRECTION ( 'NONE',  ( 0.000000000000000000, 0.000000000000000000, 1.000000000000000000 ) ) ;
#3317 = CARTESIAN_POINT ( 'NONE',  ( -1.000000000000000000, 0.000000000000000000, 1.249999999999999556 ) ) ;
#3318 = EDGE_LOOP ( 'NONE', ( #3276, #9, #2465, #3284 ) ) ;
#3319 = CARTESIAN_POINT ( 'NONE',  ( 0.6999999999999996225, 0.2199999999999999178, 1.250000000000000888 ) ) ;
#3320 = PLANE ( 'NONE',  #1755 ) ;
#3321 = ADVANCED_FACE ( 'NONE', ( #3529 ), #2911, .T. ) ;
#3322 = ORIENTED_EDGE ( 'NONE', *, *, #3814, .F. ) ;
#3323 = SURFACE_STYLE_FILL_AREA ( #1510 ) ;
#3324 = CARTESIAN_POINT ( 'NONE',  ( 0.2500000000000000000, 1.391537451385998825, -0.3499999999999999778 ) ) ;
#3325 = CARTESIAN_POINT ( 'NONE',  ( -0.9000000000000000222, 1.391537451385998825, 0.3499999999999999778 ) ) ;
#3326 = ORIENTED_EDGE ( 'NONE', *, *, #3892, .F. ) ;
#3327 = EDGE_CURVE ( 'NONE', #2885, #1700, #3884, .T. ) ;
#3328 = EDGE_CURVE ( 'NONE', #1971, #123, #3220, .T. ) ;
#3329 = DIRECTION ( 'NONE',  ( 0.000000000000000000, 0.000000000000000000, 1.000000000000000000 ) ) ;
#3330 = VERTEX_POINT ( 'NONE', #1113 ) ;
#3331 = AXIS2_PLACEMENT_3D ( 'NONE', #755, #133, #875 ) ;
#3332 = EDGE_CURVE ( 'NONE', #2522, #427, #3178, .T. ) ;
#3333 = DIRECTION ( 'NONE',  ( 0.000000000000000000, 0.000000000000000000, -1.000000000000000000 ) ) ;
#3334 = CARTESIAN_POINT ( 'NONE',  ( 1.000000000000000000, 1.391537451385998825, 1.049999999999999378 ) ) ;
#3335 = VERTEX_POINT ( 'NONE', #1648 ) ;
#3336 = DIRECTION ( 'NONE',  ( -0.000000000000000000, -1.000000000000000000, -0.000000000000000000 ) ) ;
#3337 = LINE ( 'NONE', #1289, #1374 ) ;
#3338 = DIRECTION ( 'NONE',  ( 0.000000000000000000, 0.000000000000000000, -1.000000000000000000 ) ) ;
#3339 = VECTOR ( 'NONE', #985, 1000.000000000000000 ) ;
#3340 = LINE ( 'NONE', #3890, #2551 ) ;
#3341 = CARTESIAN_POINT ( 'NONE',  ( -0.6666666666666666297, 0.5000000000000000000, -1.049999999999999822 ) ) ;
#3342 = SURFACE_SIDE_STYLE ('',( #1901 ) ) ;
#3343 = DIRECTION ( 'NONE',  ( -0.7071067811865486830, 0.000000000000000000, 0.7071067811865464625 ) ) ;
#3344 = ORIENTED_EDGE ( 'NONE', *, *, #2217, .F. ) ;
#3345 = EDGE_CURVE ( 'NONE', #340, #3080, #3631, .T. ) ;
#3346 = ADVANCED_FACE ( 'NONE', ( #3539 ), #3147, .F. ) ;
#3347 = EDGE_CURVE ( 'NONE', #1913, #2411, #3045, .T. ) ;
#3348 = EDGE_CURVE ( 'NONE', #2581, #2337, #1435, .T. ) ;
#3349 = DIRECTION ( 'NONE',  ( 0.000000000000000000, 0.000000000000000000, 1.000000000000000000 ) ) ;
#3350 = DIRECTION ( 'NONE',  ( 0.000000000000000000, -0.000000000000000000, -1.000000000000000000 ) ) ;
#3351 = ORIENTED_EDGE ( 'NONE', *, *, #2920, .T. ) ;
#3352 = AXIS2_PLACEMENT_3D ( 'NONE', #436, #1362, #2537 ) ;
#3353 = DIRECTION ( 'NONE',  ( -0.000000000000000000, 0.000000000000000000, 1.000000000000000000 ) ) ;
#3354 = ORIENTED_EDGE ( 'NONE', *, *, #2921, .F. ) ;
#3355 = DIRECTION ( 'NONE',  ( 0.000000000000000000, 0.000000000000000000, 1.000000000000000000 ) ) ;
#3356 = FACE_OUTER_BOUND ( 'NONE', #1119, .T. ) ;
#3357 = VECTOR ( 'NONE', #2568, 1000.000000000000000 ) ;
#3358 = LINE ( 'NONE', #1865, #1498 ) ;
#3359 = AXIS2_PLACEMENT_3D ( 'NONE', #1118, #3502, #2904 ) ;
#3360 = ORIENTED_EDGE ( 'NONE', *, *, #2433, .T. ) ;
#3361 = CYLINDRICAL_SURFACE ( 'NONE', #1910, 0.02749999999999996197 ) ;
#3362 = VECTOR ( 'NONE', #2327, 1000.000000000000000 ) ;
#3363 = CIRCLE ( 'NONE', #2057, 0.05000000000000002359 ) ;
#3364 = EDGE_LOOP ( 'NONE', ( #553, #388, #3587, #236 ) ) ;
#3365 = VECTOR ( 'NONE', #2874, 1000.000000000000000 ) ;
#3366 = PRESENTATION_LAYER_ASSIGNMENT (  '', '', ( #3571 ) ) ;
#3367 = EDGE_CURVE ( 'NONE', #3823, #1559, #2536, .T. ) ;
#3368 = ORIENTED_EDGE ( 'NONE', *, *, #2610, .T. ) ;
#3369 = ORIENTED_EDGE ( 'NONE', *, *, #3072, .F. ) ;
#3370 = DIRECTION ( 'NONE',  ( 0.000000000000000000, 0.000000000000000000, -1.000000000000000000 ) ) ;
#3371 = CYLINDRICAL_SURFACE ( 'NONE', #341, 0.05000000000000002359 ) ;
#3372 = ORIENTED_EDGE ( 'NONE', *, *, #3269, .T. ) ;
#3373 = PLANE ( 'NONE',  #3303 ) ;
#3374 = EDGE_CURVE ( 'NONE', #3462, #2637, #2740, .T. ) ;
#3375 = EDGE_CURVE ( 'NONE', #908, #834, #2879, .T. ) ;
#3376 = ORIENTED_EDGE ( 'NONE', *, *, #3129, .F. ) ;
#3377 = DIRECTION ( 'NONE',  ( 0.000000000000000000, 0.000000000000000000, -1.000000000000000000 ) ) ;
#3378 = ORIENTED_EDGE ( 'NONE', *, *, #2036, .T. ) ;
#3379 = DIRECTION ( 'NONE',  ( 0.000000000000000000, 0.000000000000000000, 1.000000000000000000 ) ) ;
#3380 = FILL_AREA_STYLE ('',( #982 ) ) ;
#3381 = VERTEX_POINT ( 'NONE', #2423 ) ;
#3382 = DIRECTION ( 'NONE',  ( 0.000000000000000000, 1.000000000000000000, 0.000000000000000000 ) ) ;
#3383 = DIRECTION ( 'NONE',  ( 0.000000000000000000, 0.000000000000000000, 1.000000000000000000 ) ) ;
#3384 = EDGE_CURVE ( 'NONE', #3021, #840, #2077, .T. ) ;
#3385 = CARTESIAN_POINT ( 'NONE',  ( -0.8666666666666666963, 0.4674999999999999711, -0.9166666666666657415 ) ) ;
#3386 = ORIENTED_EDGE ( 'NONE', *, *, #3576, .F. ) ;
#3387 = DIRECTION ( 'NONE',  ( 0.000000000000000000, 0.000000000000000000, 1.000000000000000000 ) ) ;
#3388 = DIRECTION ( 'NONE',  ( 0.000000000000000000, 1.000000000000000000, 0.000000000000000000 ) ) ;
#3389 = EDGE_LOOP ( 'NONE', ( #1939, #2821, #3528, #1602 ) ) ;
#3390 = VERTEX_POINT ( 'NONE', #1500 ) ;
#3391 = DIRECTION ( 'NONE',  ( 0.000000000000000000, -1.000000000000000000, 0.000000000000000000 ) ) ;
#3392 = EDGE_CURVE ( 'NONE', #927, #3761, #158, .T. ) ;
#3393 = CARTESIAN_POINT ( 'NONE',  ( -0.8391666666666665053, 0.4674999999999999711, -0.9166666666666657415 ) ) ;
#3394 = EDGE_CURVE ( 'NONE', #2203, #2315, #899, .T. ) ;
#3395 = ORIENTED_EDGE ( 'NONE', *, *, #2730, .T. ) ;
#3396 = COLOUR_RGB ( '',1.000000000000000000, 0.8117647058823529438, 0.5019607843137254832 ) ;
#3397 = FACE_OUTER_BOUND ( 'NONE', #1134, .T. ) ;
#3398 = ADVANCED_FACE ( 'NONE', ( #1511 ), #3646, .F. ) ;
#3399 = CIRCLE ( 'NONE', #2396, 0.05000000000000002359 ) ;
#3400 =( NAMED_UNIT ( * ) SI_UNIT ( $, .STERADIAN. ) SOLID_ANGLE_UNIT ( ) );
#3401 = DIRECTION ( 'NONE',  ( -0.000000000000000000, 1.000000000000000000, -0.000000000000000000 ) ) ;
#3402 = DIRECTION ( 'NONE',  ( -0.000000000000000000, -1.000000000000000000, -0.000000000000000000 ) ) ;
#3403 = CARTESIAN_POINT ( 'NONE',  ( 0.6666666666666666297, 3.190075756488817582, -0.9166666666666662966 ) ) ;
#3404 = ORIENTED_EDGE ( 'NONE', *, *, #3630, .T. ) ;
#3405 = VECTOR ( 'NONE', #2133, 1000.000000000000000 ) ;
#3406 = ORIENTED_EDGE ( 'NONE', *, *, #3077, .F. ) ;
#3407 = ORIENTED_EDGE ( 'NONE', *, *, #3394, .T. ) ;
#3408 = LINE ( 'NONE', #450, #1790 ) ;
#3409 = FACE_OUTER_BOUND ( 'NONE', #3858, .T. ) ;
#3410 = CARTESIAN_POINT ( 'NONE',  ( 0.000000000000000000, 0.5500000000000000444, 0.000000000000000000 ) ) ;
#3411 = EDGE_LOOP ( 'NONE', ( #3248, #3019, #608, #3674 ) ) ;
#3412 = DIRECTION ( 'NONE',  ( -0.000000000000000000, -1.000000000000000000, -0.000000000000000000 ) ) ;
#3413 = AXIS2_PLACEMENT_3D ( 'NONE', #1546, #3336, #1266 ) ;
#3414 = ORIENTED_EDGE ( 'NONE', *, *, #692, .F. ) ;
#3415 = AXIS2_PLACEMENT_3D ( 'NONE', #690, #1343, #1056 ) ;
#3416 = CARTESIAN_POINT ( 'NONE',  ( 0.9000000000000000222, 0.000000000000000000, -0.3499999999999999778 ) ) ;
#3417 = CIRCLE ( 'NONE', #1987, 0.05000000000000002359 ) ;
#3418 = VECTOR ( 'NONE', #227, 1000.000000000000000 ) ;
#3419 = EDGE_CURVE ( 'NONE', #1891, #1725, #1196, .T. ) ;
#3420 = ORIENTED_EDGE ( 'NONE', *, *, #3052, .T. ) ;
#3421 = ADVANCED_FACE ( 'NONE', ( #2664 ), #626, .T. ) ;
#3422 = VERTEX_POINT ( 'NONE', #2719 ) ;
#3423 = CARTESIAN_POINT ( 'NONE',  ( -1.000000000000000000, 1.391537451385998825, -1.249999999999999556 ) ) ;
#3424 = VECTOR ( 'NONE', #3105, 1000.000000000000000 ) ;
#3425 = AXIS2_PLACEMENT_3D ( 'NONE', #2906, #1704, #1074 ) ;
#3426 = AXIS2_PLACEMENT_3D ( 'NONE', #378, #3705, #1552 ) ;
#3427 = LINE ( 'NONE', #186, #3096 ) ;
#3428 = ORIENTED_EDGE ( 'NONE', *, *, #66, .T. ) ;
#3429 = DIRECTION ( 'NONE',  ( -0.000000000000000000, -0.000000000000000000, 1.000000000000000000 ) ) ;
#3430 = DIRECTION ( 'NONE',  ( 0.000000000000000000, 0.000000000000000000, -1.000000000000000000 ) ) ;
#3431 = VECTOR ( 'NONE', #627, 1000.000000000000000 ) ;
#3432 = DIRECTION ( 'NONE',  ( 0.000000000000000000, -1.000000000000000000, 0.000000000000000000 ) ) ;
#3433 = VERTEX_POINT ( 'NONE', #24 ) ;
#3434 = LINE ( 'NONE', #1656, #856 ) ;
#3435 = ORIENTED_EDGE ( 'NONE', *, *, #3310, .T. ) ;
#3436 = DIRECTION ( 'NONE',  ( 0.000000000000000000, 1.000000000000000000, 0.000000000000000000 ) ) ;
#3437 = CARTESIAN_POINT ( 'NONE',  ( -0.6999999999999996225, 0.000000000000000000, -1.249999999999999556 ) ) ;
#3438 = DIRECTION ( 'NONE',  ( 0.000000000000000000, 0.000000000000000000, 1.000000000000000000 ) ) ;
#3439 = ORIENTED_EDGE ( 'NONE', *, *, #1946, .F. ) ;
#3440 = CARTESIAN_POINT ( 'NONE',  ( 0.000000000000000000, 0.000000000000000000, 0.000000000000000000 ) ) ;
#3441 = CARTESIAN_POINT ( 'NONE',  ( 0.2500000000000000000, 1.391537451385998825, -1.149999999999999911 ) ) ;
#3442 = LINE ( 'NONE', #2845, #2968 ) ;
#3443 = FACE_OUTER_BOUND ( 'NONE', #3579, .T. ) ;
#3444 = EDGE_LOOP ( 'NONE', ( #2195, #876, #2432, #2178 ) ) ;
#3445 = EDGE_CURVE ( 'NONE', #630, #2928, #641, .T. ) ;
#3446 = EDGE_CURVE ( 'NONE', #2749, #1404, #865, .T. ) ;
#3447 = DIRECTION ( 'NONE',  ( 0.000000000000000000, 0.000000000000000000, 1.000000000000000000 ) ) ;
#3448 = ADVANCED_FACE ( 'NONE', ( #937 ), #2382, .T. ) ;
#3449 = DIRECTION ( 'NONE',  ( 1.000000000000000000, 0.000000000000000000, 0.000000000000000000 ) ) ;
#3450 = CARTESIAN_POINT ( 'NONE',  ( -1.000000000000000000, 1.391537451385998825, -1.049999999999999378 ) ) ;
#3451 = FACE_OUTER_BOUND ( 'NONE', #3444, .T. ) ;
#3452 = ORIENTED_EDGE ( 'NONE', *, *, #3552, .T. ) ;
#3453 = DIRECTION ( 'NONE',  ( 0.000000000000000000, 0.000000000000000000, -1.000000000000000000 ) ) ;
#3454 = CARTESIAN_POINT ( 'NONE',  ( -1.000000000000000000, 0.000000000000000000, -1.049999999999999378 ) ) ;
#3455 = EDGE_LOOP ( 'NONE', ( #1450, #1342, #2495, #1024 ) ) ;
#3456 = EDGE_LOOP ( 'NONE', ( #1394, #2153, #430, #3065 ) ) ;
#3457 = ORIENTED_EDGE ( 'NONE', *, *, #259, .F. ) ;
#3458 = CARTESIAN_POINT ( 'NONE',  ( 0.2500000000000000000, 0.000000000000000000, -1.149999999999999911 ) ) ;
#3459 = DIRECTION ( 'NONE',  ( -0.000000000000000000, -1.000000000000000000, -0.000000000000000000 ) ) ;
#3460 = DIRECTION ( 'NONE',  ( 0.000000000000000000, -1.000000000000000000, 0.000000000000000000 ) ) ;
#3461 = DIRECTION ( 'NONE',  ( 0.000000000000000000, -0.000000000000000000, 1.000000000000000000 ) ) ;
#3462 = VERTEX_POINT ( 'NONE', #3870 ) ;
#3463 = FACE_OUTER_BOUND ( 'NONE', #88, .T. ) ;
#3464 = ORIENTED_EDGE ( 'NONE', *, *, #3347, .F. ) ;
#3465 = DIRECTION ( 'NONE',  ( 0.000000000000000000, 0.000000000000000000, -1.000000000000000000 ) ) ;
#3466 = CLOSED_SHELL ( 'NONE', ( #3869, #1873, #1986, #2216, #3103, #2659, #1501, #1775, #3421, #1094, #2454 ) ) ;
#3467 = VECTOR ( 'NONE', #2959, 1000.000000000000000 ) ;
#3468 = ADVANCED_FACE ( 'NONE', ( #1185 ), #3889, .F. ) ;
#3469 = EDGE_CURVE ( 'NONE', #2756, #2662, #980, .T. ) ;
#3470 = ORIENTED_EDGE ( 'NONE', *, *, #2409, .T. ) ;
#3471 = DIRECTION ( 'NONE',  ( 0.000000000000000000, -1.000000000000000000, 0.000000000000000000 ) ) ;
#3472 = DIRECTION ( 'NONE',  ( 0.000000000000000000, 0.000000000000000000, -1.000000000000000000 ) ) ;
#3473 = DIRECTION ( 'NONE',  ( 1.000000000000000000, -0.000000000000000000, 0.000000000000000000 ) ) ;
#3474 = ORIENTED_EDGE ( 'NONE', *, *, #1042, .T. ) ;
#3475 = CARTESIAN_POINT ( 'NONE',  ( -0.7999999999999998224, 1.391537451385998825, -1.250000000000000444 ) ) ;
#3476 = ORIENTED_EDGE ( 'NONE', *, *, #747, .T. ) ;
#3477 = CARTESIAN_POINT ( 'NONE',  ( 1.000000000000000000, 1.391537451385998825, 1.249999999999999556 ) ) ;
#3478 = EDGE_CURVE ( 'NONE', #753, #313, #3, .T. ) ;
#3479 = ORIENTED_EDGE ( 'NONE', *, *, #3277, .F. ) ;
#3480 = CARTESIAN_POINT ( 'NONE',  ( 0.2500000000000000000, 0.2199999999999999178, -1.149999999999999911 ) ) ;
#3481 = DIRECTION ( 'NONE',  ( -0.000000000000000000, -1.000000000000000000, -0.000000000000000000 ) ) ;
#3482 = LINE ( 'NONE', #1058, #3082 ) ;
#3483 = ORIENTED_EDGE ( 'NONE', *, *, #1719, .F. ) ;
#3484 = DIRECTION ( 'NONE',  ( 0.000000000000000000, -1.000000000000000000, 0.000000000000000000 ) ) ;
#3485 = CYLINDRICAL_SURFACE ( 'NONE', #713, 0.05000000000000002359 ) ;
#3486 = CARTESIAN_POINT ( 'NONE',  ( 0.7500000000000003331, 0.5500000000000000444, 0.9166666666666669627 ) ) ;
#3487 = AXIS2_PLACEMENT_3D ( 'NONE', #3729, #726, #1631 ) ;
#3488 = FACE_OUTER_BOUND ( 'NONE', #2629, .T. ) ;
#3489 = CARTESIAN_POINT ( 'NONE',  ( -0.2500000000000000000, 1.391537451385998825, 1.149999999999999911 ) ) ;
#3490 = LINE ( 'NONE', #1407, #3114 ) ;
#3491 = DIRECTION ( 'NONE',  ( 0.000000000000000000, 0.000000000000000000, -1.000000000000000000 ) ) ;
#3492 = CARTESIAN_POINT ( 'NONE',  ( -0.9000000000000000222, 1.391537451385998825, -0.9671572875253802160 ) ) ;
#3493 = VECTOR ( 'NONE', #3860, 1000.000000000000000 ) ;
#3494 = VERTEX_POINT ( 'NONE', #616 ) ;
#3495 = VECTOR ( 'NONE', #2987, 1000.000000000000000 ) ;
#3496 = ORIENTED_EDGE ( 'NONE', *, *, #396, .F. ) ;
#3497 = CARTESIAN_POINT ( 'NONE',  ( -0.7999999999999998224, 0.2199999999999999178, -1.250000000000000444 ) ) ;
#3498 = LINE ( 'NONE', #212, #3874 ) ;
#3499 = CIRCLE ( 'NONE', #2112, 0.2000000000000003164 ) ;
#3500 = EDGE_CURVE ( 'NONE', #2488, #1307, #335, .T. ) ;
#3501 = DIRECTION ( 'NONE',  ( -4.641700778034424399E-16, 0.000000000000000000, 1.000000000000000000 ) ) ;
#3502 = DIRECTION ( 'NONE',  ( 0.000000000000000000, -0.000000000000000000, 1.000000000000000000 ) ) ;
#3503 = EDGE_LOOP ( 'NONE', ( #783, #1384, #3305, #2580 ) ) ;
#3504 = AXIS2_PLACEMENT_3D ( 'NONE', #1630, #2835, #1948 ) ;
#3505 = VECTOR ( 'NONE', #3535, 1000.000000000000000 ) ;
#3506 = DIRECTION ( 'NONE',  ( -0.000000000000000000, -1.000000000000000000, -0.000000000000000000 ) ) ;
#3507 = CARTESIAN_POINT ( 'NONE',  ( -0.7499999999999998890, 0.5500000000000000444, 0.9166666666666674068 ) ) ;
#3508 = EDGE_CURVE ( 'NONE', #3716, #1573, #1860, .T. ) ;
#3509 = ADVANCED_FACE ( 'NONE', ( #2466 ), #1178, .T. ) ;
#3510 = AXIS2_PLACEMENT_3D ( 'NONE', #1168, #2365, #2309 ) ;
#3511 = EDGE_LOOP ( 'NONE', ( #2753, #892, #2289, #1259 ) ) ;
#3512 = DIRECTION ( 'NONE',  ( 1.000000000000000000, 0.000000000000000000, 0.000000000000000000 ) ) ;
#3513 = CARTESIAN_POINT ( 'NONE',  ( 0.7999999999999997113, 0.2199999999999999178, 1.250000000000000444 ) ) ;
#3514 = ORIENTED_EDGE ( 'NONE', *, *, #3785, .F. ) ;
#3515 = CARTESIAN_POINT ( 'NONE',  ( 1.000000000000000000, 0.2199999999999999178, 1.049999999999999378 ) ) ;
#3516 = ORIENTED_EDGE ( 'NONE', *, *, #885, .T. ) ;
#3517 = DIRECTION ( 'NONE',  ( -2.891205793294674678E-15, 0.000000000000000000, 1.000000000000000000 ) ) ;
#3518 = PLANE ( 'NONE',  #1595 ) ;
#3519 = ORIENTED_EDGE ( 'NONE', *, *, #2666, .T. ) ;
#3520 = CARTESIAN_POINT ( 'NONE',  ( -0.9000000000000000222, 1.391537451385998825, -0.9671572875253802160 ) ) ;
#3521 = ORIENTED_EDGE ( 'NONE', *, *, #3198, .F. ) ;
#3522 = DIRECTION ( 'NONE',  ( -0.000000000000000000, -1.000000000000000000, -0.000000000000000000 ) ) ;
#3523 = VERTEX_POINT ( 'NONE', #1726 ) ;
#3524 = LINE ( 'NONE', #2979, #779 ) ;
#3525 = DIRECTION ( 'NONE',  ( 0.000000000000000000, 0.000000000000000000, 1.000000000000000000 ) ) ;
#3526 = LINE ( 'NONE', #2010, #3600 ) ;
#3527 = CARTESIAN_POINT ( 'NONE',  ( -1.000000000000000000, 0.000000000000000000, 1.249999999999999556 ) ) ;
#3528 = ORIENTED_EDGE ( 'NONE', *, *, #173, .T. ) ;
#3529 = FACE_OUTER_BOUND ( 'NONE', #3389, .T. ) ;
#3530 = EDGE_CURVE ( 'NONE', #1441, #2372, #3434, .T. ) ;
#3531 = DIRECTION ( 'NONE',  ( 0.000000000000000000, -1.000000000000000000, 0.000000000000000000 ) ) ;
#3532 =( GEOMETRIC_REPRESENTATION_CONTEXT ( 3 ) GLOBAL_UNCERTAINTY_ASSIGNED_CONTEXT ( ( #2667 ) ) GLOBAL_UNIT_ASSIGNED_CONTEXT ( ( #1160, #3564, #858 ) ) REPRESENTATION_CONTEXT ( 'NONE', 'WORKASPACE' ) );
#3533 = LINE ( 'NONE', #1998, #3365 ) ;
#3534 = ADVANCED_FACE ( 'NONE', ( #1341 ), #3213, .F. ) ;
#3535 = DIRECTION ( 'NONE',  ( 0.000000000000000000, -1.000000000000000000, 0.000000000000000000 ) ) ;
#3536 = ORIENTED_EDGE ( 'NONE', *, *, #1502, .T. ) ;
#3537 = CLOSED_SHELL ( 'NONE', ( #1125, #2479, #986, #2066 ) ) ;
#3538 = ORIENTED_EDGE ( 'NONE', *, *, #2579, .T. ) ;
#3539 = FACE_OUTER_BOUND ( 'NONE', #2076, .T. ) ;
#3540 = DIRECTION ( 'NONE',  ( 1.000000000000000000, 0.000000000000000000, -0.000000000000000000 ) ) ;
#3541 = ORIENTED_EDGE ( 'NONE', *, *, #1973, .F. ) ;
#3542 = CIRCLE ( 'NONE', #1834, 0.3000000000000003775 ) ;
#3543 = DIRECTION ( 'NONE',  ( -0.000000000000000000, -0.000000000000000000, -1.000000000000000000 ) ) ;
#3544 = EDGE_LOOP ( 'NONE', ( #2996, #1967, #75, #1645, #688, #3842, #1468, #2589, #2926 ) ) ;
#3545 = CARTESIAN_POINT ( 'NONE',  ( -0.9000000000000000222, 1.391537451385998825, -0.3499999999999999778 ) ) ;
#3546 = LINE ( 'NONE', #2045, #458 ) ;
#3547 = ORIENTED_EDGE ( 'NONE', *, *, #2368, .F. ) ;
#3548 = ORIENTED_EDGE ( 'NONE', *, *, #260, .F. ) ;
#3549 = DIRECTION ( 'NONE',  ( -0.000000000000000000, 0.000000000000000000, 1.000000000000000000 ) ) ;
#3550 = ORIENTED_EDGE ( 'NONE', *, *, #566, .F. ) ;
#3551 = CARTESIAN_POINT ( 'NONE',  ( 1.000000000000000000, 1.391537451385998825, -0.9499999999999992895 ) ) ;
#3552 = EDGE_CURVE ( 'NONE', #1095, #2371, #1954, .T. ) ;
#3553 = ORIENTED_EDGE ( 'NONE', *, *, #105, .T. ) ;
#3554 = CARTESIAN_POINT ( 'NONE',  ( 0.2500000000000000000, 1.391537451385998825, -1.149999999999999911 ) ) ;
#3555 = AXIS2_PLACEMENT_3D ( 'NONE', #1808, #311, #2447 ) ;
#3556 = EDGE_CURVE ( 'NONE', #2702, #2658, #1369, .T. ) ;
#3557 = ORIENTED_EDGE ( 'NONE', *, *, #173, .F. ) ;
#3558 = PLANE ( 'NONE',  #2086 ) ;
#3559 = AXIS2_PLACEMENT_3D ( 'NONE', #2230, #1090, #1702 ) ;
#3560 = VERTEX_POINT ( 'NONE', #3157 ) ;
#3561 = DIRECTION ( 'NONE',  ( -1.000000000000000000, 0.000000000000000000, 4.878909776184769953E-16 ) ) ;
#3562 = FACE_OUTER_BOUND ( 'NONE', #575, .T. ) ;
#3563 = AXIS2_PLACEMENT_3D ( 'NONE', #3134, #3522, #2564 ) ;
#3564 =( NAMED_UNIT ( * ) PLANE_ANGLE_UNIT ( ) SI_UNIT ( $, .RADIAN. ) );
#3565 = DIRECTION ( 'NONE',  ( -1.000000000000000000, 0.000000000000000000, -0.000000000000000000 ) ) ;
#3566 = AXIS2_PLACEMENT_3D ( 'NONE', #1736, #3219, #1377 ) ;
#3567 = ORIENTED_EDGE ( 'NONE', *, *, #935, .T. ) ;
#3568 = EDGE_LOOP ( 'NONE', ( #2599, #1717, #1685, #2678 ) ) ;
#3569 = CARTESIAN_POINT ( 'NONE',  ( -0.6666666666666666297, 0.4949999999999999956, -1.089166666666665950 ) ) ;
#3570 = AXIS2_PLACEMENT_3D ( 'NONE', #3810, #266, #1672 ) ;
#3571 = STYLED_ITEM ( 'NONE', ( #1141 ), #1513 ) ;
#3572 =( NAMED_UNIT ( * ) SI_UNIT ( $, .STERADIAN. ) SOLID_ANGLE_UNIT ( ) );
#3573 = DIRECTION ( 'NONE',  ( 0.000000000000000000, -0.000000000000000000, 1.000000000000000000 ) ) ;
#3574 = DIRECTION ( 'NONE',  ( -0.000000000000000000, -1.000000000000000000, -0.000000000000000000 ) ) ;
#3575 = VERTEX_POINT ( 'NONE', #3734 ) ;
#3576 = EDGE_CURVE ( 'NONE', #147, #1495, #2566, .T. ) ;
#3577 = EDGE_CURVE ( 'NONE', #3275, #1274, #454, .T. ) ;
#3578 = TOROIDAL_SURFACE ( 'NONE', #250, 0.2274999999999999800, 0.02749999999999999667 ) ;
#3579 = EDGE_LOOP ( 'NONE', ( #703, #3538, #3143, #1499 ) ) ;
#3580 = CARTESIAN_POINT ( 'NONE',  ( -0.6666666666666666297, 0.4949999999999999956, -1.089166666666665950 ) ) ;
#3581 = EDGE_CURVE ( 'NONE', #3080, #2581, #3136, .T. ) ;
#3582 = CARTESIAN_POINT ( 'NONE',  ( 0.7999999999999998224, 1.391537451385998825, 1.250000000000000444 ) ) ;
#3583 = SURFACE_SIDE_STYLE ('',( #1077 ) ) ;
#3584 = VERTEX_POINT ( 'NONE', #484 ) ;
#3585 = DIRECTION ( 'NONE',  ( 0.000000000000000000, 0.000000000000000000, 1.000000000000000000 ) ) ;
#3586 = EDGE_LOOP ( 'NONE', ( #2403, #169, #448, #2087 ) ) ;
#3587 = ORIENTED_EDGE ( 'NONE', *, *, #584, .F. ) ;
#3588 = LINE ( 'NONE', #3551, #153 ) ;
#3589 = CARTESIAN_POINT ( 'NONE',  ( 1.000000000000000000, 0.000000000000000000, -1.249999999999999556 ) ) ;
#3590 = DIRECTION ( 'NONE',  ( 0.000000000000000000, -0.000000000000000000, 1.000000000000000000 ) ) ;
#3591 = CARTESIAN_POINT ( 'NONE',  ( 0.2500000000000000000, 0.000000000000000000, -1.149999999999999911 ) ) ;
#3592 = DIRECTION ( 'NONE',  ( -1.000000000000000000, 0.000000000000000000, -4.641700778034424399E-16 ) ) ;
#3593 = FILL_AREA_STYLE_COLOUR ( '', #3396 ) ;
#3594 = VERTEX_POINT ( 'NONE', #217 ) ;
#3595 = DIRECTION ( 'NONE',  ( -1.000000000000000000, 0.000000000000000000, 0.000000000000000000 ) ) ;
#3596 = ORIENTED_EDGE ( 'NONE', *, *, #305, .F. ) ;
#3597 = DIRECTION ( 'NONE',  ( 0.000000000000000000, 1.000000000000000000, 0.000000000000000000 ) ) ;
#3598 = ADVANCED_FACE ( 'NONE', ( #1637 ), #1415, .F. ) ;
#3599 = EDGE_CURVE ( 'NONE', #1153, #1710, #300, .T. ) ;
#3600 = VECTOR ( 'NONE', #3217, 1000.000000000000000 ) ;
#3601 = CARTESIAN_POINT ( 'NONE',  ( -0.2500000000000000000, 0.000000000000000000, -0.3499999999999999778 ) ) ;
#3602 = EDGE_LOOP ( 'NONE', ( #3550, #707, #3146, #2353 ) ) ;
#3603 = ADVANCED_FACE ( 'NONE', ( #2025 ), #2840, .F. ) ;
#3604 = EDGE_CURVE ( 'NONE', #939, #904, #1044, .T. ) ;
#3605 = EDGE_LOOP ( 'NONE', ( #233, #1075, #3730, #1201 ) ) ;
#3606 = VECTOR ( 'NONE', #2292, 1000.000000000000000 ) ;
#3607 = VERTEX_POINT ( 'NONE', #3187 ) ;
#3608 = DIRECTION ( 'NONE',  ( 8.673617379884003918E-15, 0.000000000000000000, 1.000000000000000000 ) ) ;
#3609 = DIRECTION ( 'NONE',  ( 0.7071067811865464625, -0.000000000000000000, 0.7071067811865486830 ) ) ;
#3610 = CARTESIAN_POINT ( 'NONE',  ( 0.6666666666666666297, 0.4949999999999999956, -0.9166666666666662966 ) ) ;
#3611 = ORIENTED_EDGE ( 'NONE', *, *, #3576, .T. ) ;
#3612 = AXIS2_PLACEMENT_3D ( 'NONE', #1508, #61, #662 ) ;
#3613 = CARTESIAN_POINT ( 'NONE',  ( 0.6666666666666667407, 0.5000000000000000000, 0.9166666666666669627 ) ) ;
#3614 = ORIENTED_EDGE ( 'NONE', *, *, #2724, .F. ) ;
#3615 = DIRECTION ( 'NONE',  ( 0.000000000000000000, 0.000000000000000000, 1.000000000000000000 ) ) ;
#3616 = VERTEX_POINT ( 'NONE', #2884 ) ;
#3617 = CIRCLE ( 'NONE', #3036, 0.1333333333333336090 ) ;
#3618 = DIRECTION ( 'NONE',  ( -0.000000000000000000, 1.000000000000000000, 0.000000000000000000 ) ) ;
#3619 = DIRECTION ( 'NONE',  ( -1.182766006347823355E-16, -0.000000000000000000, -1.000000000000000000 ) ) ;
#3620 = VECTOR ( 'NONE', #3657, 1000.000000000000000 ) ;
#3621 = AXIS2_PLACEMENT_3D ( 'NONE', #1626, #740, #3140 ) ;
#3622 = VERTEX_POINT ( 'NONE', #2523 ) ;
#3623 = DIRECTION ( 'NONE',  ( -1.182766006347823355E-16, 0.000000000000000000, -1.000000000000000000 ) ) ;
#3624 = ORIENTED_EDGE ( 'NONE', *, *, #1358, .F. ) ;
#3625 = CIRCLE ( 'NONE', #3563, 0.3000000000000003775 ) ;
#3626 = VECTOR ( 'NONE', #3531, 1000.000000000000000 ) ;
#3627 = DIRECTION ( 'NONE',  ( 0.000000000000000000, -0.000000000000000000, -1.000000000000000000 ) ) ;
#3628 = EDGE_CURVE ( 'NONE', #3335, #3761, #447, .T. ) ;
#3629 = DIRECTION ( 'NONE',  ( 0.000000000000000000, -0.000000000000000000, 1.000000000000000000 ) ) ;
#3630 = EDGE_CURVE ( 'NONE', #2597, #3250, #2487, .T. ) ;
#3631 = CIRCLE ( 'NONE', #235, 0.1333333333333333870 ) ;
#3632 = ORIENTED_EDGE ( 'NONE', *, *, #2951, .F. ) ;
#3633 = DIRECTION ( 'NONE',  ( -0.000000000000000000, -1.000000000000000000, -0.000000000000000000 ) ) ;
#3634 = AXIS2_PLACEMENT_3D ( 'NONE', #1761, #1698, #2285 ) ;
#3635 = AXIS2_PLACEMENT_3D ( 'NONE', #3805, #3459, #1943 ) ;
#3636 = ORIENTED_EDGE ( 'NONE', *, *, #851, .F. ) ;
#3637 = ORIENTED_EDGE ( 'NONE', *, *, #3895, .F. ) ;
#3638 = CYLINDRICAL_SURFACE ( 'NONE', #2299, 0.2000000000000003164 ) ;
#3639 = DIRECTION ( 'NONE',  ( 0.000000000000000000, 0.000000000000000000, -1.000000000000000000 ) ) ;
#3640 = EDGE_LOOP ( 'NONE', ( #1851, #2234, #1845, #2267 ) ) ;
#3641 = CARTESIAN_POINT ( 'NONE',  ( 1.000000000000000000, 1.391537451385998825, -1.249999999999999556 ) ) ;
#3642 = FACE_OUTER_BOUND ( 'NONE', #3455, .T. ) ;
#3643 = DIRECTION ( 'NONE',  ( 1.000000000000000000, 0.000000000000000000, -0.000000000000000000 ) ) ;
#3644 =( NAMED_UNIT ( * ) PLANE_ANGLE_UNIT ( ) SI_UNIT ( $, .RADIAN. ) );
#3645 = ADVANCED_FACE ( 'NONE', ( #3463 ), #2847, .F. ) ;
#3646 = PLANE ( 'NONE',  #3826 ) ;
#3647 = EDGE_LOOP ( 'NONE', ( #1303, #295, #3784, #2594 ) ) ;
#3648 = CARTESIAN_POINT ( 'NONE',  ( -1.000000000000000000, 0.2199999999999999178, 1.049999999999999378 ) ) ;
#3649 =( NAMED_UNIT ( * ) SI_UNIT ( $, .STERADIAN. ) SOLID_ANGLE_UNIT ( ) );
#3650 = EDGE_CURVE ( 'NONE', #590, #2011, #1628, .T. ) ;
#3651 = ORIENTED_EDGE ( 'NONE', *, *, #520, .F. ) ;
#3652 = VERTEX_POINT ( 'NONE', #3107 ) ;
#3653 = VERTEX_POINT ( 'NONE', #2813 ) ;
#3654 = DIRECTION ( 'NONE',  ( -0.000000000000000000, 1.000000000000000000, -0.000000000000000000 ) ) ;
#3655 = DIRECTION ( 'NONE',  ( 0.000000000000000000, 0.000000000000000000, -1.000000000000000000 ) ) ;
#3656 = ORIENTED_EDGE ( 'NONE', *, *, #3664, .F. ) ;
#3657 = DIRECTION ( 'NONE',  ( 0.000000000000000000, 0.000000000000000000, -1.000000000000000000 ) ) ;
#3658 = CARTESIAN_POINT ( 'NONE',  ( 1.000000000000000000, 0.2199999999999999178, -0.9499999999999992895 ) ) ;
#3659 = AXIS2_PLACEMENT_3D ( 'NONE', #242, #2570, #2341 ) ;
#3660 = DIRECTION ( 'NONE',  ( 0.000000000000000000, 0.000000000000000000, 1.000000000000000000 ) ) ;
#3661 = EDGE_LOOP ( 'NONE', ( #742, #2052, #3162, #1705 ) ) ;
#3662 = VECTOR ( 'NONE', #2802, 1000.000000000000000 ) ;
#3663 = CARTESIAN_POINT ( 'NONE',  ( -0.6666666666666665186, 3.190075756488817582, 1.050000000000000488 ) ) ;
#3664 = EDGE_CURVE ( 'NONE', #3170, #1049, #2994, .T. ) ;
#3665 = PRESENTATION_STYLE_ASSIGNMENT (( #1570 ) ) ;
#3666 = DIRECTION ( 'NONE',  ( -1.000000000000000000, 0.000000000000000000, 1.626303258728256651E-16 ) ) ;
#3667 = VERTEX_POINT ( 'NONE', #2512 ) ;
#3668 = EDGE_CURVE ( 'NONE', #2528, #405, #155, .T. ) ;
#3669 = EDGE_CURVE ( 'NONE', #2214, #853, #918, .T. ) ;
#3670 = DIRECTION ( 'NONE',  ( 0.000000000000000000, 0.000000000000000000, 1.000000000000000000 ) ) ;
#3671 = VERTEX_POINT ( 'NONE', #203 ) ;
#3672 = CARTESIAN_POINT ( 'NONE',  ( -0.5499999999999990452, 0.2199999999999999178, 0.3499999999999999778 ) ) ;
#3673 = CARTESIAN_POINT ( 'NONE',  ( 1.000000000000000000, 0.4399999999999999467, -1.249999999999999556 ) ) ;
#3674 = ORIENTED_EDGE ( 'NONE', *, *, #1462, .F. ) ;
#3675 = CIRCLE ( 'NONE', #531, 0.02749999999999996197 ) ;
#3676 = VERTEX_POINT ( 'NONE', #1966 ) ;
#3677 = CARTESIAN_POINT ( 'NONE',  ( 1.000000000000000000, 1.391537451385998825, 1.249999999999999556 ) ) ;
#3678 = AXIS2_PLACEMENT_3D ( 'NONE', #428, #3412, #1981 ) ;
#3679 = DIRECTION ( 'NONE',  ( 1.000000000000000000, 0.000000000000000000, 0.000000000000000000 ) ) ;
#3680 = DIRECTION ( 'NONE',  ( 0.000000000000000000, -0.000000000000000000, 1.000000000000000000 ) ) ;
#3681 =( NAMED_UNIT ( * ) PLANE_ANGLE_UNIT ( ) SI_UNIT ( $, .RADIAN. ) );
#3682 = ORIENTED_EDGE ( 'NONE', *, *, #960, .T. ) ;
#3683 = CARTESIAN_POINT ( 'NONE',  ( 1.000000000000000000, 0.2199999999999999178, 1.249999999999999556 ) ) ;
#3684 = PRESENTATION_LAYER_ASSIGNMENT (  '', '', ( #1664 ) ) ;
#3685 = CARTESIAN_POINT ( 'NONE',  ( -1.000000000000000000, 0.000000000000000000, 1.249999999999999556 ) ) ;
#3686 = AXIS2_PLACEMENT_3D ( 'NONE', #2556, #3781, #3723 ) ;
#3687 = VECTOR ( 'NONE', #1713, 1000.000000000000000 ) ;
#3688 = DIRECTION ( 'NONE',  ( 0.000000000000000000, 0.000000000000000000, -1.000000000000000000 ) ) ;
#3689 = ORIENTED_EDGE ( 'NONE', *, *, #3445, .T. ) ;
#3690 = VECTOR ( 'NONE', #2625, 1000.000000000000000 ) ;
#3691 = CARTESIAN_POINT ( 'NONE',  ( -0.2500000000000000000, 1.391537451385998825, -0.3499999999999999778 ) ) ;
#3692 = CIRCLE ( 'NONE', #3031, 0.05000000000000002359 ) ;
#3693 = EDGE_CURVE ( 'NONE', #216, #3330, #3171, .T. ) ;
#3694 = DIRECTION ( 'NONE',  ( 0.7071067811865441310, -0.000000000000000000, 0.7071067811865507924 ) ) ;
#3695 = LINE ( 'NONE', #1576, #3167 ) ;
#3696 = ORIENTED_EDGE ( 'NONE', *, *, #2610, .F. ) ;
#3697 = FACE_OUTER_BOUND ( 'NONE', #537, .T. ) ;
#3698 = LINE ( 'NONE', #1249, #3620 ) ;
#3699 = ORIENTED_EDGE ( 'NONE', *, *, #64, .F. ) ;
#3700 = ORIENTED_EDGE ( 'NONE', *, *, #3198, .T. ) ;
#3701 = CARTESIAN_POINT ( 'NONE',  ( 0.6999999999999996225, 0.000000000000000000, -1.249999999999999556 ) ) ;
#3702 = DIRECTION ( 'NONE',  ( -0.7071067811865464625, 0.000000000000000000, -0.7071067811865486830 ) ) ;
#3703 = EDGE_LOOP ( 'NONE', ( #2430, #3172, #3536, #2182 ) ) ;
#3704 = AXIS2_PLACEMENT_3D ( 'NONE', #1012, #3481, #3216 ) ;
#3705 = DIRECTION ( 'NONE',  ( -0.000000000000000000, -1.000000000000000000, -0.000000000000000000 ) ) ;
#3706 = SURFACE_STYLE_USAGE ( .BOTH. , #679 ) ;
#3707 = LINE ( 'NONE', #1832, #1538 ) ;
#3708 = ORIENTED_EDGE ( 'NONE', *, *, #13, .F. ) ;
#3709 = FACE_OUTER_BOUND ( 'NONE', #2982, .T. ) ;
#3710 = ORIENTED_EDGE ( 'NONE', *, *, #3759, .T. ) ;
#3711 = DIRECTION ( 'NONE',  ( 0.000000000000000000, 0.000000000000000000, -1.000000000000000000 ) ) ;
#3712 = EDGE_CURVE ( 'NONE', #853, #3756, #249, .T. ) ;
#3713 = VERTEX_POINT ( 'NONE', #2055 ) ;
#3714 = DIRECTION ( 'NONE',  ( 0.000000000000000000, 0.000000000000000000, -1.000000000000000000 ) ) ;
#3715 = CYLINDRICAL_SURFACE ( 'NONE', #2591, 0.3000000000000003775 ) ;
#3716 = VERTEX_POINT ( 'NONE', #2577 ) ;
#3717 = FACE_OUTER_BOUND ( 'NONE', #1434, .T. ) ;
#3718 = CARTESIAN_POINT ( 'NONE',  ( -1.000000000000000000, 3.641562118716424212, 1.250000000000000444 ) ) ;
#3719 = CLOSED_SHELL ( 'NONE', ( #44, #3009, #1300, #852, #2349, #1166, #2795, #891, #1319, #567, #693, #2843, #1408, #2100, #2457, #2555, #107, #3847 ) ) ;
#3720 = EDGE_CURVE ( 'NONE', #446, #488, #1429, .T. ) ;
#3721 = DIRECTION ( 'NONE',  ( 0.000000000000000000, 0.000000000000000000, 1.000000000000000000 ) ) ;
#3722 = EDGE_LOOP ( 'NONE', ( #3315, #1542, #1561, #3097 ) ) ;
#3723 = DIRECTION ( 'NONE',  ( -0.000000000000000000, 0.000000000000000000, -1.000000000000000000 ) ) ;
#3724 = ORIENTED_EDGE ( 'NONE', *, *, #1117, .T. ) ;
#3725 = DIRECTION ( 'NONE',  ( 0.000000000000000000, -1.000000000000000000, 0.000000000000000000 ) ) ;
#3726 = ORIENTED_EDGE ( 'NONE', *, *, #2751, .F. ) ;
#3727 = CARTESIAN_POINT ( 'NONE',  ( -0.6666666666666665186, 0.4400000000000000022, 1.144166666666666998 ) ) ;
#3728 = ORIENTED_EDGE ( 'NONE', *, *, #1858, .F. ) ;
#3729 = CARTESIAN_POINT ( 'NONE',  ( 0.6666666666666667407, 0.5000000000000000000, 1.000000000000000666 ) ) ;
#3730 = ORIENTED_EDGE ( 'NONE', *, *, #3628, .T. ) ;
#3731 = CARTESIAN_POINT ( 'NONE',  ( 1.000000000000000000, 0.2199999999999999178, -1.049999999999999378 ) ) ;
#3732 = DIRECTION ( 'NONE',  ( 0.000000000000000000, 0.000000000000000000, 1.000000000000000000 ) ) ;
#3733 = ORIENTED_EDGE ( 'NONE', *, *, #145, .F. ) ;
#3734 = CARTESIAN_POINT ( 'NONE',  ( 0.7999999999999997113, 0.2200000000000003619, -1.250000000000000444 ) ) ;
#3735 = FACE_OUTER_BOUND ( 'NONE', #2001, .T. ) ;
#3736 = ORIENTED_EDGE ( 'NONE', *, *, #3556, .F. ) ;
#3737 = AXIS2_PLACEMENT_3D ( 'NONE', #1807, #1872, #3316 ) ;
#3738 = ADVANCED_FACE ( 'NONE', ( #1151 ), #2647, .F. ) ;
#3739 = EDGE_CURVE ( 'NONE', #610, #2232, #3533, .T. ) ;
#3740 = CARTESIAN_POINT ( 'NONE',  ( -0.6666666666666665186, 3.190075756488817582, 0.9166666666666671848 ) ) ;
#3741 = TOROIDAL_SURFACE ( 'NONE', #3559, 0.2274999999999999245, 0.02749999999999999667 ) ;
#3742 = DIRECTION ( 'NONE',  ( -0.000000000000000000, -1.000000000000000000, -0.000000000000000000 ) ) ;
#3743 = VERTEX_POINT ( 'NONE', #181 ) ;
#3744 = AXIS2_PLACEMENT_3D ( 'NONE', #493, #625, #3338 ) ;
#3745 = VERTEX_POINT ( 'NONE', #826 ) ;
#3746 = VECTOR ( 'NONE', #3549, 1000.000000000000000 ) ;
#3747 = VECTOR ( 'NONE', #2277, 1000.000000000000000 ) ;
#3748 = PLANE ( 'NONE',  #1025 ) ;
#3749 = ORIENTED_EDGE ( 'NONE', *, *, #3712, .F. ) ;
#3750 = LINE ( 'NONE', #3450, #137 ) ;
#3751 = VECTOR ( 'NONE', #2720, 1000.000000000000000 ) ;
#3752 = EDGE_LOOP ( 'NONE', ( #1359, #2097, #3452, #3406 ) ) ;
#3753 = VERTEX_POINT ( 'NONE', #2351 ) ;
#3754 = CARTESIAN_POINT ( 'NONE',  ( -1.000000000000000000, 0.000000000000000000, -0.9499999999999992895 ) ) ;
#3755 = DIRECTION ( 'NONE',  ( 1.182766006347823355E-16, -0.000000000000000000, 1.000000000000000000 ) ) ;
#3756 = VERTEX_POINT ( 'NONE', #788 ) ;
#3757 = CARTESIAN_POINT ( 'NONE',  ( -0.2500000000000000000, 0.000000000000000000, -1.149999999999999911 ) ) ;
#3758 = FACE_OUTER_BOUND ( 'NONE', #2422, .T. ) ;
#3759 = EDGE_CURVE ( 'NONE', #2024, #574, #3887, .T. ) ;
#3760 = CARTESIAN_POINT ( 'NONE',  ( 0.9000000000000000222, 0.2199999999999999178, -0.3500000000000000333 ) ) ;
#3761 = VERTEX_POINT ( 'NONE', #558 ) ;
#3762 = CARTESIAN_POINT ( 'NONE',  ( 1.000000000000000000, 0.2199999999999999178, 1.249999999999999556 ) ) ;
#3763 = VECTOR ( 'NONE', #2506, 1000.000000000000000 ) ;
#3764 = EDGE_CURVE ( 'NONE', #1947, #1460, #3490, .T. ) ;
#3765 = EDGE_CURVE ( 'NONE', #1904, #774, #1432, .T. ) ;
#3766 = ORIENTED_EDGE ( 'NONE', *, *, #519, .T. ) ;
#3767 = VECTOR ( 'NONE', #3702, 999.9999999999998863 ) ;
#3768 = DIRECTION ( 'NONE',  ( 0.000000000000000000, 1.000000000000000000, 0.000000000000000000 ) ) ;
#3769 = CARTESIAN_POINT ( 'NONE',  ( -1.000000000000000000, 0.4399999999999999467, 1.049999999999999600 ) ) ;
#3770 = CARTESIAN_POINT ( 'NONE',  ( -1.000000000000000000, 0.2200000000000003619, -1.049999999999999378 ) ) ;
#3771 = CARTESIAN_POINT ( 'NONE',  ( 0.9000000000000000222, 1.391537451385998825, -0.9671572875253802160 ) ) ;
#3772 = DIRECTION ( 'NONE',  ( -0.000000000000000000, -1.000000000000000000, -0.000000000000000000 ) ) ;
#3773 = ORIENTED_EDGE ( 'NONE', *, *, #2818, .F. ) ;
#3774 = CARTESIAN_POINT ( 'NONE',  ( -0.8000000000000001554, 0.5000000000000000000, -0.9166666666666657415 ) ) ;
#3775 = CARTESIAN_POINT ( 'NONE',  ( -0.2500000000000000000, 0.2199999999999999178, 1.149999999999999689 ) ) ;
#3776 = DIRECTION ( 'NONE',  ( -0.000000000000000000, 0.000000000000000000, 1.000000000000000000 ) ) ;
#3777 = ORIENTED_EDGE ( 'NONE', *, *, #1518, .F. ) ;
#3778 = CARTESIAN_POINT ( 'NONE',  ( 0.7171572875253804380, 0.2199999999999999178, 1.150000000000000133 ) ) ;
#3779 = CARTESIAN_POINT ( 'NONE',  ( 0.8941666666666665542, 0.4400000000000000022, -0.9166666666666662966 ) ) ;
#3780 = CARTESIAN_POINT ( 'NONE',  ( -0.2500000000000000000, 0.000000000000000000, -0.3499999999999999778 ) ) ;
#3781 = DIRECTION ( 'NONE',  ( 1.000000000000000000, 0.000000000000000000, -0.000000000000000000 ) ) ;
#3782 = ORIENTED_EDGE ( 'NONE', *, *, #2480, .T. ) ;
#3783 = CARTESIAN_POINT ( 'NONE',  ( 0.000000000000000000, 0.2200000000000000011, 0.000000000000000000 ) ) ;
#3784 = ORIENTED_EDGE ( 'NONE', *, *, #3895, .T. ) ;
#3785 = EDGE_CURVE ( 'NONE', #3433, #1400, #3836, .T. ) ;
#3786 = LINE ( 'NONE', #3837, #1228 ) ;
#3787 = AXIS2_PLACEMENT_3D ( 'NONE', #3410, #706, #2824 ) ;
#3788 = ORIENTED_EDGE ( 'NONE', *, *, #677, .F. ) ;
#3789 = ADVANCED_FACE ( 'NONE', ( #2894 ), #2665, .F. ) ;
#3790 = ADVANCED_FACE ( 'NONE', ( #3872 ), #2600, .T. ) ;
#3791 = PLANE ( 'NONE',  #1646 ) ;
#3792 = DIRECTION ( 'NONE',  ( 0.000000000000000000, -0.000000000000000000, 1.000000000000000000 ) ) ;
#3793 = DIRECTION ( 'NONE',  ( 0.000000000000000000, -1.000000000000000000, 0.000000000000000000 ) ) ;
#3794 = CARTESIAN_POINT ( 'NONE',  ( -0.2500000000000000000, 0.2199999999999999178, 1.149999999999999689 ) ) ;
#3795 = DIRECTION ( 'NONE',  ( -0.000000000000000000, -1.000000000000000000, -0.000000000000000000 ) ) ;
#3796 = EDGE_LOOP ( 'NONE', ( #2071, #3689, #1490, #622 ) ) ;
#3797 = DIRECTION ( 'NONE',  ( 0.000000000000000000, -0.000000000000000000, 1.000000000000000000 ) ) ;
#3798 = SURFACE_STYLE_USAGE ( .BOTH. , #1057 ) ;
#3799 = DIRECTION ( 'NONE',  ( -0.000000000000000000, -0.000000000000000000, 1.000000000000000000 ) ) ;
#3800 = ORIENTED_EDGE ( 'NONE', *, *, #3327, .F. ) ;
#3801 = ORIENTED_EDGE ( 'NONE', *, *, #12, .T. ) ;
#3802 = ORIENTED_EDGE ( 'NONE', *, *, #3419, .F. ) ;
#3803 = DIRECTION ( 'NONE',  ( -1.000000000000000000, 0.000000000000000000, 0.000000000000000000 ) ) ;
#3804 = VECTOR ( 'NONE', #3655, 1000.000000000000000 ) ;
#3805 = CARTESIAN_POINT ( 'NONE',  ( -1.000000000000000000, 0.4400000000000000022, 1.249999999999999556 ) ) ;
#3806 = VECTOR ( 'NONE', #1122, 1000.000000000000000 ) ;
#3807 = DIRECTION ( 'NONE',  ( -1.000000000000000000, -0.000000000000000000, -0.000000000000000000 ) ) ;
#3808 = DIRECTION ( 'NONE',  ( 0.000000000000000000, 0.000000000000000000, 1.000000000000000000 ) ) ;
#3809 = ORIENTED_EDGE ( 'NONE', *, *, #3785, .T. ) ;
#3810 = CARTESIAN_POINT ( 'NONE',  ( -0.2500000000000000000, 1.391537451385998825, -1.149999999999999911 ) ) ;
#3811 = CARTESIAN_POINT ( 'NONE',  ( 0.2500000000000000000, 0.2199999999999999178, 1.149999999999999911 ) ) ;
#3812 = AXIS2_PLACEMENT_3D ( 'NONE', #2501, #2486, #3714 ) ;
#3813 = VECTOR ( 'NONE', #644, 1000.000000000000000 ) ;
#3814 = EDGE_CURVE ( 'NONE', #3335, #590, #1544, .T. ) ;
#3815 = ORIENTED_EDGE ( 'NONE', *, *, #2081, .F. ) ;
#3816 = FACE_OUTER_BOUND ( 'NONE', #1021, .T. ) ;
#3817 = AXIS2_PLACEMENT_3D ( 'NONE', #952, #2156, #3353 ) ;
#3818 = CARTESIAN_POINT ( 'NONE',  ( -1.000000000000000000, 1.391537451385998825, -0.9499999999999992895 ) ) ;
#3819 = DIRECTION ( 'NONE',  ( 0.000000000000000000, -0.000000000000000000, 1.000000000000000000 ) ) ;
#3820 = DIRECTION ( 'NONE',  ( 0.000000000000000000, 1.000000000000000000, 0.000000000000000000 ) ) ;
#3821 = ADVANCED_FACE ( 'NONE', ( #516 ), #1716, .T. ) ;
#3822 = EDGE_CURVE ( 'NONE', #196, #2919, #2034, .T. ) ;
#3823 = VERTEX_POINT ( 'NONE', #1186 ) ;
#3824 = CARTESIAN_POINT ( 'NONE',  ( -1.000000000000000000, 1.391537451385998825, 1.249999999999999556 ) ) ;
#3825 = ORIENTED_EDGE ( 'NONE', *, *, #677, .T. ) ;
#3826 = AXIS2_PLACEMENT_3D ( 'NONE', #3309, #2699, #3573 ) ;
#3827 = AXIS2_PLACEMENT_3D ( 'NONE', #3043, #3061, #3379 ) ;
#3828 = DIRECTION ( 'NONE',  ( -0.000000000000000000, -1.000000000000000000, -0.000000000000000000 ) ) ;
#3829 = DIRECTION ( 'NONE',  ( 0.000000000000000000, 0.000000000000000000, 1.000000000000000000 ) ) ;
#3830 = VECTOR ( 'NONE', #2736, 1000.000000000000000 ) ;
#3831 = PLANE ( 'NONE',  #382 ) ;
#3832 = EDGE_CURVE ( 'NONE', #994, #3021, #2737, .T. ) ;
#3833 = CARTESIAN_POINT ( 'NONE',  ( 0.9000000000000000222, 0.2199999999999999178, -0.9671572875253802160 ) ) ;
#3834 = DIRECTION ( 'NONE',  ( 0.000000000000000000, 1.000000000000000000, 0.000000000000000000 ) ) ;
#3835 = DIRECTION ( 'NONE',  ( 0.000000000000000000, 0.000000000000000000, -1.000000000000000000 ) ) ;
#3836 = LINE ( 'NONE', #1739, #239 ) ;
#3837 = CARTESIAN_POINT ( 'NONE',  ( -0.2500000000000000000, 0.000000000000000000, 0.6500000000000019096 ) ) ;
#3838 = LINE ( 'NONE', #1133, #3606 ) ;
#3839 = ORIENTED_EDGE ( 'NONE', *, *, #2819, .T. ) ;
#3840 = CARTESIAN_POINT ( 'NONE',  ( -0.8000000000000001554, 3.190075756488817582, -0.9166666666666657415 ) ) ;
#3841 = CARTESIAN_POINT ( 'NONE',  ( -0.2500000000000000000, 1.391537451385998825, 1.149999999999999911 ) ) ;
#3842 = ORIENTED_EDGE ( 'NONE', *, *, #3153, .T. ) ;
#3843 = ORIENTED_EDGE ( 'NONE', *, *, #3077, .T. ) ;
#3844 = CARTESIAN_POINT ( 'NONE',  ( -0.9000000000000000222, 0.000000000000000000, -0.9671572875253802160 ) ) ;
#3845 = EDGE_LOOP ( 'NONE', ( #2266, #1758, #1750, #2128 ) ) ;
#3846 = CARTESIAN_POINT ( 'NONE',  ( -0.9000000000000000222, 0.2199999999999999178, -0.9671572875253802160 ) ) ;
#3847 = ADVANCED_FACE ( 'NONE', ( #25 ), #1995, .T. ) ;
#3848 = DIRECTION ( 'NONE',  ( -0.000000000000000000, -0.000000000000000000, 1.000000000000000000 ) ) ;
#3849 = ORIENTED_EDGE ( 'NONE', *, *, #2288, .F. ) ;
#3850 = CARTESIAN_POINT ( 'NONE',  ( -0.2500000000000000000, 0.000000000000000000, -1.149999999999999911 ) ) ;
#3851 = ADVANCED_FACE ( 'NONE', ( #922 ), #106, .T. ) ;
#3852 = FACE_OUTER_BOUND ( 'NONE', #1647, .T. ) ;
#3853 = EDGE_CURVE ( 'NONE', #2103, #1414, #318, .T. ) ;
#3854 = LINE ( 'NONE', #3554, #661 ) ;
#3855 = CARTESIAN_POINT ( 'NONE',  ( 0.2500000000000000000, 0.2199999999999999178, 0.3499999999999999778 ) ) ;
#3856 = AXIS2_PLACEMENT_3D ( 'NONE', #2326, #822, #2093 ) ;
#3857 = VERTEX_POINT ( 'NONE', #48 ) ;
#3858 = EDGE_LOOP ( 'NONE', ( #1155, #2975, #3137, #1781 ) ) ;
#3859 = AXIS2_PLACEMENT_3D ( 'NONE', #1030, #2256, #1306 ) ;
#3860 = DIRECTION ( 'NONE',  ( 0.000000000000000000, -1.000000000000000000, 0.000000000000000000 ) ) ;
#3861 = VERTEX_POINT ( 'NONE', #2992 ) ;
#3862 = EDGE_LOOP ( 'NONE', ( #2543, #3749, #3126, #827, #3773, #1472, #562, #3479 ) ) ;
#3863 = DIRECTION ( 'NONE',  ( -0.000000000000000000, -1.000000000000000000, -0.000000000000000000 ) ) ;
#3864 = CARTESIAN_POINT ( 'NONE',  ( -1.000000000000000000, 0.4399999999999999467, -1.249999999999999556 ) ) ;
#3865 = EDGE_CURVE ( 'NONE', #1400, #2203, #2074, .T. ) ;
#3866 = VERTEX_POINT ( 'NONE', #2420 ) ;
#3867 = CARTESIAN_POINT ( 'NONE',  ( 0.6666666666666666297, 0.5000000000000000000, -1.000000000000000000 ) ) ;
#3868 = PRODUCT_DEFINITION_SHAPE ( 'NONE', 'NONE',  #3024 ) ;
#3869 = ADVANCED_FACE ( 'NONE', ( #2974 ), #3291, .T. ) ;
#3870 = CARTESIAN_POINT ( 'NONE',  ( 0.8666666666666666963, 0.4675000000000000266, 0.9166666666666669627 ) ) ;
#3871 = EDGE_CURVE ( 'NONE', #1961, #699, #3340, .T. ) ;
#3872 = FACE_OUTER_BOUND ( 'NONE', #381, .T. ) ;
#3873 = ORIENTED_EDGE ( 'NONE', *, *, #3374, .T. ) ;
#3874 = VECTOR ( 'NONE', #1115, 1000.000000000000000 ) ;
#3875 = EDGE_CURVE ( 'NONE', #275, #3011, #3260, .T. ) ;
#3876 = EDGE_LOOP ( 'NONE', ( #765, #667, #290, #1614 ) ) ;
#3877 = AXIS2_PLACEMENT_3D ( 'NONE', #1485, #2022, #2336 ) ;
#3878 = EDGE_LOOP ( 'NONE', ( #896, #3567, #2905, #307 ) ) ;
#3879 = CARTESIAN_POINT ( 'NONE',  ( 1.000000000000000000, 0.2199999999999999178, -1.249999999999999556 ) ) ;
#3880 = DIRECTION ( 'NONE',  ( 1.000000000000000000, -0.000000000000000000, -4.878909776184769953E-16 ) ) ;
#3881 =( GEOMETRIC_REPRESENTATION_CONTEXT ( 3 ) GLOBAL_UNCERTAINTY_ASSIGNED_CONTEXT ( ( #2111 ) ) GLOBAL_UNIT_ASSIGNED_CONTEXT ( ( #1239, #3644, #936 ) ) REPRESENTATION_CONTEXT ( 'NONE', 'WORKASPACE' ) );
#3882 = FILL_AREA_STYLE ('',( #3281 ) ) ;
#3883 = ORIENTED_EDGE ( 'NONE', *, *, #3348, .T. ) ;
#3884 = CIRCLE ( 'NONE', #2544, 0.02749999999999996197 ) ;
#3885 = VERTEX_POINT ( 'NONE', #1829 ) ;
#3886 = PLANE ( 'NONE',  #41 ) ;
#3887 = CIRCLE ( 'NONE', #2177, 0.08333333333333370341 ) ;
#3888 = DIRECTION ( 'NONE',  ( -0.000000000000000000, -1.000000000000000000, -0.000000000000000000 ) ) ;
#3889 = PLANE ( 'NONE',  #1231 ) ;
#3890 = CARTESIAN_POINT ( 'NONE',  ( -0.2500000000000000000, 0.2199999999999999178, 1.149999999999999911 ) ) ;
#3891 = EDGE_CURVE ( 'NONE', #1505, #1616, #1794, .T. ) ;
#3892 = EDGE_CURVE ( 'NONE', #2697, #1725, #3006, .T. ) ;
#3893 = ORIENTED_EDGE ( 'NONE', *, *, #3129, .T. ) ;
#3894 = EDGE_CURVE ( 'NONE', #610, #372, #1046, .T. ) ;
#3895 = EDGE_CURVE ( 'NONE', #434, #1290, #360, .T. ) ;
#3896 = AXIS2_PLACEMENT_3D ( 'NONE', #663, #2806, #2453 ) ;
#3897 = VERTEX_POINT ( 'NONE', #3591 ) ;
#3898 = DIRECTION ( 'NONE',  ( 0.000000000000000000, 1.000000000000000000, 0.000000000000000000 ) ) ;
#3899 = LINE ( 'NONE', #2121, #462 ) ;
#3900 = ORIENTED_EDGE ( 'NONE', *, *, #2554, .T. ) ;
#3901 = ORIENTED_EDGE ( 'NONE', *, *, #3218, .T. ) ;
ENDSEC;
END-ISO-10303-21;
